run_slug,cell_id,repeat,execution,reference_manifest,current_manifest,first_feature_timestamp_ns,initialization_log_count,first_initialization_ros_time_s,initialization_log_delay_s,first_vio_timestamp_ns,first_vio_delay_s,timing_boundary,status,semantic_keys,semantic_differences_json,executable_lookup_json,reference_manifest_sha256,current_manifest_sha256,boundary
a09_6000_6800,klt,1,REUSED_FROZEN_V2_REPLAY,/media/ma/Data/AQUA-FE_WS_storage_offload/frontend_coverage_monotone_router_v2/backend_replays/a09_6000_6800/klt/repeat1/vins_env_manifest.txt,/media/ma/Data/AQUA-FE_WS_storage_offload/frontend_coverage_monotone_router_v2/backend_replays/a09_6000_6800/klt/repeat1/vins_env_manifest.txt,1542889046071847024,1,1542889047.417223254,1.3453762531280518,1542889047271770880,1.199923856,Initialization log uses replay ROS clock; first VIO pose uses sensor timestamp. Neither is a per-ID residual receipt.,PASS,35,{},"{""rosbag"": [""/opt/ros/noetic/bin/rosbag"", ""/opt/ros/noetic/bin/rosbag""], ""roscore"": [""/opt/ros/noetic/bin/roscore"", ""/opt/ros/noetic/bin/roscore""], ""python3"": [""/usr/bin/python3"", ""/usr/bin/python3""]}",cfa13bce7d2d7d475c22f2e527f73d80b7c950dac5b9710c976d3e7247dd7574,cfa13bce7d2d7d475c22f2e527f73d80b7c950dac5b9710c976d3e7247dd7574,Recorded settings and present executable lookup; not a claim that transient PATH text or ROS port is byte-identical.
a09_6000_6800,klt,2,REUSED_FROZEN_V2_REPLAY,/media/ma/Data/AQUA-FE_WS_storage_offload/frontend_coverage_monotone_router_v2/backend_replays/a09_6000_6800/klt/repeat2/vins_env_manifest.txt,/media/ma/Data/AQUA-FE_WS_storage_offload/frontend_coverage_monotone_router_v2/backend_replays/a09_6000_6800/klt/repeat2/vins_env_manifest.txt,1542889046071847024,1,1542889047.419600703,1.3477537631988525,1542889047271770880,1.199923856,Initialization log uses replay ROS clock; first VIO pose uses sensor timestamp. Neither is a per-ID residual receipt.,PASS,35,{},"{""rosbag"": [""/opt/ros/noetic/bin/rosbag"", ""/opt/ros/noetic/bin/rosbag""], ""roscore"": [""/opt/ros/noetic/bin/roscore"", ""/opt/ros/noetic/bin/roscore""], ""python3"": [""/usr/bin/python3"", ""/usr/bin/python3""]}",b3598c7dcc8c31d680c8e978c4fa63734c79f0e7f64ee1c225f31a825c75ff57,b3598c7dcc8c31d680c8e978c4fa63734c79f0e7f64ee1c225f31a825c75ff57,Recorded settings and present executable lookup; not a claim that transient PATH text or ROS port is byte-identical.
a09_6000_6800,klt,3,REUSED_FROZEN_V2_REPLAY,/media/ma/Data/AQUA-FE_WS_storage_offload/frontend_coverage_monotone_router_v2/backend_replays/a09_6000_6800/klt/repeat3/vins_env_manifest.txt,/media/ma/Data/AQUA-FE_WS_storage_offload/frontend_coverage_monotone_router_v2/backend_replays/a09_6000_6800/klt/repeat3/vins_env_manifest.txt,1542889046071847024,1,1542889047.427358563,1.3555116653442383,1542889047271770880,1.199923856,Initialization log uses replay ROS clock; first VIO pose uses sensor timestamp. Neither is a per-ID residual receipt.,PASS,35,{},"{""rosbag"": [""/opt/ros/noetic/bin/rosbag"", ""/opt/ros/noetic/bin/rosbag""], ""roscore"": [""/opt/ros/noetic/bin/roscore"", ""/opt/ros/noetic/bin/roscore""], ""python3"": [""/usr/bin/python3"", ""/usr/bin/python3""]}",b078c2c34686931b4acb0c8c6ca620c6d6b74b4a7a7d2054b543b92c149e041f,b078c2c34686931b4acb0c8c6ca620c6d6b74b4a7a7d2054b543b92c149e041f,Recorded settings and present executable lookup; not a claim that transient PATH text or ROS port is byte-identical.
a02_0_900,klt,1,REUSED_FROZEN_V2_REPLAY,/media/ma/Data/AQUA-FE_WS_storage_offload/frontend_coverage_monotone_router_v2/backend_replays/a02_0_900/klt/repeat1/vins_env_manifest.txt,/media/ma/Data/AQUA-FE_WS_storage_offload/frontend_coverage_monotone_router_v2/backend_replays/a02_0_900/klt/repeat1/vins_env_manifest.txt,1542828791787420320,1,1542828794.798945878,3.0115253925323486,1542828794685281536,2.897861216,Initialization log uses replay ROS clock; first VIO pose uses sensor timestamp. Neither is a per-ID residual receipt.,PASS,35,{},"{""rosbag"": [""/opt/ros/noetic/bin/rosbag"", ""/opt/ros/noetic/bin/rosbag""], ""roscore"": [""/opt/ros/noetic/bin/roscore"", ""/opt/ros/noetic/bin/roscore""], ""python3"": [""/usr/bin/python3"", ""/usr/bin/python3""]}",67e3f2080135ff06226d26f81a539f843a796eab9325fd3a18192ec62af59d81,67e3f2080135ff06226d26f81a539f843a796eab9325fd3a18192ec62af59d81,Recorded settings and present executable lookup; not a claim that transient PATH text or ROS port is byte-identical.
a02_0_900,klt,2,REUSED_FROZEN_V2_REPLAY,/media/ma/Data/AQUA-FE_WS_storage_offload/frontend_coverage_monotone_router_v2/backend_replays/a02_0_900/klt/repeat2/vins_env_manifest.txt,/media/ma/Data/AQUA-FE_WS_storage_offload/frontend_coverage_monotone_router_v2/backend_replays/a02_0_900/klt/repeat2/vins_env_manifest.txt,1542828791787420320,1,1542828794.798514318,3.011093854904175,1542828794685281536,2.897861216,Initialization log uses replay ROS clock; first VIO pose uses sensor timestamp. Neither is a per-ID residual receipt.,PASS,35,{},"{""rosbag"": [""/opt/ros/noetic/bin/rosbag"", ""/opt/ros/noetic/bin/rosbag""], ""roscore"": [""/opt/ros/noetic/bin/roscore"", ""/opt/ros/noetic/bin/roscore""], ""python3"": [""/usr/bin/python3"", ""/usr/bin/python3""]}",b1168cde4b39a778d7446781fda5cb81d24d441e79f14d0d2b48cc3c979ba5e5,b1168cde4b39a778d7446781fda5cb81d24d441e79f14d0d2b48cc3c979ba5e5,Recorded settings and present executable lookup; not a claim that transient PATH text or ROS port is byte-identical.
a02_0_900,klt,3,REUSED_FROZEN_V2_REPLAY,/media/ma/Data/AQUA-FE_WS_storage_offload/frontend_coverage_monotone_router_v2/backend_replays/a02_0_900/klt/repeat3/vins_env_manifest.txt,/media/ma/Data/AQUA-FE_WS_storage_offload/frontend_coverage_monotone_router_v2/backend_replays/a02_0_900/klt/repeat3/vins_env_manifest.txt,1542828791787420320,1,1542828794.798784549,3.011363983154297,1542828794685281536,2.897861216,Initialization log uses replay ROS clock; first VIO pose uses sensor timestamp. Neither is a per-ID residual receipt.,PASS,35,{},"{""rosbag"": [""/opt/ros/noetic/bin/rosbag"", ""/opt/ros/noetic/bin/rosbag""], ""roscore"": [""/opt/ros/noetic/bin/roscore"", ""/opt/ros/noetic/bin/roscore""], ""python3"": [""/usr/bin/python3"", ""/usr/bin/python3""]}",aea1e93837ba455613c90affce464e91e18f7bd155701b27c2fbb4d39d450069,aea1e93837ba455613c90affce464e91e18f7bd155701b27c2fbb4d39d450069,Recorded settings and present executable lookup; not a claim that transient PATH text or ROS port is byte-identical.
afrl_bus_s180_d045,klt,1,REUSED_FROZEN_V2_REPLAY,/media/ma/Data/AQUA-FE_WS_storage_offload/frontend_coverage_monotone_router_v2/backend_replays/afrl_bus_s180_d045/klt/repeat1/vins_env_manifest.txt,/media/ma/Data/AQUA-FE_WS_storage_offload/frontend_coverage_monotone_router_v2/backend_replays/afrl_bus_s180_d045/klt/repeat1/vins_env_manifest.txt,1494876659795710199,1,1494876662.490302028,2.694591760635376,1494876662027668224,2.231958025,Initialization log uses replay ROS clock; first VIO pose uses sensor timestamp. Neither is a per-ID residual receipt.,PASS,35,{},"{""rosbag"": [""/opt/ros/noetic/bin/rosbag"", ""/opt/ros/noetic/bin/rosbag""], ""roscore"": [""/opt/ros/noetic/bin/roscore"", ""/opt/ros/noetic/bin/roscore""], ""python3"": [""/usr/bin/python3"", ""/usr/bin/python3""]}",82d35c20df3749c00ef232ebfb94b9231d0b79d4e1fe7b0b0dd6f4f4e7c17508,82d35c20df3749c00ef232ebfb94b9231d0b79d4e1fe7b0b0dd6f4f4e7c17508,Recorded settings and present executable lookup; not a claim that transient PATH text or ROS port is byte-identical.
afrl_bus_s180_d045,klt,2,REUSED_FROZEN_V2_REPLAY,/media/ma/Data/AQUA-FE_WS_storage_offload/frontend_coverage_monotone_router_v2/backend_replays/afrl_bus_s180_d045/klt/repeat2/vins_env_manifest.txt,/media/ma/Data/AQUA-FE_WS_storage_offload/frontend_coverage_monotone_router_v2/backend_replays/afrl_bus_s180_d045/klt/repeat2/vins_env_manifest.txt,1494876659795710199,1,1494876662.480126384,2.6844160556793213,1494876662027668224,2.231958025,Initialization log uses replay ROS clock; first VIO pose uses sensor timestamp. Neither is a per-ID residual receipt.,PASS,35,{},"{""rosbag"": [""/opt/ros/noetic/bin/rosbag"", ""/opt/ros/noetic/bin/rosbag""], ""roscore"": [""/opt/ros/noetic/bin/roscore"", ""/opt/ros/noetic/bin/roscore""], ""python3"": [""/usr/bin/python3"", ""/usr/bin/python3""]}",59775afdaaea13f82cc0acfd029953a898564ae31264cc515090d1969f4f310e,59775afdaaea13f82cc0acfd029953a898564ae31264cc515090d1969f4f310e,Recorded settings and present executable lookup; not a claim that transient PATH text or ROS port is byte-identical.
afrl_bus_s180_d045,klt,3,REUSED_FROZEN_V2_REPLAY,/media/ma/Data/AQUA-FE_WS_storage_offload/frontend_coverage_monotone_router_v2/backend_replays/afrl_bus_s180_d045/klt/repeat3/vins_env_manifest.txt,/media/ma/Data/AQUA-FE_WS_storage_offload/frontend_coverage_monotone_router_v2/backend_replays/afrl_bus_s180_d045/klt/repeat3/vins_env_manifest.txt,1494876659795710199,1,1494876662.480257625,2.684547185897827,1494876662027668224,2.231958025,Initialization log uses replay ROS clock; first VIO pose uses sensor timestamp. Neither is a per-ID residual receipt.,PASS,35,{},"{""rosbag"": [""/opt/ros/noetic/bin/rosbag"", ""/opt/ros/noetic/bin/rosbag""], ""roscore"": [""/opt/ros/noetic/bin/roscore"", ""/opt/ros/noetic/bin/roscore""], ""python3"": [""/usr/bin/python3"", ""/usr/bin/python3""]}",eecb47951f2a451a18353ad95eb87a0978fd4f279256dfee17170925641552e7,eecb47951f2a451a18353ad95eb87a0978fd4f279256dfee17170925641552e7,Recorded settings and present executable lookup; not a claim that transient PATH text or ROS port is byte-identical.
a08_2700_3600,klt,1,REUSED_FROZEN_V2_REPLAY,/media/ma/Data/AQUA-FE_WS_storage_offload/frontend_coverage_monotone_router_v2/backend_replays/a08_2700_3600/klt/repeat1/vins_env_manifest.txt,/media/ma/Data/AQUA-FE_WS_storage_offload/frontend_coverage_monotone_router_v2/backend_replays/a08_2700_3600/klt/repeat1/vins_env_manifest.txt,1542885096173673520,1,1542885097.328384726,1.1547112464904785,1542885097172932864,0.999259344,Initialization log uses replay ROS clock; first VIO pose uses sensor timestamp. Neither is a per-ID residual receipt.,PASS,35,{},"{""rosbag"": [""/opt/ros/noetic/bin/rosbag"", ""/opt/ros/noetic/bin/rosbag""], ""roscore"": [""/opt/ros/noetic/bin/roscore"", ""/opt/ros/noetic/bin/roscore""], ""python3"": [""/usr/bin/python3"", ""/usr/bin/python3""]}",99ba48a468c60611dc1b726a5e7752cfbb62b34e0d65f6585afad8ed2329230c,99ba48a468c60611dc1b726a5e7752cfbb62b34e0d65f6585afad8ed2329230c,Recorded settings and present executable lookup; not a claim that transient PATH text or ROS port is byte-identical.
a08_2700_3600,klt,2,REUSED_FROZEN_V2_REPLAY,/media/ma/Data/AQUA-FE_WS_storage_offload/frontend_coverage_monotone_router_v2/backend_replays/a08_2700_3600/klt/repeat2/vins_env_manifest.txt,/media/ma/Data/AQUA-FE_WS_storage_offload/frontend_coverage_monotone_router_v2/backend_replays/a08_2700_3600/klt/repeat2/vins_env_manifest.txt,1542885096173673520,1,1542885097.328364778,1.154691457748413,1542885097172932864,0.999259344,Initialization log uses replay ROS clock; first VIO pose uses sensor timestamp. Neither is a per-ID residual receipt.,PASS,35,{},"{""rosbag"": [""/opt/ros/noetic/bin/rosbag"", ""/opt/ros/noetic/bin/rosbag""], ""roscore"": [""/opt/ros/noetic/bin/roscore"", ""/opt/ros/noetic/bin/roscore""], ""python3"": [""/usr/bin/python3"", ""/usr/bin/python3""]}",0361b94dc8ce7bbe3fb709144af3afd71da280a900bae443433fc2a5f03ae349,0361b94dc8ce7bbe3fb709144af3afd71da280a900bae443433fc2a5f03ae349,Recorded settings and present executable lookup; not a claim that transient PATH text or ROS port is byte-identical.
a08_2700_3600,klt,3,REUSED_FROZEN_V2_REPLAY,/media/ma/Data/AQUA-FE_WS_storage_offload/frontend_coverage_monotone_router_v2/backend_replays/a08_2700_3600/klt/repeat3/vins_env_manifest.txt,/media/ma/Data/AQUA-FE_WS_storage_offload/frontend_coverage_monotone_router_v2/backend_replays/a08_2700_3600/klt/repeat3/vins_env_manifest.txt,1542885096173673520,1,1542885097.318407934,1.1447346210479736,1542885097172932864,0.999259344,Initialization log uses replay ROS clock; first VIO pose uses sensor timestamp. Neither is a per-ID residual receipt.,PASS,35,{},"{""rosbag"": [""/opt/ros/noetic/bin/rosbag"", ""/opt/ros/noetic/bin/rosbag""], ""roscore"": [""/opt/ros/noetic/bin/roscore"", ""/opt/ros/noetic/bin/roscore""], ""python3"": [""/usr/bin/python3"", ""/usr/bin/python3""]}",4f9aa9844e1492af1b7dd59c44cbc6e9ffa676ca1b0274cd88fc0ecaa2c81b76,4f9aa9844e1492af1b7dd59c44cbc6e9ffa676ca1b0274cd88fc0ecaa2c81b76,Recorded settings and present executable lookup; not a claim that transient PATH text or ROS port is byte-identical.
afrl_cemetery_s135_d045,klt,1,REUSED_FROZEN_V2_REPLAY,/media/ma/Data/AQUA-FE_WS_storage_offload/frontend_coverage_monotone_router_v2/backend_replays/afrl_cemetery_s135_d045/klt/repeat1/vins_env_manifest.txt,/media/ma/Data/AQUA-FE_WS_storage_offload/frontend_coverage_monotone_router_v2/backend_replays/afrl_cemetery_s135_d045/klt/repeat1/vins_env_manifest.txt,1535224997049733199,1,1535224998.677373966,1.627640724182129,1535224998432792064,1.383058865,Initialization log uses replay ROS clock; first VIO pose uses sensor timestamp. Neither is a per-ID residual receipt.,PASS,35,{},"{""rosbag"": [""/opt/ros/noetic/bin/rosbag"", ""/opt/ros/noetic/bin/rosbag""], ""roscore"": [""/opt/ros/noetic/bin/roscore"", ""/opt/ros/noetic/bin/roscore""], ""python3"": [""/usr/bin/python3"", ""/usr/bin/python3""]}",d128f74d6d640dc6a5317f3b4b2dac3257f4652d4dd7636ec7cabac50754821c,d128f74d6d640dc6a5317f3b4b2dac3257f4652d4dd7636ec7cabac50754821c,Recorded settings and present executable lookup; not a claim that transient PATH text or ROS port is byte-identical.
afrl_cemetery_s135_d045,klt,2,REUSED_FROZEN_V2_REPLAY,/media/ma/Data/AQUA-FE_WS_storage_offload/frontend_coverage_monotone_router_v2/backend_replays/afrl_cemetery_s135_d045/klt/repeat2/vins_env_manifest.txt,/media/ma/Data/AQUA-FE_WS_storage_offload/frontend_coverage_monotone_router_v2/backend_replays/afrl_cemetery_s135_d045/klt/repeat2/vins_env_manifest.txt,1535224997049733199,1,1535224998.677242311,1.6275091171264648,1535224998432792064,1.383058865,Initialization log uses replay ROS clock; first VIO pose uses sensor timestamp. Neither is a per-ID residual receipt.,PASS,35,{},"{""rosbag"": [""/opt/ros/noetic/bin/rosbag"", ""/opt/ros/noetic/bin/rosbag""], ""roscore"": [""/opt/ros/noetic/bin/roscore"", ""/opt/ros/noetic/bin/roscore""], ""python3"": [""/usr/bin/python3"", ""/usr/bin/python3""]}",5cd86c4e45027ff2c4b3cc714d4df39d9658ed82240655c990353540c70097e3,5cd86c4e45027ff2c4b3cc714d4df39d9658ed82240655c990353540c70097e3,Recorded settings and present executable lookup; not a claim that transient PATH text or ROS port is byte-identical.
afrl_cemetery_s135_d045,klt,3,REUSED_FROZEN_V2_REPLAY,/media/ma/Data/AQUA-FE_WS_storage_offload/frontend_coverage_monotone_router_v2/backend_replays/afrl_cemetery_s135_d045/klt/repeat3/vins_env_manifest.txt,/media/ma/Data/AQUA-FE_WS_storage_offload/frontend_coverage_monotone_router_v2/backend_replays/afrl_cemetery_s135_d045/klt/repeat3/vins_env_manifest.txt,1535224997049733199,1,1535224998.677676634,1.627943515777588,1535224998432792064,1.383058865,Initialization log uses replay ROS clock; first VIO pose uses sensor timestamp. Neither is a per-ID residual receipt.,PASS,35,{},"{""rosbag"": [""/opt/ros/noetic/bin/rosbag"", ""/opt/ros/noetic/bin/rosbag""], ""roscore"": [""/opt/ros/noetic/bin/roscore"", ""/opt/ros/noetic/bin/roscore""], ""python3"": [""/usr/bin/python3"", ""/usr/bin/python3""]}",031a047aa90706f068c0bfaa1ae9a61e87f786068de1290e6bb2098256e8ca36,031a047aa90706f068c0bfaa1ae9a61e87f786068de1290e6bb2098256e8ca36,Recorded settings and present executable lookup; not a claim that transient PATH text or ROS port is byte-identical.
h07_0_1000,klt,1,REUSED_FROZEN_V2_REPLAY,/media/ma/Data/AQUA-FE_WS_storage_offload/frontend_coverage_monotone_router_v2/backend_replays/h07_0_1000/klt/repeat1/vins_env_manifest.txt,/media/ma/Data/AQUA-FE_WS_storage_offload/frontend_coverage_monotone_router_v2/backend_replays/h07_0_1000/klt/repeat1/vins_env_manifest.txt,1523387546173556704,1,1523387547.442322262,1.2687654495239258,1523387547274319872,1.100763168,Initialization log uses replay ROS clock; first VIO pose uses sensor timestamp. Neither is a per-ID residual receipt.,PASS,35,{},"{""rosbag"": [""/opt/ros/noetic/bin/rosbag"", ""/opt/ros/noetic/bin/rosbag""], ""roscore"": [""/opt/ros/noetic/bin/roscore"", ""/opt/ros/noetic/bin/roscore""], ""python3"": [""/usr/bin/python3"", ""/usr/bin/python3""]}",b3a40348ac4817212cc82b3519ece443e325e2506e910c7d95db2640b75ba173,b3a40348ac4817212cc82b3519ece443e325e2506e910c7d95db2640b75ba173,Recorded settings and present executable lookup; not a claim that transient PATH text or ROS port is byte-identical.
h07_0_1000,klt,2,REUSED_FROZEN_V2_REPLAY,/media/ma/Data/AQUA-FE_WS_storage_offload/frontend_coverage_monotone_router_v2/backend_replays/h07_0_1000/klt/repeat2/vins_env_manifest.txt,/media/ma/Data/AQUA-FE_WS_storage_offload/frontend_coverage_monotone_router_v2/backend_replays/h07_0_1000/klt/repeat2/vins_env_manifest.txt,1523387546173556704,1,1523387547.442172495,1.26861572265625,1523387547274319872,1.100763168,Initialization log uses replay ROS clock; first VIO pose uses sensor timestamp. Neither is a per-ID residual receipt.,PASS,35,{},"{""rosbag"": [""/opt/ros/noetic/bin/rosbag"", ""/opt/ros/noetic/bin/rosbag""], ""roscore"": [""/opt/ros/noetic/bin/roscore"", ""/opt/ros/noetic/bin/roscore""], ""python3"": [""/usr/bin/python3"", ""/usr/bin/python3""]}",867b358c9570ae1d239312c03c18ecbf1d89538b4161fd01da9d7e29c2d70ff8,867b358c9570ae1d239312c03c18ecbf1d89538b4161fd01da9d7e29c2d70ff8,Recorded settings and present executable lookup; not a claim that transient PATH text or ROS port is byte-identical.
h07_0_1000,klt,3,REUSED_FROZEN_V2_REPLAY,/media/ma/Data/AQUA-FE_WS_storage_offload/frontend_coverage_monotone_router_v2/backend_replays/h07_0_1000/klt/repeat3/vins_env_manifest.txt,/media/ma/Data/AQUA-FE_WS_storage_offload/frontend_coverage_monotone_router_v2/backend_replays/h07_0_1000/klt/repeat3/vins_env_manifest.txt,1523387546173556704,1,1523387547.442335315,1.2687785625457764,1523387547274319872,1.100763168,Initialization log uses replay ROS clock; first VIO pose uses sensor timestamp. Neither is a per-ID residual receipt.,PASS,35,{},"{""rosbag"": [""/opt/ros/noetic/bin/rosbag"", ""/opt/ros/noetic/bin/rosbag""], ""roscore"": [""/opt/ros/noetic/bin/roscore"", ""/opt/ros/noetic/bin/roscore""], ""python3"": [""/usr/bin/python3"", ""/usr/bin/python3""]}",fae16fa33416cd4c599ad38c64b54defcbe13b3fbb0034b6e350161b7cf8c6f9,fae16fa33416cd4c599ad38c64b54defcbe13b3fbb0034b6e350161b7cf8c6f9,Recorded settings and present executable lookup; not a claim that transient PATH text or ROS port is byte-identical.
a02_0_900,continuation_splg,1,NEW_ADMISSION_CONTINUATION_REPLAY,/media/ma/Data/AQUA-FE_WS_storage_offload/frontend_coverage_monotone_router_v2/backend_replays/a02_0_900/klt/repeat1/vins_env_manifest.txt,/media/ma/Data/AQUA-FE_WS_storage_offload/frontend_admission_continuation_v1/backend_replays/a02_0_900/continuation_splg/repeat1/vins_env_manifest.txt,1542828791787420320,1,1542828794.013450661,2.226030111312866,1542828793786838784,1.999418464,Initialization log uses replay ROS clock; first VIO pose uses sensor timestamp. Neither is a per-ID residual receipt.,PASS,35,{},"{""rosbag"": [""/opt/ros/noetic/bin/rosbag"", ""/opt/ros/noetic/bin/rosbag""], ""roscore"": [""/opt/ros/noetic/bin/roscore"", ""/opt/ros/noetic/bin/roscore""], ""python3"": [""/usr/bin/python3"", ""/usr/bin/python3""]}",67e3f2080135ff06226d26f81a539f843a796eab9325fd3a18192ec62af59d81,e6b994267a0fa2bd8f5d9ee5595ae4ed89ae518b9f3c61aa6a77ebf71cc15071,Recorded settings and present executable lookup; not a claim that transient PATH text or ROS port is byte-identical.
a02_0_900,continuation_splg,2,NEW_ADMISSION_CONTINUATION_REPLAY,/media/ma/Data/AQUA-FE_WS_storage_offload/frontend_coverage_monotone_router_v2/backend_replays/a02_0_900/klt/repeat2/vins_env_manifest.txt,/media/ma/Data/AQUA-FE_WS_storage_offload/frontend_admission_continuation_v1/backend_replays/a02_0_900/continuation_splg/repeat2/vins_env_manifest.txt,1542828791787420320,1,1542828794.014038189,2.2266175746917725,1542828793786838784,1.999418464,Initialization log uses replay ROS clock; first VIO pose uses sensor timestamp. Neither is a per-ID residual receipt.,PASS,35,{},"{""rosbag"": [""/opt/ros/noetic/bin/rosbag"", ""/opt/ros/noetic/bin/rosbag""], ""roscore"": [""/opt/ros/noetic/bin/roscore"", ""/opt/ros/noetic/bin/roscore""], ""python3"": [""/usr/bin/python3"", ""/usr/bin/python3""]}",b1168cde4b39a778d7446781fda5cb81d24d441e79f14d0d2b48cc3c979ba5e5,4b4984e666efe9c281fd54dcab73ba98a14bf97a57f38e56c6954f8a949e7b70,Recorded settings and present executable lookup; not a claim that transient PATH text or ROS port is byte-identical.
a02_0_900,continuation_splg,3,NEW_ADMISSION_CONTINUATION_REPLAY,/media/ma/Data/AQUA-FE_WS_storage_offload/frontend_coverage_monotone_router_v2/backend_replays/a02_0_900/klt/repeat3/vins_env_manifest.txt,/media/ma/Data/AQUA-FE_WS_storage_offload/frontend_admission_continuation_v1/backend_replays/a02_0_900/continuation_splg/repeat3/vins_env_manifest.txt,1542828791787420320,1,1542828794.013919468,2.22649884223938,1542828793786838784,1.999418464,Initialization log uses replay ROS clock; first VIO pose uses sensor timestamp. Neither is a per-ID residual receipt.,PASS,35,{},"{""rosbag"": [""/opt/ros/noetic/bin/rosbag"", ""/opt/ros/noetic/bin/rosbag""], ""roscore"": [""/opt/ros/noetic/bin/roscore"", ""/opt/ros/noetic/bin/roscore""], ""python3"": [""/usr/bin/python3"", ""/usr/bin/python3""]}",aea1e93837ba455613c90affce464e91e18f7bd155701b27c2fbb4d39d450069,f62d94ef3d3494c35307d6ed12a6edf8f948496ea41256be9ba4eaa3179e8ced,Recorded settings and present executable lookup; not a claim that transient PATH text or ROS port is byte-identical.
a02_0_900,matched_gftt_for_continuation_splg,1,NEW_ADMISSION_CONTINUATION_REPLAY,/media/ma/Data/AQUA-FE_WS_storage_offload/frontend_coverage_monotone_router_v2/backend_replays/a02_0_900/klt/repeat1/vins_env_manifest.txt,/media/ma/Data/AQUA-FE_WS_storage_offload/frontend_admission_continuation_v1/backend_replays/a02_0_900/matched_gftt_for_continuation_splg/repeat1/vins_env_manifest.txt,1542828791787420320,1,1542828794.013340877,2.2259204387664795,1542828793786838784,1.999418464,Initialization log uses replay ROS clock; first VIO pose uses sensor timestamp. Neither is a per-ID residual receipt.,PASS,35,{},"{""rosbag"": [""/opt/ros/noetic/bin/rosbag"", ""/opt/ros/noetic/bin/rosbag""], ""roscore"": [""/opt/ros/noetic/bin/roscore"", ""/opt/ros/noetic/bin/roscore""], ""python3"": [""/usr/bin/python3"", ""/usr/bin/python3""]}",67e3f2080135ff06226d26f81a539f843a796eab9325fd3a18192ec62af59d81,cd6731dc5bbf2961e795147d2da4ad54ed33c79c5a75e9db6c51a3c126f55d31,Recorded settings and present executable lookup; not a claim that transient PATH text or ROS port is byte-identical.
a02_0_900,matched_gftt_for_continuation_splg,2,NEW_ADMISSION_CONTINUATION_REPLAY,/media/ma/Data/AQUA-FE_WS_storage_offload/frontend_coverage_monotone_router_v2/backend_replays/a02_0_900/klt/repeat2/vins_env_manifest.txt,/media/ma/Data/AQUA-FE_WS_storage_offload/frontend_admission_continuation_v1/backend_replays/a02_0_900/matched_gftt_for_continuation_splg/repeat2/vins_env_manifest.txt,1542828791787420320,1,1542828794.003561865,2.21614146232605,1542828793786838784,1.999418464,Initialization log uses replay ROS clock; first VIO pose uses sensor timestamp. Neither is a per-ID residual receipt.,PASS,35,{},"{""rosbag"": [""/opt/ros/noetic/bin/rosbag"", ""/opt/ros/noetic/bin/rosbag""], ""roscore"": [""/opt/ros/noetic/bin/roscore"", ""/opt/ros/noetic/bin/roscore""], ""python3"": [""/usr/bin/python3"", ""/usr/bin/python3""]}",b1168cde4b39a778d7446781fda5cb81d24d441e79f14d0d2b48cc3c979ba5e5,608397ee70042eb548f9a2c3f895fa7dd126003e8f277bce9a0901fd1ca84ab9,Recorded settings and present executable lookup; not a claim that transient PATH text or ROS port is byte-identical.
a02_0_900,matched_gftt_for_continuation_splg,3,NEW_ADMISSION_CONTINUATION_REPLAY,/media/ma/Data/AQUA-FE_WS_storage_offload/frontend_coverage_monotone_router_v2/backend_replays/a02_0_900/klt/repeat3/vins_env_manifest.txt,/media/ma/Data/AQUA-FE_WS_storage_offload/frontend_admission_continuation_v1/backend_replays/a02_0_900/matched_gftt_for_continuation_splg/repeat3/vins_env_manifest.txt,1542828791787420320,1,1542828794.003567653,2.2161471843719482,1542828793786838784,1.999418464,Initialization log uses replay ROS clock; first VIO pose uses sensor timestamp. Neither is a per-ID residual receipt.,PASS,35,{},"{""rosbag"": [""/opt/ros/noetic/bin/rosbag"", ""/opt/ros/noetic/bin/rosbag""], ""roscore"": [""/opt/ros/noetic/bin/roscore"", ""/opt/ros/noetic/bin/roscore""], ""python3"": [""/usr/bin/python3"", ""/usr/bin/python3""]}",aea1e93837ba455613c90affce464e91e18f7bd155701b27c2fbb4d39d450069,672dafc176f0e45e6107b5ecf14acd3a5b7ab3252248a14baabc8221f13ee5c6,Recorded settings and present executable lookup; not a claim that transient PATH text or ROS port is byte-identical.
a02_0_900,continuation_xfeat,1,NEW_ADMISSION_CONTINUATION_REPLAY,/media/ma/Data/AQUA-FE_WS_storage_offload/frontend_coverage_monotone_router_v2/backend_replays/a02_0_900/klt/repeat1/vins_env_manifest.txt,/media/ma/Data/AQUA-FE_WS_storage_offload/frontend_admission_continuation_v1/backend_replays/a02_0_900/continuation_xfeat/repeat1/vins_env_manifest.txt,1542828791787420320,1,1542828794.013500017,2.2260794639587402,1542828793786838784,1.999418464,Initialization log uses replay ROS clock; first VIO pose uses sensor timestamp. Neither is a per-ID residual receipt.,PASS,35,{},"{""rosbag"": [""/opt/ros/noetic/bin/rosbag"", ""/opt/ros/noetic/bin/rosbag""], ""roscore"": [""/opt/ros/noetic/bin/roscore"", ""/opt/ros/noetic/bin/roscore""], ""python3"": [""/usr/bin/python3"", ""/usr/bin/python3""]}",67e3f2080135ff06226d26f81a539f843a796eab9325fd3a18192ec62af59d81,b05bc3f4361644ded4eb8970e1fddb730752bcdfa2665dd53b1728cc03e88ee2,Recorded settings and present executable lookup; not a claim that transient PATH text or ROS port is byte-identical.
a02_0_900,continuation_xfeat,2,NEW_ADMISSION_CONTINUATION_REPLAY,/media/ma/Data/AQUA-FE_WS_storage_offload/frontend_coverage_monotone_router_v2/backend_replays/a02_0_900/klt/repeat2/vins_env_manifest.txt,/media/ma/Data/AQUA-FE_WS_storage_offload/frontend_admission_continuation_v1/backend_replays/a02_0_900/continuation_xfeat/repeat2/vins_env_manifest.txt,1542828791787420320,1,1542828794.013718190,2.226297616958618,1542828793786838784,1.999418464,Initialization log uses replay ROS clock; first VIO pose uses sensor timestamp. Neither is a per-ID residual receipt.,PASS,35,{},"{""rosbag"": [""/opt/ros/noetic/bin/rosbag"", ""/opt/ros/noetic/bin/rosbag""], ""roscore"": [""/opt/ros/noetic/bin/roscore"", ""/opt/ros/noetic/bin/roscore""], ""python3"": [""/usr/bin/python3"", ""/usr/bin/python3""]}",b1168cde4b39a778d7446781fda5cb81d24d441e79f14d0d2b48cc3c979ba5e5,548f59cdf93dfb2a5a19c64324b7b31956bb628752015edce7d24e55cb13e88d,Recorded settings and present executable lookup; not a claim that transient PATH text or ROS port is byte-identical.
a02_0_900,continuation_xfeat,3,NEW_ADMISSION_CONTINUATION_REPLAY,/media/ma/Data/AQUA-FE_WS_storage_offload/frontend_coverage_monotone_router_v2/backend_replays/a02_0_900/klt/repeat3/vins_env_manifest.txt,/media/ma/Data/AQUA-FE_WS_storage_offload/frontend_admission_continuation_v1/backend_replays/a02_0_900/continuation_xfeat/repeat3/vins_env_manifest.txt,1542828791787420320,1,1542828794.013584972,2.2261645793914795,1542828793786838784,1.999418464,Initialization log uses replay ROS clock; first VIO pose uses sensor timestamp. Neither is a per-ID residual receipt.,PASS,35,{},"{""rosbag"": [""/opt/ros/noetic/bin/rosbag"", ""/opt/ros/noetic/bin/rosbag""], ""roscore"": [""/opt/ros/noetic/bin/roscore"", ""/opt/ros/noetic/bin/roscore""], ""python3"": [""/usr/bin/python3"", ""/usr/bin/python3""]}",aea1e93837ba455613c90affce464e91e18f7bd155701b27c2fbb4d39d450069,a0b08b56503c45fa7b1b639a94e6c4963160ce8289ad737bcb27163e0b393ac9,Recorded settings and present executable lookup; not a claim that transient PATH text or ROS port is byte-identical.
a02_0_900,matched_gftt_for_continuation_xfeat,1,NEW_ADMISSION_CONTINUATION_REPLAY,/media/ma/Data/AQUA-FE_WS_storage_offload/frontend_coverage_monotone_router_v2/backend_replays/a02_0_900/klt/repeat1/vins_env_manifest.txt,/media/ma/Data/AQUA-FE_WS_storage_offload/frontend_admission_continuation_v1/backend_replays/a02_0_900/matched_gftt_for_continuation_xfeat/repeat1/vins_env_manifest.txt,1542828791787420320,1,1542828794.003591984,2.2161715030670166,1542828793786838784,1.999418464,Initialization log uses replay ROS clock; first VIO pose uses sensor timestamp. Neither is a per-ID residual receipt.,PASS,35,{},"{""rosbag"": [""/opt/ros/noetic/bin/rosbag"", ""/opt/ros/noetic/bin/rosbag""], ""roscore"": [""/opt/ros/noetic/bin/roscore"", ""/opt/ros/noetic/bin/roscore""], ""python3"": [""/usr/bin/python3"", ""/usr/bin/python3""]}",67e3f2080135ff06226d26f81a539f843a796eab9325fd3a18192ec62af59d81,09501c399249eb63f343d9711a91cd67f809005baa042de8a16255636a508c6f,Recorded settings and present executable lookup; not a claim that transient PATH text or ROS port is byte-identical.
a02_0_900,matched_gftt_for_continuation_xfeat,2,NEW_ADMISSION_CONTINUATION_REPLAY,/media/ma/Data/AQUA-FE_WS_storage_offload/frontend_coverage_monotone_router_v2/backend_replays/a02_0_900/klt/repeat2/vins_env_manifest.txt,/media/ma/Data/AQUA-FE_WS_storage_offload/frontend_admission_continuation_v1/backend_replays/a02_0_900/matched_gftt_for_continuation_xfeat/repeat2/vins_env_manifest.txt,1542828791787420320,1,1542828794.013465380,2.2260448932647705,1542828793786838784,1.999418464,Initialization log uses replay ROS clock; first VIO pose uses sensor timestamp. Neither is a per-ID residual receipt.,PASS,35,{},"{""rosbag"": [""/opt/ros/noetic/bin/rosbag"", ""/opt/ros/noetic/bin/rosbag""], ""roscore"": [""/opt/ros/noetic/bin/roscore"", ""/opt/ros/noetic/bin/roscore""], ""python3"": [""/usr/bin/python3"", ""/usr/bin/python3""]}",b1168cde4b39a778d7446781fda5cb81d24d441e79f14d0d2b48cc3c979ba5e5,4e2e7d346691465550095e65f426a114f3cfa964608215e5fdb08083a04659a9,Recorded settings and present executable lookup; not a claim that transient PATH text or ROS port is byte-identical.
a02_0_900,matched_gftt_for_continuation_xfeat,3,NEW_ADMISSION_CONTINUATION_REPLAY,/media/ma/Data/AQUA-FE_WS_storage_offload/frontend_coverage_monotone_router_v2/backend_replays/a02_0_900/klt/repeat3/vins_env_manifest.txt,/media/ma/Data/AQUA-FE_WS_storage_offload/frontend_admission_continuation_v1/backend_replays/a02_0_900/matched_gftt_for_continuation_xfeat/repeat3/vins_env_manifest.txt,1542828791787420320,1,1542828794.013420548,2.2260000705718994,1542828793786838784,1.999418464,Initialization log uses replay ROS clock; first VIO pose uses sensor timestamp. Neither is a per-ID residual receipt.,PASS,35,{},"{""rosbag"": [""/opt/ros/noetic/bin/rosbag"", ""/opt/ros/noetic/bin/rosbag""], ""roscore"": [""/opt/ros/noetic/bin/roscore"", ""/opt/ros/noetic/bin/roscore""], ""python3"": [""/usr/bin/python3"", ""/usr/bin/python3""]}",aea1e93837ba455613c90affce464e91e18f7bd155701b27c2fbb4d39d450069,fceb05c84deafda56369bb895be0e6d71932c1bded7ecc2120773f522205b49a,Recorded settings and present executable lookup; not a claim that transient PATH text or ROS port is byte-identical.
a09_6000_6800,continuation_xfeat,1,NEW_ADMISSION_CONTINUATION_REPLAY,/media/ma/Data/AQUA-FE_WS_storage_offload/frontend_coverage_monotone_router_v2/backend_replays/a09_6000_6800/klt/repeat1/vins_env_manifest.txt,/media/ma/Data/AQUA-FE_WS_storage_offload/frontend_admission_continuation_v1/backend_replays/a09_6000_6800/continuation_xfeat/repeat1/vins_env_manifest.txt,1542889046071847024,1,1542889047.467561782,1.3957147598266602,1542889047271770880,1.199923856,Initialization log uses replay ROS clock; first VIO pose uses sensor timestamp. Neither is a per-ID residual receipt.,PASS,35,{},"{""rosbag"": [""/opt/ros/noetic/bin/rosbag"", ""/opt/ros/noetic/bin/rosbag""], ""roscore"": [""/opt/ros/noetic/bin/roscore"", ""/opt/ros/noetic/bin/roscore""], ""python3"": [""/usr/bin/python3"", ""/usr/bin/python3""]}",cfa13bce7d2d7d475c22f2e527f73d80b7c950dac5b9710c976d3e7247dd7574,fe9277c2b894672bc10aa66c1ab6ab63bf802257393fac63208164b0f30f9fbb,Recorded settings and present executable lookup; not a claim that transient PATH text or ROS port is byte-identical.
a09_6000_6800,continuation_xfeat,2,NEW_ADMISSION_CONTINUATION_REPLAY,/media/ma/Data/AQUA-FE_WS_storage_offload/frontend_coverage_monotone_router_v2/backend_replays/a09_6000_6800/klt/repeat2/vins_env_manifest.txt,/media/ma/Data/AQUA-FE_WS_storage_offload/frontend_admission_continuation_v1/backend_replays/a09_6000_6800/continuation_xfeat/repeat2/vins_env_manifest.txt,1542889046071847024,1,1542889047.487604976,1.4157581329345703,1542889047271770880,1.199923856,Initialization log uses replay ROS clock; first VIO pose uses sensor timestamp. Neither is a per-ID residual receipt.,PASS,35,{},"{""rosbag"": [""/opt/ros/noetic/bin/rosbag"", ""/opt/ros/noetic/bin/rosbag""], ""roscore"": [""/opt/ros/noetic/bin/roscore"", ""/opt/ros/noetic/bin/roscore""], ""python3"": [""/usr/bin/python3"", ""/usr/bin/python3""]}",b3598c7dcc8c31d680c8e978c4fa63734c79f0e7f64ee1c225f31a825c75ff57,a573269ec1cc3a771caa16d0311b7e8be15cf5f459e9df720935375507dfe45d,Recorded settings and present executable lookup; not a claim that transient PATH text or ROS port is byte-identical.
a09_6000_6800,continuation_xfeat,3,NEW_ADMISSION_CONTINUATION_REPLAY,/media/ma/Data/AQUA-FE_WS_storage_offload/frontend_coverage_monotone_router_v2/backend_replays/a09_6000_6800/klt/repeat3/vins_env_manifest.txt,/media/ma/Data/AQUA-FE_WS_storage_offload/frontend_admission_continuation_v1/backend_replays/a09_6000_6800/continuation_xfeat/repeat3/vins_env_manifest.txt,1542889046071847024,1,1542889047.467809827,1.3959629535675049,1542889047271770880,1.199923856,Initialization log uses replay ROS clock; first VIO pose uses sensor timestamp. Neither is a per-ID residual receipt.,PASS,35,{},"{""rosbag"": [""/opt/ros/noetic/bin/rosbag"", ""/opt/ros/noetic/bin/rosbag""], ""roscore"": [""/opt/ros/noetic/bin/roscore"", ""/opt/ros/noetic/bin/roscore""], ""python3"": [""/usr/bin/python3"", ""/usr/bin/python3""]}",b078c2c34686931b4acb0c8c6ca620c6d6b74b4a7a7d2054b543b92c149e041f,2abf10541680f5e908c38e29333ea9860e1d56b808b36c750aaf6810ace4a490,Recorded settings and present executable lookup; not a claim that transient PATH text or ROS port is byte-identical.
a09_6000_6800,matched_gftt_for_continuation_xfeat,1,NEW_ADMISSION_CONTINUATION_REPLAY,/media/ma/Data/AQUA-FE_WS_storage_offload/frontend_coverage_monotone_router_v2/backend_replays/a09_6000_6800/klt/repeat1/vins_env_manifest.txt,/media/ma/Data/AQUA-FE_WS_storage_offload/frontend_admission_continuation_v1/backend_replays/a09_6000_6800/matched_gftt_for_continuation_xfeat/repeat1/vins_env_manifest.txt,1542889046071847024,1,1542889047.427231385,1.355384349822998,1542889047271770880,1.199923856,Initialization log uses replay ROS clock; first VIO pose uses sensor timestamp. Neither is a per-ID residual receipt.,PASS,35,{},"{""rosbag"": [""/opt/ros/noetic/bin/rosbag"", ""/opt/ros/noetic/bin/rosbag""], ""roscore"": [""/opt/ros/noetic/bin/roscore"", ""/opt/ros/noetic/bin/roscore""], ""python3"": [""/usr/bin/python3"", ""/usr/bin/python3""]}",cfa13bce7d2d7d475c22f2e527f73d80b7c950dac5b9710c976d3e7247dd7574,ea11885e72a4a6520ac8fffbe37783247e95915e625a9b17e5d65461d899563c,Recorded settings and present executable lookup; not a claim that transient PATH text or ROS port is byte-identical.
a09_6000_6800,matched_gftt_for_continuation_xfeat,2,NEW_ADMISSION_CONTINUATION_REPLAY,/media/ma/Data/AQUA-FE_WS_storage_offload/frontend_coverage_monotone_router_v2/backend_replays/a09_6000_6800/klt/repeat2/vins_env_manifest.txt,/media/ma/Data/AQUA-FE_WS_storage_offload/frontend_admission_continuation_v1/backend_replays/a09_6000_6800/matched_gftt_for_continuation_xfeat/repeat2/vins_env_manifest.txt,1542889046071847024,1,1542889047.437001871,1.3651549816131592,1542889047271770880,1.199923856,Initialization log uses replay ROS clock; first VIO pose uses sensor timestamp. Neither is a per-ID residual receipt.,PASS,35,{},"{""rosbag"": [""/opt/ros/noetic/bin/rosbag"", ""/opt/ros/noetic/bin/rosbag""], ""roscore"": [""/opt/ros/noetic/bin/roscore"", ""/opt/ros/noetic/bin/roscore""], ""python3"": [""/usr/bin/python3"", ""/usr/bin/python3""]}",b3598c7dcc8c31d680c8e978c4fa63734c79f0e7f64ee1c225f31a825c75ff57,e7842ad7790ab771480c1276118a860d36d9763cbdb6dcab02974c354c75622e,Recorded settings and present executable lookup; not a claim that transient PATH text or ROS port is byte-identical.
a09_6000_6800,matched_gftt_for_continuation_xfeat,3,NEW_ADMISSION_CONTINUATION_REPLAY,/media/ma/Data/AQUA-FE_WS_storage_offload/frontend_coverage_monotone_router_v2/backend_replays/a09_6000_6800/klt/repeat3/vins_env_manifest.txt,/media/ma/Data/AQUA-FE_WS_storage_offload/frontend_admission_continuation_v1/backend_replays/a09_6000_6800/matched_gftt_for_continuation_xfeat/repeat3/vins_env_manifest.txt,1542889046071847024,1,1542889047.427279263,1.3554322719573975,1542889047271770880,1.199923856,Initialization log uses replay ROS clock; first VIO pose uses sensor timestamp. Neither is a per-ID residual receipt.,PASS,35,{},"{""rosbag"": [""/opt/ros/noetic/bin/rosbag"", ""/opt/ros/noetic/bin/rosbag""], ""roscore"": [""/opt/ros/noetic/bin/roscore"", ""/opt/ros/noetic/bin/roscore""], ""python3"": [""/usr/bin/python3"", ""/usr/bin/python3""]}",b078c2c34686931b4acb0c8c6ca620c6d6b74b4a7a7d2054b543b92c149e041f,f8e288b1bb6a34910b3bc8786c0f3c7b15a477272980fb6ab84b9adfdba301ab,Recorded settings and present executable lookup; not a claim that transient PATH text or ROS port is byte-identical.
afrl_bus_s180_d045,continuation_xfeat,1,NEW_ADMISSION_CONTINUATION_REPLAY,/media/ma/Data/AQUA-FE_WS_storage_offload/frontend_coverage_monotone_router_v2/backend_replays/afrl_bus_s180_d045/klt/repeat1/vins_env_manifest.txt,/media/ma/Data/AQUA-FE_WS_storage_offload/frontend_admission_continuation_v1/backend_replays/afrl_bus_s180_d045/continuation_xfeat/repeat1/vins_env_manifest.txt,1494876659795710199,1,1494876662.499983269,2.704272985458374,1494876662027668224,2.231958025,Initialization log uses replay ROS clock; first VIO pose uses sensor timestamp. Neither is a per-ID residual receipt.,PASS,35,{},"{""rosbag"": [""/opt/ros/noetic/bin/rosbag"", ""/opt/ros/noetic/bin/rosbag""], ""roscore"": [""/opt/ros/noetic/bin/roscore"", ""/opt/ros/noetic/bin/roscore""], ""python3"": [""/usr/bin/python3"", ""/usr/bin/python3""]}",82d35c20df3749c00ef232ebfb94b9231d0b79d4e1fe7b0b0dd6f4f4e7c17508,dd7d45021c477dfb97575465875ff196ef95327c8f6cda341b434e64df9a8b8d,Recorded settings and present executable lookup; not a claim that transient PATH text or ROS port is byte-identical.
afrl_bus_s180_d045,continuation_xfeat,2,NEW_ADMISSION_CONTINUATION_REPLAY,/media/ma/Data/AQUA-FE_WS_storage_offload/frontend_coverage_monotone_router_v2/backend_replays/afrl_bus_s180_d045/klt/repeat2/vins_env_manifest.txt,/media/ma/Data/AQUA-FE_WS_storage_offload/frontend_admission_continuation_v1/backend_replays/afrl_bus_s180_d045/continuation_xfeat/repeat2/vins_env_manifest.txt,1494876659795710199,1,1494876662.490168752,2.694458484649658,1494876662027668224,2.231958025,Initialization log uses replay ROS clock; first VIO pose uses sensor timestamp. Neither is a per-ID residual receipt.,PASS,35,{},"{""rosbag"": [""/opt/ros/noetic/bin/rosbag"", ""/opt/ros/noetic/bin/rosbag""], ""roscore"": [""/opt/ros/noetic/bin/roscore"", ""/opt/ros/noetic/bin/roscore""], ""python3"": [""/usr/bin/python3"", ""/usr/bin/python3""]}",59775afdaaea13f82cc0acfd029953a898564ae31264cc515090d1969f4f310e,06f9515149b0bea3df2e7d2d11f9cbd591a862324b9c78d0c6326e100b62ab66,Recorded settings and present executable lookup; not a claim that transient PATH text or ROS port is byte-identical.
afrl_bus_s180_d045,continuation_xfeat,3,NEW_ADMISSION_CONTINUATION_REPLAY,/media/ma/Data/AQUA-FE_WS_storage_offload/frontend_coverage_monotone_router_v2/backend_replays/afrl_bus_s180_d045/klt/repeat3/vins_env_manifest.txt,/media/ma/Data/AQUA-FE_WS_storage_offload/frontend_admission_continuation_v1/backend_replays/afrl_bus_s180_d045/continuation_xfeat/repeat3/vins_env_manifest.txt,1494876659795710199,1,1494876662.500146564,2.7044363021850586,1494876662027668224,2.231958025,Initialization log uses replay ROS clock; first VIO pose uses sensor timestamp. Neither is a per-ID residual receipt.,PASS,35,{},"{""rosbag"": [""/opt/ros/noetic/bin/rosbag"", ""/opt/ros/noetic/bin/rosbag""], ""roscore"": [""/opt/ros/noetic/bin/roscore"", ""/opt/ros/noetic/bin/roscore""], ""python3"": [""/usr/bin/python3"", ""/usr/bin/python3""]}",eecb47951f2a451a18353ad95eb87a0978fd4f279256dfee17170925641552e7,01e6784e2103dda8b971f9302aecaa0e4fd17fa084792d0e7fbde13bd2bf519a,Recorded settings and present executable lookup; not a claim that transient PATH text or ROS port is byte-identical.
afrl_bus_s180_d045,matched_gftt_for_continuation_xfeat,1,NEW_ADMISSION_CONTINUATION_REPLAY,/media/ma/Data/AQUA-FE_WS_storage_offload/frontend_coverage_monotone_router_v2/backend_replays/afrl_bus_s180_d045/klt/repeat1/vins_env_manifest.txt,/media/ma/Data/AQUA-FE_WS_storage_offload/frontend_admission_continuation_v1/backend_replays/afrl_bus_s180_d045/matched_gftt_for_continuation_xfeat/repeat1/vins_env_manifest.txt,1494876659795710199,1,1494876662.661096994,2.865386724472046,1494876662186834944,2.391124745,Initialization log uses replay ROS clock; first VIO pose uses sensor timestamp. Neither is a per-ID residual receipt.,PASS,35,{},"{""rosbag"": [""/opt/ros/noetic/bin/rosbag"", ""/opt/ros/noetic/bin/rosbag""], ""roscore"": [""/opt/ros/noetic/bin/roscore"", ""/opt/ros/noetic/bin/roscore""], ""python3"": [""/usr/bin/python3"", ""/usr/bin/python3""]}",82d35c20df3749c00ef232ebfb94b9231d0b79d4e1fe7b0b0dd6f4f4e7c17508,412a3130266420a6e86fdd2f254b60f55559c6b845005263eb7123581abb77a0,Recorded settings and present executable lookup; not a claim that transient PATH text or ROS port is byte-identical.
afrl_bus_s180_d045,matched_gftt_for_continuation_xfeat,2,NEW_ADMISSION_CONTINUATION_REPLAY,/media/ma/Data/AQUA-FE_WS_storage_offload/frontend_coverage_monotone_router_v2/backend_replays/afrl_bus_s180_d045/klt/repeat2/vins_env_manifest.txt,/media/ma/Data/AQUA-FE_WS_storage_offload/frontend_admission_continuation_v1/backend_replays/afrl_bus_s180_d045/matched_gftt_for_continuation_xfeat/repeat2/vins_env_manifest.txt,1494876659795710199,1,1494876662.681177102,2.8854668140411377,1494876662186834944,2.391124745,Initialization log uses replay ROS clock; first VIO pose uses sensor timestamp. Neither is a per-ID residual receipt.,PASS,35,{},"{""rosbag"": [""/opt/ros/noetic/bin/rosbag"", ""/opt/ros/noetic/bin/rosbag""], ""roscore"": [""/opt/ros/noetic/bin/roscore"", ""/opt/ros/noetic/bin/roscore""], ""python3"": [""/usr/bin/python3"", ""/usr/bin/python3""]}",59775afdaaea13f82cc0acfd029953a898564ae31264cc515090d1969f4f310e,511a716f286e11c28e3d6526515c7d61efd878aafbc47df20f59660f20f659bb,Recorded settings and present executable lookup; not a claim that transient PATH text or ROS port is byte-identical.
afrl_bus_s180_d045,matched_gftt_for_continuation_xfeat,3,NEW_ADMISSION_CONTINUATION_REPLAY,/media/ma/Data/AQUA-FE_WS_storage_offload/frontend_coverage_monotone_router_v2/backend_replays/afrl_bus_s180_d045/klt/repeat3/vins_env_manifest.txt,/media/ma/Data/AQUA-FE_WS_storage_offload/frontend_admission_continuation_v1/backend_replays/afrl_bus_s180_d045/matched_gftt_for_continuation_xfeat/repeat3/vins_env_manifest.txt,1494876659795710199,1,1494876662.691810891,2.8961005210876465,1494876662186834944,2.391124745,Initialization log uses replay ROS clock; first VIO pose uses sensor timestamp. Neither is a per-ID residual receipt.,PASS,35,{},"{""rosbag"": [""/opt/ros/noetic/bin/rosbag"", ""/opt/ros/noetic/bin/rosbag""], ""roscore"": [""/opt/ros/noetic/bin/roscore"", ""/opt/ros/noetic/bin/roscore""], ""python3"": [""/usr/bin/python3"", ""/usr/bin/python3""]}",eecb47951f2a451a18353ad95eb87a0978fd4f279256dfee17170925641552e7,af89439f591c90875c67a7a6721b5e6d94c6264c43fa930dd0a60a29d463e68c,Recorded settings and present executable lookup; not a claim that transient PATH text or ROS port is byte-identical.
