window_id,run_slug,sequence,family,heldout_type,heldout_scope,ordinal,start_index,end_index_exclusive,window_length_frames,stride_frames,start_stamp_ns,end_stamp_ns,duration_s,reference_poses,structural_status,exclusion_reason,batch,batch_order,selection_reason,raw_archive,reference,every_n,frame_offset,prior_project_exposure
coe1_a01_00000_00900,coe1_a01_00000_00900,A01,aqualoc_archaeology,sequence-held-out,six_C_all_development_windows,0,0,900,900,900,1542827791849563584,1542827836792006496,44.942442912,45,ELIGIBLE,,A,1,FIRST_TWO_STRUCTURALLY_ELIGIBLE_IN_FIXED_SEQUENCE_SCOPE,/mnt/data/AQUA-FE_WS/datasets/full_downloads/aqualoc/Archaeological_site_sequences/archaeo_sequence_1_raw_data.tar.gz,/mnt/data/AQUA-FE_WS/datasets/full_downloads/aqualoc/Archaeological_site_sequences/archaeo_groundtruth_files/new_archaeo_colmap_traj_sequence_01.txt,2,1,PREVIOUS_PROJECT_USE_POSSIBLE; held-out only relative to six C-all development windows
coe1_a01_00900_01800,coe1_a01_00900_01800,A01,aqualoc_archaeology,sequence-held-out,six_C_all_development_windows,1,900,1800,900,900,1542827836841407872,1542827881785855520,44.944447648,45,ELIGIBLE,,B,1,FIRST_TWO_STRUCTURALLY_ELIGIBLE_IN_FIXED_SEQUENCE_SCOPE,/mnt/data/AQUA-FE_WS/datasets/full_downloads/aqualoc/Archaeological_site_sequences/archaeo_sequence_1_raw_data.tar.gz,/mnt/data/AQUA-FE_WS/datasets/full_downloads/aqualoc/Archaeological_site_sequences/archaeo_groundtruth_files/new_archaeo_colmap_traj_sequence_01.txt,2,1,PREVIOUS_PROJECT_USE_POSSIBLE; held-out only relative to six C-all development windows
coe1_a01_01800_02700,coe1_a01_01800_02700,A01,aqualoc_archaeology,sequence-held-out,six_C_all_development_windows,2,1800,2700,900,900,1542827881836591776,1542827926779270240,44.942678464,45,ELIGIBLE,,,,NOT_SELECTED_FIXED_BUDGET,/mnt/data/AQUA-FE_WS/datasets/full_downloads/aqualoc/Archaeological_site_sequences/archaeo_sequence_1_raw_data.tar.gz,/mnt/data/AQUA-FE_WS/datasets/full_downloads/aqualoc/Archaeological_site_sequences/archaeo_groundtruth_files/new_archaeo_colmap_traj_sequence_01.txt,2,1,PREVIOUS_PROJECT_USE_POSSIBLE; held-out only relative to six C-all development windows
coe1_a01_02700_03600,coe1_a01_02700_03600,A01,aqualoc_archaeology,sequence-held-out,six_C_all_development_windows,3,2700,3600,900,900,1542827926827018144,1542827971769950592,44.942932448,45,ELIGIBLE,,,,NOT_SELECTED_FIXED_BUDGET,/mnt/data/AQUA-FE_WS/datasets/full_downloads/aqualoc/Archaeological_site_sequences/archaeo_sequence_1_raw_data.tar.gz,/mnt/data/AQUA-FE_WS/datasets/full_downloads/aqualoc/Archaeological_site_sequences/archaeo_groundtruth_files/new_archaeo_colmap_traj_sequence_01.txt,2,1,PREVIOUS_PROJECT_USE_POSSIBLE; held-out only relative to six C-all development windows
coe1_a01_03600_04500,coe1_a01_03600_04500,A01,aqualoc_archaeology,sequence-held-out,six_C_all_development_windows,4,3600,4500,900,900,1542827971819512128,1542828016763872576,44.944360448,45,ELIGIBLE,,,,NOT_SELECTED_FIXED_BUDGET,/mnt/data/AQUA-FE_WS/datasets/full_downloads/aqualoc/Archaeological_site_sequences/archaeo_sequence_1_raw_data.tar.gz,/mnt/data/AQUA-FE_WS/datasets/full_downloads/aqualoc/Archaeological_site_sequences/archaeo_groundtruth_files/new_archaeo_colmap_traj_sequence_01.txt,2,1,PREVIOUS_PROJECT_USE_POSSIBLE; held-out only relative to six C-all development windows
coe1_a01_04500_05400,coe1_a01_04500_05400,A01,aqualoc_archaeology,sequence-held-out,six_C_all_development_windows,5,4500,5400,900,900,1542828016812086560,1542828061755397952,44.943311392,45,ELIGIBLE,,,,NOT_SELECTED_FIXED_BUDGET,/mnt/data/AQUA-FE_WS/datasets/full_downloads/aqualoc/Archaeological_site_sequences/archaeo_sequence_1_raw_data.tar.gz,/mnt/data/AQUA-FE_WS/datasets/full_downloads/aqualoc/Archaeological_site_sequences/archaeo_groundtruth_files/new_archaeo_colmap_traj_sequence_01.txt,2,1,PREVIOUS_PROJECT_USE_POSSIBLE; held-out only relative to six C-all development windows
coe1_a01_05400_06300,coe1_a01_05400_06300,A01,aqualoc_archaeology,sequence-held-out,six_C_all_development_windows,6,5400,6300,900,900,1542828061806222912,1542828106748656736,44.942433824,45,ELIGIBLE,,,,NOT_SELECTED_FIXED_BUDGET,/mnt/data/AQUA-FE_WS/datasets/full_downloads/aqualoc/Archaeological_site_sequences/archaeo_sequence_1_raw_data.tar.gz,/mnt/data/AQUA-FE_WS/datasets/full_downloads/aqualoc/Archaeological_site_sequences/archaeo_groundtruth_files/new_archaeo_colmap_traj_sequence_01.txt,2,1,PREVIOUS_PROJECT_USE_POSSIBLE; held-out only relative to six C-all development windows
coe1_a01_06300_07200,coe1_a01_06300_07200,A01,aqualoc_archaeology,sequence-held-out,six_C_all_development_windows,7,6300,7200,900,900,1542828106797431040,1542828151741587104,44.944156064,45,ELIGIBLE,,,,NOT_SELECTED_FIXED_BUDGET,/mnt/data/AQUA-FE_WS/datasets/full_downloads/aqualoc/Archaeological_site_sequences/archaeo_sequence_1_raw_data.tar.gz,/mnt/data/AQUA-FE_WS/datasets/full_downloads/aqualoc/Archaeological_site_sequences/archaeo_groundtruth_files/new_archaeo_colmap_traj_sequence_01.txt,2,1,PREVIOUS_PROJECT_USE_POSSIBLE; held-out only relative to six C-all development windows
coe1_a01_07200_08100,coe1_a01_07200_08100,A01,aqualoc_archaeology,sequence-held-out,six_C_all_development_windows,8,7200,8100,900,900,1542828151791389472,1542828196733086752,44.94169728,45,ELIGIBLE,,,,NOT_SELECTED_FIXED_BUDGET,/mnt/data/AQUA-FE_WS/datasets/full_downloads/aqualoc/Archaeological_site_sequences/archaeo_sequence_1_raw_data.tar.gz,/mnt/data/AQUA-FE_WS/datasets/full_downloads/aqualoc/Archaeological_site_sequences/archaeo_groundtruth_files/new_archaeo_colmap_traj_sequence_01.txt,2,1,PREVIOUS_PROJECT_USE_POSSIBLE; held-out only relative to six C-all development windows
coe1_a01_08100_09000,coe1_a01_08100_09000,A01,aqualoc_archaeology,sequence-held-out,six_C_all_development_windows,9,8100,9000,900,900,1542828196783622496,1542828241726404928,44.942782432,45,ELIGIBLE,,,,NOT_SELECTED_FIXED_BUDGET,/mnt/data/AQUA-FE_WS/datasets/full_downloads/aqualoc/Archaeological_site_sequences/archaeo_sequence_1_raw_data.tar.gz,/mnt/data/AQUA-FE_WS/datasets/full_downloads/aqualoc/Archaeological_site_sequences/archaeo_groundtruth_files/new_archaeo_colmap_traj_sequence_01.txt,2,1,PREVIOUS_PROJECT_USE_POSSIBLE; held-out only relative to six C-all development windows
coe1_a01_09000_09900,coe1_a01_09000_09900,A01,aqualoc_archaeology,sequence-held-out,six_C_all_development_windows,10,9000,9900,900,900,1542828241776395904,1542828286718153760,44.941757856,45,ELIGIBLE,,,,NOT_SELECTED_FIXED_BUDGET,/mnt/data/AQUA-FE_WS/datasets/full_downloads/aqualoc/Archaeological_site_sequences/archaeo_sequence_1_raw_data.tar.gz,/mnt/data/AQUA-FE_WS/datasets/full_downloads/aqualoc/Archaeological_site_sequences/archaeo_groundtruth_files/new_archaeo_colmap_traj_sequence_01.txt,2,1,PREVIOUS_PROJECT_USE_POSSIBLE; held-out only relative to six C-all development windows
coe1_a01_09900_10800,coe1_a01_09900_10800,A01,aqualoc_archaeology,sequence-held-out,six_C_all_development_windows,11,9900,10800,900,900,1542828286768548640,1542828331711500672,44.942952032,45,ELIGIBLE,,,,NOT_SELECTED_FIXED_BUDGET,/mnt/data/AQUA-FE_WS/datasets/full_downloads/aqualoc/Archaeological_site_sequences/archaeo_sequence_1_raw_data.tar.gz,/mnt/data/AQUA-FE_WS/datasets/full_downloads/aqualoc/Archaeological_site_sequences/archaeo_groundtruth_files/new_archaeo_colmap_traj_sequence_01.txt,2,1,PREVIOUS_PROJECT_USE_POSSIBLE; held-out only relative to six C-all development windows
coe1_a01_10800_11700,coe1_a01_10800_11700,A01,aqualoc_archaeology,sequence-held-out,six_C_all_development_windows,12,10800,11700,900,900,1542828331761174304,1542828376704266528,44.943092224,41,ELIGIBLE,,,,NOT_SELECTED_FIXED_BUDGET,/mnt/data/AQUA-FE_WS/datasets/full_downloads/aqualoc/Archaeological_site_sequences/archaeo_sequence_1_raw_data.tar.gz,/mnt/data/AQUA-FE_WS/datasets/full_downloads/aqualoc/Archaeological_site_sequences/archaeo_groundtruth_files/new_archaeo_colmap_traj_sequence_01.txt,2,1,PREVIOUS_PROJECT_USE_POSSIBLE; held-out only relative to six C-all development windows
coe1_a01_11700_12600,coe1_a01_11700_12600,A01,aqualoc_archaeology,sequence-held-out,six_C_all_development_windows,13,11700,12600,900,900,1542828376755862752,1542828421696653696,44.940790944,45,ELIGIBLE,,,,NOT_SELECTED_FIXED_BUDGET,/mnt/data/AQUA-FE_WS/datasets/full_downloads/aqualoc/Archaeological_site_sequences/archaeo_sequence_1_raw_data.tar.gz,/mnt/data/AQUA-FE_WS/datasets/full_downloads/aqualoc/Archaeological_site_sequences/archaeo_groundtruth_files/new_archaeo_colmap_traj_sequence_01.txt,2,1,PREVIOUS_PROJECT_USE_POSSIBLE; held-out only relative to six C-all development windows
coe1_a01_12600_13500,coe1_a01_12600_13500,A01,aqualoc_archaeology,sequence-held-out,six_C_all_development_windows,14,12600,13500,900,900,1542828421746419136,1542828466689188608,44.942769472,44,ELIGIBLE,,,,NOT_SELECTED_FIXED_BUDGET,/mnt/data/AQUA-FE_WS/datasets/full_downloads/aqualoc/Archaeological_site_sequences/archaeo_sequence_1_raw_data.tar.gz,/mnt/data/AQUA-FE_WS/datasets/full_downloads/aqualoc/Archaeological_site_sequences/archaeo_groundtruth_files/new_archaeo_colmap_traj_sequence_01.txt,2,1,PREVIOUS_PROJECT_USE_POSSIBLE; held-out only relative to six C-all development windows
coe1_a01_13500_14400,coe1_a01_13500_14400,A01,aqualoc_archaeology,sequence-held-out,six_C_all_development_windows,15,13500,14400,900,900,1542828466739509632,1542828511682157504,44.942647872,45,ELIGIBLE,,,,NOT_SELECTED_FIXED_BUDGET,/mnt/data/AQUA-FE_WS/datasets/full_downloads/aqualoc/Archaeological_site_sequences/archaeo_sequence_1_raw_data.tar.gz,/mnt/data/AQUA-FE_WS/datasets/full_downloads/aqualoc/Archaeological_site_sequences/archaeo_groundtruth_files/new_archaeo_colmap_traj_sequence_01.txt,2,1,PREVIOUS_PROJECT_USE_POSSIBLE; held-out only relative to six C-all development windows
coe1_a01_14400_15300,coe1_a01_14400_15300,A01,aqualoc_archaeology,sequence-held-out,six_C_all_development_windows,16,14400,15300,900,900,1542828511731385920,1542828556674867104,44.943481184,45,ELIGIBLE,,,,NOT_SELECTED_FIXED_BUDGET,/mnt/data/AQUA-FE_WS/datasets/full_downloads/aqualoc/Archaeological_site_sequences/archaeo_sequence_1_raw_data.tar.gz,/mnt/data/AQUA-FE_WS/datasets/full_downloads/aqualoc/Archaeological_site_sequences/archaeo_groundtruth_files/new_archaeo_colmap_traj_sequence_01.txt,2,1,PREVIOUS_PROJECT_USE_POSSIBLE; held-out only relative to six C-all development windows
coe1_a01_15300_16200,coe1_a01_15300_16200,A01,aqualoc_archaeology,sequence-held-out,six_C_all_development_windows,17,15300,16200,900,900,1542828556723955840,1542828601666939808,44.942983968,45,ELIGIBLE,,,,NOT_SELECTED_FIXED_BUDGET,/mnt/data/AQUA-FE_WS/datasets/full_downloads/aqualoc/Archaeological_site_sequences/archaeo_sequence_1_raw_data.tar.gz,/mnt/data/AQUA-FE_WS/datasets/full_downloads/aqualoc/Archaeological_site_sequences/archaeo_groundtruth_files/new_archaeo_colmap_traj_sequence_01.txt,2,1,PREVIOUS_PROJECT_USE_POSSIBLE; held-out only relative to six C-all development windows
coe1_a01_16200_17100,coe1_a01_16200_17100,A01,aqualoc_archaeology,sequence-held-out,six_C_all_development_windows,18,16200,17100,900,900,1542828601718103424,1542828646659779552,44.941676128,45,ELIGIBLE,,,,NOT_SELECTED_FIXED_BUDGET,/mnt/data/AQUA-FE_WS/datasets/full_downloads/aqualoc/Archaeological_site_sequences/archaeo_sequence_1_raw_data.tar.gz,/mnt/data/AQUA-FE_WS/datasets/full_downloads/aqualoc/Archaeological_site_sequences/archaeo_groundtruth_files/new_archaeo_colmap_traj_sequence_01.txt,2,1,PREVIOUS_PROJECT_USE_POSSIBLE; held-out only relative to six C-all development windows
coe1_a01_17100_17586,coe1_a01_17100_17586,A01,aqualoc_archaeology,sequence-held-out,six_C_all_development_windows,19,17100,17586,900,900,1542828646709624128,1542828670956448608,24.24682448,25,EXCLUDED,INSUFFICIENT_LENGTH_PARTIAL_TAIL,,,STRUCTURAL_EXCLUSION,/mnt/data/AQUA-FE_WS/datasets/full_downloads/aqualoc/Archaeological_site_sequences/archaeo_sequence_1_raw_data.tar.gz,/mnt/data/AQUA-FE_WS/datasets/full_downloads/aqualoc/Archaeological_site_sequences/archaeo_groundtruth_files/new_archaeo_colmap_traj_sequence_01.txt,2,1,PREVIOUS_PROJECT_USE_POSSIBLE; held-out only relative to six C-all development windows
coe1_a03_00000_00900,coe1_a03_00000_00900,A03,aqualoc_archaeology,sequence-held-out,six_C_all_development_windows,0,0,900,900,900,1542831048068008960,1542831093009285024,44.941276064,45,ELIGIBLE,,A,2,FIRST_TWO_STRUCTURALLY_ELIGIBLE_IN_FIXED_SEQUENCE_SCOPE,/mnt/data/AQUA-FE_WS/datasets/full_downloads/aqualoc/Archaeological_site_sequences/archaeo_sequence_3_raw_data.tar.gz,/mnt/data/AQUA-FE_WS/datasets/full_downloads/aqualoc/Archaeological_site_sequences/archaeo_groundtruth_files/new_archaeo_colmap_traj_sequence_03.txt,2,1,PREVIOUS_PROJECT_USE_POSSIBLE; held-out only relative to six C-all development windows
coe1_a03_00900_01800,coe1_a03_00900_01800,A03,aqualoc_archaeology,sequence-held-out,six_C_all_development_windows,1,900,1800,900,900,1542831093059395136,1542831138002444064,44.943048928,45,ELIGIBLE,,B,2,FIRST_TWO_STRUCTURALLY_ELIGIBLE_IN_FIXED_SEQUENCE_SCOPE,/mnt/data/AQUA-FE_WS/datasets/full_downloads/aqualoc/Archaeological_site_sequences/archaeo_sequence_3_raw_data.tar.gz,/mnt/data/AQUA-FE_WS/datasets/full_downloads/aqualoc/Archaeological_site_sequences/archaeo_groundtruth_files/new_archaeo_colmap_traj_sequence_03.txt,2,1,PREVIOUS_PROJECT_USE_POSSIBLE; held-out only relative to six C-all development windows
coe1_a03_01800_02700,coe1_a03_01800_02700,A03,aqualoc_archaeology,sequence-held-out,six_C_all_development_windows,2,1800,2700,900,900,1542831138052074208,1542831182995717632,44.943643424,45,ELIGIBLE,,,,NOT_SELECTED_FIXED_BUDGET,/mnt/data/AQUA-FE_WS/datasets/full_downloads/aqualoc/Archaeological_site_sequences/archaeo_sequence_3_raw_data.tar.gz,/mnt/data/AQUA-FE_WS/datasets/full_downloads/aqualoc/Archaeological_site_sequences/archaeo_groundtruth_files/new_archaeo_colmap_traj_sequence_03.txt,2,1,PREVIOUS_PROJECT_USE_POSSIBLE; held-out only relative to six C-all development windows
coe1_a03_02700_03600,coe1_a03_02700_03600,A03,aqualoc_archaeology,sequence-held-out,six_C_all_development_windows,3,2700,3600,900,900,1542831183045129632,1542831227988467968,44.943338336,45,ELIGIBLE,,,,NOT_SELECTED_FIXED_BUDGET,/mnt/data/AQUA-FE_WS/datasets/full_downloads/aqualoc/Archaeological_site_sequences/archaeo_sequence_3_raw_data.tar.gz,/mnt/data/AQUA-FE_WS/datasets/full_downloads/aqualoc/Archaeological_site_sequences/archaeo_groundtruth_files/new_archaeo_colmap_traj_sequence_03.txt,2,1,PREVIOUS_PROJECT_USE_POSSIBLE; held-out only relative to six C-all development windows
coe1_a03_03600_04500,coe1_a03_03600_04500,A03,aqualoc_archaeology,sequence-held-out,six_C_all_development_windows,4,3600,4500,900,900,1542831228037356672,1542831272982513600,44.945156928,45,ELIGIBLE,,,,NOT_SELECTED_FIXED_BUDGET,/mnt/data/AQUA-FE_WS/datasets/full_downloads/aqualoc/Archaeological_site_sequences/archaeo_sequence_3_raw_data.tar.gz,/mnt/data/AQUA-FE_WS/datasets/full_downloads/aqualoc/Archaeological_site_sequences/archaeo_groundtruth_files/new_archaeo_colmap_traj_sequence_03.txt,2,1,PREVIOUS_PROJECT_USE_POSSIBLE; held-out only relative to six C-all development windows
coe1_a03_04500_05400,coe1_a03_04500_05400,A03,aqualoc_archaeology,sequence-held-out,six_C_all_development_windows,5,4500,5400,900,900,1542831273030890048,1542831317973657024,44.942766976,39,ELIGIBLE,,,,NOT_SELECTED_FIXED_BUDGET,/mnt/data/AQUA-FE_WS/datasets/full_downloads/aqualoc/Archaeological_site_sequences/archaeo_sequence_3_raw_data.tar.gz,/mnt/data/AQUA-FE_WS/datasets/full_downloads/aqualoc/Archaeological_site_sequences/archaeo_groundtruth_files/new_archaeo_colmap_traj_sequence_03.txt,2,1,PREVIOUS_PROJECT_USE_POSSIBLE; held-out only relative to six C-all development windows
coe1_a03_05400_06300,coe1_a03_05400_06300,A03,aqualoc_archaeology,sequence-held-out,six_C_all_development_windows,6,5400,6300,900,900,1542831318022759360,1542831362966194336,44.943434976,45,ELIGIBLE,,,,NOT_SELECTED_FIXED_BUDGET,/mnt/data/AQUA-FE_WS/datasets/full_downloads/aqualoc/Archaeological_site_sequences/archaeo_sequence_3_raw_data.tar.gz,/mnt/data/AQUA-FE_WS/datasets/full_downloads/aqualoc/Archaeological_site_sequences/archaeo_groundtruth_files/new_archaeo_colmap_traj_sequence_03.txt,2,1,PREVIOUS_PROJECT_USE_POSSIBLE; held-out only relative to six C-all development windows
coe1_a03_06300_06334,coe1_a03_06300_06334,A03,aqualoc_archaeology,sequence-held-out,six_C_all_development_windows,7,6300,6334,900,900,1542831363015046368,1542831364664842720,1.649796352,2,EXCLUDED,INSUFFICIENT_LENGTH_PARTIAL_TAIL,,,STRUCTURAL_EXCLUSION,/mnt/data/AQUA-FE_WS/datasets/full_downloads/aqualoc/Archaeological_site_sequences/archaeo_sequence_3_raw_data.tar.gz,/mnt/data/AQUA-FE_WS/datasets/full_downloads/aqualoc/Archaeological_site_sequences/archaeo_groundtruth_files/new_archaeo_colmap_traj_sequence_03.txt,2,1,PREVIOUS_PROJECT_USE_POSSIBLE; held-out only relative to six C-all development windows
coe1_a04_00000_00900,coe1_a04_00000_00900,A04,aqualoc_archaeology,sequence-held-out,six_C_all_development_windows,0,0,900,900,900,1455212878529775168,1455212923471909888,44.94213472,36,ELIGIBLE,,A,3,FIRST_TWO_STRUCTURALLY_ELIGIBLE_IN_FIXED_SEQUENCE_SCOPE,/mnt/data/AQUA-FE_WS/datasets/full_downloads/aqualoc/Archaeological_site_sequences/archaeo_sequence_4_raw_data.tar.gz,/mnt/data/AQUA-FE_WS/datasets/full_downloads/aqualoc/Archaeological_site_sequences/archaeo_groundtruth_files/new_archaeo_colmap_traj_sequence_04.txt,2,1,PREVIOUS_PROJECT_USE_POSSIBLE; held-out only relative to six C-all development windows
coe1_a04_00900_01800,coe1_a04_00900_01800,A04,aqualoc_archaeology,sequence-held-out,six_C_all_development_windows,1,900,1800,900,900,1455212923521658944,1455212968464179200,44.942520256,42,ELIGIBLE,,B,3,FIRST_TWO_STRUCTURALLY_ELIGIBLE_IN_FIXED_SEQUENCE_SCOPE,/mnt/data/AQUA-FE_WS/datasets/full_downloads/aqualoc/Archaeological_site_sequences/archaeo_sequence_4_raw_data.tar.gz,/mnt/data/AQUA-FE_WS/datasets/full_downloads/aqualoc/Archaeological_site_sequences/archaeo_groundtruth_files/new_archaeo_colmap_traj_sequence_04.txt,2,1,PREVIOUS_PROJECT_USE_POSSIBLE; held-out only relative to six C-all development windows
coe1_a04_01800_02700,coe1_a04_01800_02700,A04,aqualoc_archaeology,sequence-held-out,six_C_all_development_windows,2,1800,2700,900,900,1455212968514516160,1455213013456683488,44.942167328,43,ELIGIBLE,,,,NOT_SELECTED_FIXED_BUDGET,/mnt/data/AQUA-FE_WS/datasets/full_downloads/aqualoc/Archaeological_site_sequences/archaeo_sequence_4_raw_data.tar.gz,/mnt/data/AQUA-FE_WS/datasets/full_downloads/aqualoc/Archaeological_site_sequences/archaeo_groundtruth_files/new_archaeo_colmap_traj_sequence_04.txt,2,1,PREVIOUS_PROJECT_USE_POSSIBLE; held-out only relative to six C-all development windows
coe1_a04_02700_03600,coe1_a04_02700_03600,A04,aqualoc_archaeology,sequence-held-out,six_C_all_development_windows,3,2700,3600,900,900,1455213013506824032,1455213058449385376,44.942561344,40,ELIGIBLE,,,,NOT_SELECTED_FIXED_BUDGET,/mnt/data/AQUA-FE_WS/datasets/full_downloads/aqualoc/Archaeological_site_sequences/archaeo_sequence_4_raw_data.tar.gz,/mnt/data/AQUA-FE_WS/datasets/full_downloads/aqualoc/Archaeological_site_sequences/archaeo_groundtruth_files/new_archaeo_colmap_traj_sequence_04.txt,2,1,PREVIOUS_PROJECT_USE_POSSIBLE; held-out only relative to six C-all development windows
coe1_a04_03600_04500,coe1_a04_03600_04500,A04,aqualoc_archaeology,sequence-held-out,six_C_all_development_windows,4,3600,4500,900,900,1455213058499888672,1455213103442006144,44.942117472,41,ELIGIBLE,,,,NOT_SELECTED_FIXED_BUDGET,/mnt/data/AQUA-FE_WS/datasets/full_downloads/aqualoc/Archaeological_site_sequences/archaeo_sequence_4_raw_data.tar.gz,/mnt/data/AQUA-FE_WS/datasets/full_downloads/aqualoc/Archaeological_site_sequences/archaeo_groundtruth_files/new_archaeo_colmap_traj_sequence_04.txt,2,1,PREVIOUS_PROJECT_USE_POSSIBLE; held-out only relative to six C-all development windows
coe1_a04_04500_05400,coe1_a04_04500_05400,A04,aqualoc_archaeology,sequence-held-out,six_C_all_development_windows,5,4500,5400,900,900,1455213103492142912,1455213148434369024,44.942226112,43,ELIGIBLE,,,,NOT_SELECTED_FIXED_BUDGET,/mnt/data/AQUA-FE_WS/datasets/full_downloads/aqualoc/Archaeological_site_sequences/archaeo_sequence_4_raw_data.tar.gz,/mnt/data/AQUA-FE_WS/datasets/full_downloads/aqualoc/Archaeological_site_sequences/archaeo_groundtruth_files/new_archaeo_colmap_traj_sequence_04.txt,2,1,PREVIOUS_PROJECT_USE_POSSIBLE; held-out only relative to six C-all development windows
coe1_a04_05400_06300,coe1_a04_05400_06300,A04,aqualoc_archaeology,sequence-held-out,six_C_all_development_windows,6,5400,6300,900,900,1455213148484453536,1455213193427613024,44.943159488,41,ELIGIBLE,,,,NOT_SELECTED_FIXED_BUDGET,/mnt/data/AQUA-FE_WS/datasets/full_downloads/aqualoc/Archaeological_site_sequences/archaeo_sequence_4_raw_data.tar.gz,/mnt/data/AQUA-FE_WS/datasets/full_downloads/aqualoc/Archaeological_site_sequences/archaeo_groundtruth_files/new_archaeo_colmap_traj_sequence_04.txt,2,1,PREVIOUS_PROJECT_USE_POSSIBLE; held-out only relative to six C-all development windows
coe1_a04_06300_07200,coe1_a04_06300_07200,A04,aqualoc_archaeology,sequence-held-out,six_C_all_development_windows,7,6300,7200,900,900,1455213193477705600,1455213238420023552,44.942317952,35,ELIGIBLE,,,,NOT_SELECTED_FIXED_BUDGET,/mnt/data/AQUA-FE_WS/datasets/full_downloads/aqualoc/Archaeological_site_sequences/archaeo_sequence_4_raw_data.tar.gz,/mnt/data/AQUA-FE_WS/datasets/full_downloads/aqualoc/Archaeological_site_sequences/archaeo_groundtruth_files/new_archaeo_colmap_traj_sequence_04.txt,2,1,PREVIOUS_PROJECT_USE_POSSIBLE; held-out only relative to six C-all development windows
coe1_a04_07200_08100,coe1_a04_07200_08100,A04,aqualoc_archaeology,sequence-held-out,six_C_all_development_windows,8,7200,8100,900,900,1455213238469544800,1455213283412543072,44.942998272,43,ELIGIBLE,,,,NOT_SELECTED_FIXED_BUDGET,/mnt/data/AQUA-FE_WS/datasets/full_downloads/aqualoc/Archaeological_site_sequences/archaeo_sequence_4_raw_data.tar.gz,/mnt/data/AQUA-FE_WS/datasets/full_downloads/aqualoc/Archaeological_site_sequences/archaeo_groundtruth_files/new_archaeo_colmap_traj_sequence_04.txt,2,1,PREVIOUS_PROJECT_USE_POSSIBLE; held-out only relative to six C-all development windows
coe1_a04_08100_09000,coe1_a04_08100_09000,A04,aqualoc_archaeology,sequence-held-out,six_C_all_development_windows,9,8100,9000,900,900,1455213283462136576,1455213328404708928,44.942572352,39,ELIGIBLE,,,,NOT_SELECTED_FIXED_BUDGET,/mnt/data/AQUA-FE_WS/datasets/full_downloads/aqualoc/Archaeological_site_sequences/archaeo_sequence_4_raw_data.tar.gz,/mnt/data/AQUA-FE_WS/datasets/full_downloads/aqualoc/Archaeological_site_sequences/archaeo_groundtruth_files/new_archaeo_colmap_traj_sequence_04.txt,2,1,PREVIOUS_PROJECT_USE_POSSIBLE; held-out only relative to six C-all development windows
coe1_a04_09000_09900,coe1_a04_09000_09900,A04,aqualoc_archaeology,sequence-held-out,six_C_all_development_windows,10,9000,9900,900,900,1455213328454698592,1455213373397907232,44.94320864,31,ELIGIBLE,,,,NOT_SELECTED_FIXED_BUDGET,/mnt/data/AQUA-FE_WS/datasets/full_downloads/aqualoc/Archaeological_site_sequences/archaeo_sequence_4_raw_data.tar.gz,/mnt/data/AQUA-FE_WS/datasets/full_downloads/aqualoc/Archaeological_site_sequences/archaeo_groundtruth_files/new_archaeo_colmap_traj_sequence_04.txt,2,1,PREVIOUS_PROJECT_USE_POSSIBLE; held-out only relative to six C-all development windows
coe1_a04_09900_10800,coe1_a04_09900_10800,A04,aqualoc_archaeology,sequence-held-out,six_C_all_development_windows,11,9900,10800,900,900,1455213373447917568,1455213418389866560,44.941948992,36,ELIGIBLE,,,,NOT_SELECTED_FIXED_BUDGET,/mnt/data/AQUA-FE_WS/datasets/full_downloads/aqualoc/Archaeological_site_sequences/archaeo_sequence_4_raw_data.tar.gz,/mnt/data/AQUA-FE_WS/datasets/full_downloads/aqualoc/Archaeological_site_sequences/archaeo_groundtruth_files/new_archaeo_colmap_traj_sequence_04.txt,2,1,PREVIOUS_PROJECT_USE_POSSIBLE; held-out only relative to six C-all development windows
coe1_a04_10800_11700,coe1_a04_10800_11700,A04,aqualoc_archaeology,sequence-held-out,six_C_all_development_windows,12,10800,11700,900,900,1455213418439839648,1455213463382267936,44.942428288,28,ELIGIBLE,,,,NOT_SELECTED_FIXED_BUDGET,/mnt/data/AQUA-FE_WS/datasets/full_downloads/aqualoc/Archaeological_site_sequences/archaeo_sequence_4_raw_data.tar.gz,/mnt/data/AQUA-FE_WS/datasets/full_downloads/aqualoc/Archaeological_site_sequences/archaeo_groundtruth_files/new_archaeo_colmap_traj_sequence_04.txt,2,1,PREVIOUS_PROJECT_USE_POSSIBLE; held-out only relative to six C-all development windows
coe1_a04_11700_12600,coe1_a04_11700_12600,A04,aqualoc_archaeology,sequence-held-out,six_C_all_development_windows,13,11700,12600,900,900,1455213463432732032,1455213508377615936,44.944883904,14,ELIGIBLE,,,,NOT_SELECTED_FIXED_BUDGET,/mnt/data/AQUA-FE_WS/datasets/full_downloads/aqualoc/Archaeological_site_sequences/archaeo_sequence_4_raw_data.tar.gz,/mnt/data/AQUA-FE_WS/datasets/full_downloads/aqualoc/Archaeological_site_sequences/archaeo_groundtruth_files/new_archaeo_colmap_traj_sequence_04.txt,2,1,PREVIOUS_PROJECT_USE_POSSIBLE; held-out only relative to six C-all development windows
coe1_a04_12600_13385,coe1_a04_12600_13385,A04,aqualoc_archaeology,sequence-held-out,six_C_all_development_windows,14,12600,13385,900,900,1455213508425151776,1455213547618958208,39.193806432,40,EXCLUDED,INSUFFICIENT_LENGTH_PARTIAL_TAIL,,,STRUCTURAL_EXCLUSION,/mnt/data/AQUA-FE_WS/datasets/full_downloads/aqualoc/Archaeological_site_sequences/archaeo_sequence_4_raw_data.tar.gz,/mnt/data/AQUA-FE_WS/datasets/full_downloads/aqualoc/Archaeological_site_sequences/archaeo_groundtruth_files/new_archaeo_colmap_traj_sequence_04.txt,2,1,PREVIOUS_PROJECT_USE_POSSIBLE; held-out only relative to six C-all development windows
coe1_a05_00000_00900,coe1_a05_00000_00900,A05,aqualoc_archaeology,sequence-held-out,six_C_all_development_windows,0,0,900,900,900,1455214178565550816,1455214223508175328,44.942624512,28,ELIGIBLE,,A,4,FIRST_TWO_STRUCTURALLY_ELIGIBLE_IN_FIXED_SEQUENCE_SCOPE,/mnt/data/AQUA-FE_WS/datasets/full_downloads/aqualoc/Archaeological_site_sequences/archaeo_sequence_5_raw_data.tar.gz,/mnt/data/AQUA-FE_WS/datasets/full_downloads/aqualoc/Archaeological_site_sequences/archaeo_groundtruth_files/new_archaeo_colmap_traj_sequence_05.txt,2,1,PREVIOUS_PROJECT_USE_POSSIBLE; held-out only relative to six C-all development windows
coe1_a05_00900_01800,coe1_a05_00900_01800,A05,aqualoc_archaeology,sequence-held-out,six_C_all_development_windows,1,900,1800,900,900,1455214223560316960,1455214268500842400,44.94052544,45,ELIGIBLE,,B,4,FIRST_TWO_STRUCTURALLY_ELIGIBLE_IN_FIXED_SEQUENCE_SCOPE,/mnt/data/AQUA-FE_WS/datasets/full_downloads/aqualoc/Archaeological_site_sequences/archaeo_sequence_5_raw_data.tar.gz,/mnt/data/AQUA-FE_WS/datasets/full_downloads/aqualoc/Archaeological_site_sequences/archaeo_groundtruth_files/new_archaeo_colmap_traj_sequence_05.txt,2,1,PREVIOUS_PROJECT_USE_POSSIBLE; held-out only relative to six C-all development windows
coe1_a05_01800_02700,coe1_a05_01800_02700,A05,aqualoc_archaeology,sequence-held-out,six_C_all_development_windows,2,1800,2700,900,900,1455214268551544352,1455214313493249248,44.941704896,45,ELIGIBLE,,,,NOT_SELECTED_FIXED_BUDGET,/mnt/data/AQUA-FE_WS/datasets/full_downloads/aqualoc/Archaeological_site_sequences/archaeo_sequence_5_raw_data.tar.gz,/mnt/data/AQUA-FE_WS/datasets/full_downloads/aqualoc/Archaeological_site_sequences/archaeo_groundtruth_files/new_archaeo_colmap_traj_sequence_05.txt,2,1,PREVIOUS_PROJECT_USE_POSSIBLE; held-out only relative to six C-all development windows
coe1_a05_02700_03600,coe1_a05_02700_03600,A05,aqualoc_archaeology,sequence-held-out,six_C_all_development_windows,3,2700,3600,900,900,1455214313543652224,1455214358486959488,44.943307264,45,ELIGIBLE,,,,NOT_SELECTED_FIXED_BUDGET,/mnt/data/AQUA-FE_WS/datasets/full_downloads/aqualoc/Archaeological_site_sequences/archaeo_sequence_5_raw_data.tar.gz,/mnt/data/AQUA-FE_WS/datasets/full_downloads/aqualoc/Archaeological_site_sequences/archaeo_groundtruth_files/new_archaeo_colmap_traj_sequence_05.txt,2,1,PREVIOUS_PROJECT_USE_POSSIBLE; held-out only relative to six C-all development windows
coe1_a05_03600_03983,coe1_a05_03600_03983,A05,aqualoc_archaeology,sequence-held-out,six_C_all_development_windows,4,3600,3983,900,900,1455214358537270208,1455214377634113984,19.096843776,20,EXCLUDED,INSUFFICIENT_LENGTH_PARTIAL_TAIL,,,STRUCTURAL_EXCLUSION,/mnt/data/AQUA-FE_WS/datasets/full_downloads/aqualoc/Archaeological_site_sequences/archaeo_sequence_5_raw_data.tar.gz,/mnt/data/AQUA-FE_WS/datasets/full_downloads/aqualoc/Archaeological_site_sequences/archaeo_groundtruth_files/new_archaeo_colmap_traj_sequence_05.txt,2,1,PREVIOUS_PROJECT_USE_POSSIBLE; held-out only relative to six C-all development windows
coe1_a06_00000_00900,coe1_a06_00000_00900,A06,aqualoc_archaeology,sequence-held-out,six_C_all_development_windows,0,0,900,900,900,1542883311780022336,1542883356724486400,44.944464064,43,ELIGIBLE,,A,5,FIRST_TWO_STRUCTURALLY_ELIGIBLE_IN_FIXED_SEQUENCE_SCOPE,/mnt/data/AQUA-FE_WS/datasets/aqualoc/samples/archaeo_sequence_06_raw_data.tar.gz,/mnt/data/AQUA-FE_WS/datasets/full_downloads/aqualoc/Archaeological_site_sequences/archaeo_groundtruth_files/new_archaeo_colmap_traj_sequence_06.txt,2,1,PREVIOUS_PROJECT_USE_POSSIBLE; held-out only relative to six C-all development windows
coe1_a06_00900_01800,coe1_a06_00900_01800,A06,aqualoc_archaeology,sequence-held-out,six_C_all_development_windows,1,900,1800,900,900,1542883356774181152,1542883401714760480,44.940579328,44,ELIGIBLE,,B,5,FIRST_TWO_STRUCTURALLY_ELIGIBLE_IN_FIXED_SEQUENCE_SCOPE,/mnt/data/AQUA-FE_WS/datasets/aqualoc/samples/archaeo_sequence_06_raw_data.tar.gz,/mnt/data/AQUA-FE_WS/datasets/full_downloads/aqualoc/Archaeological_site_sequences/archaeo_groundtruth_files/new_archaeo_colmap_traj_sequence_06.txt,2,1,PREVIOUS_PROJECT_USE_POSSIBLE; held-out only relative to six C-all development windows
coe1_a06_01800_02700,coe1_a06_01800_02700,A06,aqualoc_archaeology,sequence-held-out,six_C_all_development_windows,2,1800,2700,900,900,1542883401764452448,1542883446707624928,44.94317248,44,ELIGIBLE,,,,NOT_SELECTED_FIXED_BUDGET,/mnt/data/AQUA-FE_WS/datasets/aqualoc/samples/archaeo_sequence_06_raw_data.tar.gz,/mnt/data/AQUA-FE_WS/datasets/full_downloads/aqualoc/Archaeological_site_sequences/archaeo_groundtruth_files/new_archaeo_colmap_traj_sequence_06.txt,2,1,PREVIOUS_PROJECT_USE_POSSIBLE; held-out only relative to six C-all development windows
coe1_a06_02700_03385,coe1_a06_02700_03385,A06,aqualoc_archaeology,sequence-held-out,six_C_all_development_windows,3,2700,3385,900,900,1542883446757338016,1542883480951782752,34.194444736,35,EXCLUDED,INSUFFICIENT_LENGTH_PARTIAL_TAIL,,,STRUCTURAL_EXCLUSION,/mnt/data/AQUA-FE_WS/datasets/aqualoc/samples/archaeo_sequence_06_raw_data.tar.gz,/mnt/data/AQUA-FE_WS/datasets/full_downloads/aqualoc/Archaeological_site_sequences/archaeo_groundtruth_files/new_archaeo_colmap_traj_sequence_06.txt,2,1,PREVIOUS_PROJECT_USE_POSSIBLE; held-out only relative to six C-all development windows
coe1_a07_00000_00900,coe1_a07_00000_00900,A07,aqualoc_archaeology,sequence-held-out,six_C_all_development_windows,0,0,900,900,900,1542883711463465440,1542883756418011584,44.954546144,37,ELIGIBLE,,A,6,FIRST_TWO_STRUCTURALLY_ELIGIBLE_IN_FIXED_SEQUENCE_SCOPE,/mnt/data/AQUA-FE_WS/datasets/full_downloads/aqualoc/Archaeological_site_sequences/archaeo_sequence_7_raw_data.tar.gz,/mnt/data/AQUA-FE_WS/datasets/full_downloads/aqualoc/Archaeological_site_sequences/archaeo_groundtruth_files/new_archaeo_colmap_traj_sequence_07.txt,2,1,PREVIOUS_PROJECT_USE_POSSIBLE; held-out only relative to six C-all development windows
coe1_a07_00900_01800,coe1_a07_00900_01800,A07,aqualoc_archaeology,sequence-held-out,six_C_all_development_windows,1,900,1800,900,900,1542883756463566208,1542883802154857408,45.6912912,45,ELIGIBLE,,B,6,FIRST_TWO_STRUCTURALLY_ELIGIBLE_IN_FIXED_SEQUENCE_SCOPE,/mnt/data/AQUA-FE_WS/datasets/full_downloads/aqualoc/Archaeological_site_sequences/archaeo_sequence_7_raw_data.tar.gz,/mnt/data/AQUA-FE_WS/datasets/full_downloads/aqualoc/Archaeological_site_sequences/archaeo_groundtruth_files/new_archaeo_colmap_traj_sequence_07.txt,2,1,PREVIOUS_PROJECT_USE_POSSIBLE; held-out only relative to six C-all development windows
coe1_a07_01800_02700,coe1_a07_01800_02700,A07,aqualoc_archaeology,sequence-held-out,six_C_all_development_windows,2,1800,2700,900,900,1542883802209121472,1542883847146872032,44.93775056,44,ELIGIBLE,,,,NOT_SELECTED_FIXED_BUDGET,/mnt/data/AQUA-FE_WS/datasets/full_downloads/aqualoc/Archaeological_site_sequences/archaeo_sequence_7_raw_data.tar.gz,/mnt/data/AQUA-FE_WS/datasets/full_downloads/aqualoc/Archaeological_site_sequences/archaeo_groundtruth_files/new_archaeo_colmap_traj_sequence_07.txt,2,1,PREVIOUS_PROJECT_USE_POSSIBLE; held-out only relative to six C-all development windows
coe1_a07_02700_03600,coe1_a07_02700_03600,A07,aqualoc_archaeology,sequence-held-out,six_C_all_development_windows,3,2700,3600,900,900,1542883847193048288,1542883892133776064,44.940727776,42,ELIGIBLE,,,,NOT_SELECTED_FIXED_BUDGET,/mnt/data/AQUA-FE_WS/datasets/full_downloads/aqualoc/Archaeological_site_sequences/archaeo_sequence_7_raw_data.tar.gz,/mnt/data/AQUA-FE_WS/datasets/full_downloads/aqualoc/Archaeological_site_sequences/archaeo_groundtruth_files/new_archaeo_colmap_traj_sequence_07.txt,2,1,PREVIOUS_PROJECT_USE_POSSIBLE; held-out only relative to six C-all development windows
coe1_a07_03600_04500,coe1_a07_03600_04500,A07,aqualoc_archaeology,sequence-held-out,six_C_all_development_windows,4,3600,4500,900,900,1542883892183724192,1542883937126187488,44.942463296,35,ELIGIBLE,,,,NOT_SELECTED_FIXED_BUDGET,/mnt/data/AQUA-FE_WS/datasets/full_downloads/aqualoc/Archaeological_site_sequences/archaeo_sequence_7_raw_data.tar.gz,/mnt/data/AQUA-FE_WS/datasets/full_downloads/aqualoc/Archaeological_site_sequences/archaeo_groundtruth_files/new_archaeo_colmap_traj_sequence_07.txt,2,1,PREVIOUS_PROJECT_USE_POSSIBLE; held-out only relative to six C-all development windows
coe1_a07_04500_05400,coe1_a07_04500_05400,A07,aqualoc_archaeology,sequence-held-out,six_C_all_development_windows,5,4500,5400,900,900,1542883937176142144,1542883982120077760,44.943935616,44,ELIGIBLE,,,,NOT_SELECTED_FIXED_BUDGET,/mnt/data/AQUA-FE_WS/datasets/full_downloads/aqualoc/Archaeological_site_sequences/archaeo_sequence_7_raw_data.tar.gz,/mnt/data/AQUA-FE_WS/datasets/full_downloads/aqualoc/Archaeological_site_sequences/archaeo_groundtruth_files/new_archaeo_colmap_traj_sequence_07.txt,2,1,PREVIOUS_PROJECT_USE_POSSIBLE; held-out only relative to six C-all development windows
coe1_a07_05400_06300,coe1_a07_05400_06300,A07,aqualoc_archaeology,sequence-held-out,six_C_all_development_windows,6,5400,6300,900,900,1542883982168871072,1542884027111313408,44.942442336,43,ELIGIBLE,,,,NOT_SELECTED_FIXED_BUDGET,/mnt/data/AQUA-FE_WS/datasets/full_downloads/aqualoc/Archaeological_site_sequences/archaeo_sequence_7_raw_data.tar.gz,/mnt/data/AQUA-FE_WS/datasets/full_downloads/aqualoc/Archaeological_site_sequences/archaeo_groundtruth_files/new_archaeo_colmap_traj_sequence_07.txt,2,1,PREVIOUS_PROJECT_USE_POSSIBLE; held-out only relative to six C-all development windows
coe1_a07_06300_07200,coe1_a07_06300_07200,A07,aqualoc_archaeology,sequence-held-out,six_C_all_development_windows,7,6300,7200,900,900,1542884027161306368,1542884072104047136,44.942740768,42,ELIGIBLE,,,,NOT_SELECTED_FIXED_BUDGET,/mnt/data/AQUA-FE_WS/datasets/full_downloads/aqualoc/Archaeological_site_sequences/archaeo_sequence_7_raw_data.tar.gz,/mnt/data/AQUA-FE_WS/datasets/full_downloads/aqualoc/Archaeological_site_sequences/archaeo_groundtruth_files/new_archaeo_colmap_traj_sequence_07.txt,2,1,PREVIOUS_PROJECT_USE_POSSIBLE; held-out only relative to six C-all development windows
coe1_a07_07200_08100,coe1_a07_07200_08100,A07,aqualoc_archaeology,sequence-held-out,six_C_all_development_windows,8,7200,8100,900,900,1542884072154313120,1542884117098039744,44.943726624,41,ELIGIBLE,,,,NOT_SELECTED_FIXED_BUDGET,/mnt/data/AQUA-FE_WS/datasets/full_downloads/aqualoc/Archaeological_site_sequences/archaeo_sequence_7_raw_data.tar.gz,/mnt/data/AQUA-FE_WS/datasets/full_downloads/aqualoc/Archaeological_site_sequences/archaeo_groundtruth_files/new_archaeo_colmap_traj_sequence_07.txt,2,1,PREVIOUS_PROJECT_USE_POSSIBLE; held-out only relative to six C-all development windows
coe1_a07_08100_09000,coe1_a07_08100_09000,A07,aqualoc_archaeology,sequence-held-out,six_C_all_development_windows,9,8100,9000,900,900,1542884117146617376,1542884162090861408,44.944244032,44,ELIGIBLE,,,,NOT_SELECTED_FIXED_BUDGET,/mnt/data/AQUA-FE_WS/datasets/full_downloads/aqualoc/Archaeological_site_sequences/archaeo_sequence_7_raw_data.tar.gz,/mnt/data/AQUA-FE_WS/datasets/full_downloads/aqualoc/Archaeological_site_sequences/archaeo_groundtruth_files/new_archaeo_colmap_traj_sequence_07.txt,2,1,PREVIOUS_PROJECT_USE_POSSIBLE; held-out only relative to six C-all development windows
coe1_a07_09000_09900,coe1_a07_09000_09900,A07,aqualoc_archaeology,sequence-held-out,six_C_all_development_windows,10,9000,9900,900,900,1542884162139388160,1542884207085366848,44.945978688,38,ELIGIBLE,,,,NOT_SELECTED_FIXED_BUDGET,/mnt/data/AQUA-FE_WS/datasets/full_downloads/aqualoc/Archaeological_site_sequences/archaeo_sequence_7_raw_data.tar.gz,/mnt/data/AQUA-FE_WS/datasets/full_downloads/aqualoc/Archaeological_site_sequences/archaeo_groundtruth_files/new_archaeo_colmap_traj_sequence_07.txt,2,1,PREVIOUS_PROJECT_USE_POSSIBLE; held-out only relative to six C-all development windows
coe1_a07_09900_10800,coe1_a07_09900_10800,A07,aqualoc_archaeology,sequence-held-out,six_C_all_development_windows,11,9900,10800,900,900,1542884207133308960,1542884252076544704,44.943235744,44,ELIGIBLE,,,,NOT_SELECTED_FIXED_BUDGET,/mnt/data/AQUA-FE_WS/datasets/full_downloads/aqualoc/Archaeological_site_sequences/archaeo_sequence_7_raw_data.tar.gz,/mnt/data/AQUA-FE_WS/datasets/full_downloads/aqualoc/Archaeological_site_sequences/archaeo_groundtruth_files/new_archaeo_colmap_traj_sequence_07.txt,2,1,PREVIOUS_PROJECT_USE_POSSIBLE; held-out only relative to six C-all development windows
coe1_a07_10800_11377,coe1_a07_10800_11377,A07,aqualoc_archaeology,sequence-held-out,six_C_all_development_windows,12,10800,11377,900,900,1542884252125312224,1542884280922580544,28.79726832,29,EXCLUDED,INSUFFICIENT_LENGTH_PARTIAL_TAIL,,,STRUCTURAL_EXCLUSION,/mnt/data/AQUA-FE_WS/datasets/full_downloads/aqualoc/Archaeological_site_sequences/archaeo_sequence_7_raw_data.tar.gz,/mnt/data/AQUA-FE_WS/datasets/full_downloads/aqualoc/Archaeological_site_sequences/archaeo_groundtruth_files/new_archaeo_colmap_traj_sequence_07.txt,2,1,PREVIOUS_PROJECT_USE_POSSIBLE; held-out only relative to six C-all development windows
coe1_a10_00000_00900,coe1_a10_00000_00900,A10,aqualoc_archaeology,sequence-held-out,six_C_all_development_windows,0,0,900,900,900,1542888796062978800,1542888841005493264,44.942514464,44,ELIGIBLE,,A,7,FIRST_TWO_STRUCTURALLY_ELIGIBLE_IN_FIXED_SEQUENCE_SCOPE,/mnt/data/AQUA-FE_WS/datasets/full_downloads/aqualoc/Archaeological_site_sequences/archaeo_sequence_10_raw_data.tar.gz,/mnt/data/AQUA-FE_WS/datasets/full_downloads/aqualoc/Archaeological_site_sequences/archaeo_groundtruth_files/new_archaeo_colmap_traj_sequence_10.txt,2,1,PREVIOUS_PROJECT_USE_POSSIBLE; held-out only relative to six C-all development windows
coe1_a10_00900_01800,coe1_a10_00900_01800,A10,aqualoc_archaeology,sequence-held-out,six_C_all_development_windows,1,900,1800,900,900,1542888841055977040,1542888885998361616,44.942384576,44,ELIGIBLE,,B,7,FIRST_TWO_STRUCTURALLY_ELIGIBLE_IN_FIXED_SEQUENCE_SCOPE,/mnt/data/AQUA-FE_WS/datasets/full_downloads/aqualoc/Archaeological_site_sequences/archaeo_sequence_10_raw_data.tar.gz,/mnt/data/AQUA-FE_WS/datasets/full_downloads/aqualoc/Archaeological_site_sequences/archaeo_groundtruth_files/new_archaeo_colmap_traj_sequence_10.txt,2,1,PREVIOUS_PROJECT_USE_POSSIBLE; held-out only relative to six C-all development windows
coe1_a10_01800_02700,coe1_a10_01800_02700,A10,aqualoc_archaeology,sequence-held-out,six_C_all_development_windows,2,1800,2700,900,900,1542888886048079856,1542888930991016048,44.942936192,45,ELIGIBLE,,,,NOT_SELECTED_FIXED_BUDGET,/mnt/data/AQUA-FE_WS/datasets/full_downloads/aqualoc/Archaeological_site_sequences/archaeo_sequence_10_raw_data.tar.gz,/mnt/data/AQUA-FE_WS/datasets/full_downloads/aqualoc/Archaeological_site_sequences/archaeo_groundtruth_files/new_archaeo_colmap_traj_sequence_10.txt,2,1,PREVIOUS_PROJECT_USE_POSSIBLE; held-out only relative to six C-all development windows
coe1_a10_02700_03600,coe1_a10_02700_03600,A10,aqualoc_archaeology,sequence-held-out,six_C_all_development_windows,3,2700,3600,900,900,1542888931040672688,1542888975984308656,44.943635968,45,ELIGIBLE,,,,NOT_SELECTED_FIXED_BUDGET,/mnt/data/AQUA-FE_WS/datasets/full_downloads/aqualoc/Archaeological_site_sequences/archaeo_sequence_10_raw_data.tar.gz,/mnt/data/AQUA-FE_WS/datasets/full_downloads/aqualoc/Archaeological_site_sequences/archaeo_groundtruth_files/new_archaeo_colmap_traj_sequence_10.txt,2,1,PREVIOUS_PROJECT_USE_POSSIBLE; held-out only relative to six C-all development windows
coe1_a10_03600_04500,coe1_a10_03600_04500,A10,aqualoc_archaeology,sequence-held-out,six_C_all_development_windows,4,3600,4500,900,900,1542888976033281680,1542889020977077264,44.943795584,45,ELIGIBLE,,,,NOT_SELECTED_FIXED_BUDGET,/mnt/data/AQUA-FE_WS/datasets/full_downloads/aqualoc/Archaeological_site_sequences/archaeo_sequence_10_raw_data.tar.gz,/mnt/data/AQUA-FE_WS/datasets/full_downloads/aqualoc/Archaeological_site_sequences/archaeo_groundtruth_files/new_archaeo_colmap_traj_sequence_10.txt,2,1,PREVIOUS_PROJECT_USE_POSSIBLE; held-out only relative to six C-all development windows
coe1_a10_04500_05400,coe1_a10_04500_05400,A10,aqualoc_archaeology,sequence-held-out,six_C_all_development_windows,5,4500,5400,900,900,1542889021026081104,1542889065968290480,44.942209376,45,ELIGIBLE,,,,NOT_SELECTED_FIXED_BUDGET,/mnt/data/AQUA-FE_WS/datasets/full_downloads/aqualoc/Archaeological_site_sequences/archaeo_sequence_10_raw_data.tar.gz,/mnt/data/AQUA-FE_WS/datasets/full_downloads/aqualoc/Archaeological_site_sequences/archaeo_groundtruth_files/new_archaeo_colmap_traj_sequence_10.txt,2,1,PREVIOUS_PROJECT_USE_POSSIBLE; held-out only relative to six C-all development windows
coe1_a10_05400_06300,coe1_a10_05400_06300,A10,aqualoc_archaeology,sequence-held-out,six_C_all_development_windows,6,5400,6300,900,900,1542889066018387440,1542889110960929904,44.942542464,45,ELIGIBLE,,,,NOT_SELECTED_FIXED_BUDGET,/mnt/data/AQUA-FE_WS/datasets/full_downloads/aqualoc/Archaeological_site_sequences/archaeo_sequence_10_raw_data.tar.gz,/mnt/data/AQUA-FE_WS/datasets/full_downloads/aqualoc/Archaeological_site_sequences/archaeo_groundtruth_files/new_archaeo_colmap_traj_sequence_10.txt,2,1,PREVIOUS_PROJECT_USE_POSSIBLE; held-out only relative to six C-all development windows
coe1_a10_06300_07200,coe1_a10_06300_07200,A10,aqualoc_archaeology,sequence-held-out,six_C_all_development_windows,7,6300,7200,900,900,1542889111011935344,1542889155953725680,44.941790336,45,ELIGIBLE,,,,NOT_SELECTED_FIXED_BUDGET,/mnt/data/AQUA-FE_WS/datasets/full_downloads/aqualoc/Archaeological_site_sequences/archaeo_sequence_10_raw_data.tar.gz,/mnt/data/AQUA-FE_WS/datasets/full_downloads/aqualoc/Archaeological_site_sequences/archaeo_groundtruth_files/new_archaeo_colmap_traj_sequence_10.txt,2,1,PREVIOUS_PROJECT_USE_POSSIBLE; held-out only relative to six C-all development windows
coe1_a10_07200_08100,coe1_a10_07200_08100,A10,aqualoc_archaeology,sequence-held-out,six_C_all_development_windows,8,7200,8100,900,900,1542889156003323632,1542889200946083152,44.94275952,42,ELIGIBLE,,,,NOT_SELECTED_FIXED_BUDGET,/mnt/data/AQUA-FE_WS/datasets/full_downloads/aqualoc/Archaeological_site_sequences/archaeo_sequence_10_raw_data.tar.gz,/mnt/data/AQUA-FE_WS/datasets/full_downloads/aqualoc/Archaeological_site_sequences/archaeo_groundtruth_files/new_archaeo_colmap_traj_sequence_10.txt,2,1,PREVIOUS_PROJECT_USE_POSSIBLE; held-out only relative to six C-all development windows
coe1_a10_08100_09000,coe1_a10_08100_09000,A10,aqualoc_archaeology,sequence-held-out,six_C_all_development_windows,9,8100,9000,900,900,1542889200995763568,1542889245938933392,44.943169824,42,ELIGIBLE,,,,NOT_SELECTED_FIXED_BUDGET,/mnt/data/AQUA-FE_WS/datasets/full_downloads/aqualoc/Archaeological_site_sequences/archaeo_sequence_10_raw_data.tar.gz,/mnt/data/AQUA-FE_WS/datasets/full_downloads/aqualoc/Archaeological_site_sequences/archaeo_groundtruth_files/new_archaeo_colmap_traj_sequence_10.txt,2,1,PREVIOUS_PROJECT_USE_POSSIBLE; held-out only relative to six C-all development windows
coe1_a10_09000_09900,coe1_a10_09000_09900,A10,aqualoc_archaeology,sequence-held-out,six_C_all_development_windows,10,9000,9900,900,900,1542889245988821232,1542889290931299088,44.942477856,39,ELIGIBLE,,,,NOT_SELECTED_FIXED_BUDGET,/mnt/data/AQUA-FE_WS/datasets/full_downloads/aqualoc/Archaeological_site_sequences/archaeo_sequence_10_raw_data.tar.gz,/mnt/data/AQUA-FE_WS/datasets/full_downloads/aqualoc/Archaeological_site_sequences/archaeo_groundtruth_files/new_archaeo_colmap_traj_sequence_10.txt,2,1,PREVIOUS_PROJECT_USE_POSSIBLE; held-out only relative to six C-all development windows
coe1_a10_09900_10800,coe1_a10_09900_10800,A10,aqualoc_archaeology,sequence-held-out,six_C_all_development_windows,11,9900,10800,900,900,1542889290981590352,1542889335923721168,44.942130816,40,ELIGIBLE,,,,NOT_SELECTED_FIXED_BUDGET,/mnt/data/AQUA-FE_WS/datasets/full_downloads/aqualoc/Archaeological_site_sequences/archaeo_sequence_10_raw_data.tar.gz,/mnt/data/AQUA-FE_WS/datasets/full_downloads/aqualoc/Archaeological_site_sequences/archaeo_groundtruth_files/new_archaeo_colmap_traj_sequence_10.txt,2,1,PREVIOUS_PROJECT_USE_POSSIBLE; held-out only relative to six C-all development windows
coe1_a10_10800_11700,coe1_a10_10800_11700,A10,aqualoc_archaeology,sequence-held-out,six_C_all_development_windows,12,10800,11700,900,900,1542889335973697392,1542889380916318672,44.94262128,45,ELIGIBLE,,,,NOT_SELECTED_FIXED_BUDGET,/mnt/data/AQUA-FE_WS/datasets/full_downloads/aqualoc/Archaeological_site_sequences/archaeo_sequence_10_raw_data.tar.gz,/mnt/data/AQUA-FE_WS/datasets/full_downloads/aqualoc/Archaeological_site_sequences/archaeo_groundtruth_files/new_archaeo_colmap_traj_sequence_10.txt,2,1,PREVIOUS_PROJECT_USE_POSSIBLE; held-out only relative to six C-all development windows
coe1_a10_11700_12600,coe1_a10_11700_12600,A10,aqualoc_archaeology,sequence-held-out,six_C_all_development_windows,13,11700,12600,900,900,1542889380968117808,1542889425908843504,44.940725696,45,ELIGIBLE,,,,NOT_SELECTED_FIXED_BUDGET,/mnt/data/AQUA-FE_WS/datasets/full_downloads/aqualoc/Archaeological_site_sequences/archaeo_sequence_10_raw_data.tar.gz,/mnt/data/AQUA-FE_WS/datasets/full_downloads/aqualoc/Archaeological_site_sequences/archaeo_groundtruth_files/new_archaeo_colmap_traj_sequence_10.txt,2,1,PREVIOUS_PROJECT_USE_POSSIBLE; held-out only relative to six C-all development windows
coe1_a10_12600_13500,coe1_a10_12600_13500,A10,aqualoc_archaeology,sequence-held-out,six_C_all_development_windows,14,12600,13500,900,900,1542889425958662768,1542889470901277712,44.942614944,42,ELIGIBLE,,,,NOT_SELECTED_FIXED_BUDGET,/mnt/data/AQUA-FE_WS/datasets/full_downloads/aqualoc/Archaeological_site_sequences/archaeo_sequence_10_raw_data.tar.gz,/mnt/data/AQUA-FE_WS/datasets/full_downloads/aqualoc/Archaeological_site_sequences/archaeo_groundtruth_files/new_archaeo_colmap_traj_sequence_10.txt,2,1,PREVIOUS_PROJECT_USE_POSSIBLE; held-out only relative to six C-all development windows
coe1_a10_13500_14293,coe1_a10_13500_14293,A10,aqualoc_archaeology,sequence-held-out,six_C_all_development_windows,15,13500,14293,900,900,1542889470951488624,1542889510545377872,39.593889248,40,EXCLUDED,INSUFFICIENT_LENGTH_PARTIAL_TAIL,,,STRUCTURAL_EXCLUSION,/mnt/data/AQUA-FE_WS/datasets/full_downloads/aqualoc/Archaeological_site_sequences/archaeo_sequence_10_raw_data.tar.gz,/mnt/data/AQUA-FE_WS/datasets/full_downloads/aqualoc/Archaeological_site_sequences/archaeo_groundtruth_files/new_archaeo_colmap_traj_sequence_10.txt,2,1,PREVIOUS_PROJECT_USE_POSSIBLE; held-out only relative to six C-all development windows
coe1_h01_00000_00900,coe1_h01_00000_00900,H01,aqualoc_harbor,sequence-held-out,six_C_all_development_windows,0,0,900,900,900,1523957607455213652,1523957652422961475,44.967747823,180,ELIGIBLE,,A,8,FIRST_TWO_STRUCTURALLY_ELIGIBLE_IN_FIXED_SEQUENCE_SCOPE,/mnt/data/AQUA-FE_WS/datasets/full_downloads/aqualoc/Harbor_sites_sequences/harbor_sequence_01_raw_data.tar.gz,/mnt/data/AQUA-FE_WS/datasets/full_downloads/aqualoc/Harbor_sites_sequences/harbor_groundtruth_files/new_harbor_colmap_traj_sequence_01.txt,2,1,PREVIOUS_PROJECT_USE_POSSIBLE; held-out only relative to six C-all development windows
coe1_h01_00900_01800,coe1_h01_00900_01800,H01,aqualoc_harbor,sequence-held-out,six_C_all_development_windows,1,900,1800,900,900,1523957652473176796,1523957697441071111,44.967894315,180,ELIGIBLE,,B,8,FIRST_TWO_STRUCTURALLY_ELIGIBLE_IN_FIXED_SEQUENCE_SCOPE,/mnt/data/AQUA-FE_WS/datasets/full_downloads/aqualoc/Harbor_sites_sequences/harbor_sequence_01_raw_data.tar.gz,/mnt/data/AQUA-FE_WS/datasets/full_downloads/aqualoc/Harbor_sites_sequences/harbor_groundtruth_files/new_harbor_colmap_traj_sequence_01.txt,2,1,PREVIOUS_PROJECT_USE_POSSIBLE; held-out only relative to six C-all development windows
coe1_h01_01800_02700,coe1_h01_01800_02700,H01,aqualoc_harbor,sequence-held-out,six_C_all_development_windows,2,1800,2700,900,900,1523957697491814656,1523957742459943743,44.968129087,180,ELIGIBLE,,,,NOT_SELECTED_FIXED_BUDGET,/mnt/data/AQUA-FE_WS/datasets/full_downloads/aqualoc/Harbor_sites_sequences/harbor_sequence_01_raw_data.tar.gz,/mnt/data/AQUA-FE_WS/datasets/full_downloads/aqualoc/Harbor_sites_sequences/harbor_groundtruth_files/new_harbor_colmap_traj_sequence_01.txt,2,1,PREVIOUS_PROJECT_USE_POSSIBLE; held-out only relative to six C-all development windows
coe1_h01_02700_03600,coe1_h01_02700_03600,H01,aqualoc_harbor,sequence-held-out,six_C_all_development_windows,3,2700,3600,900,900,1523957742510552342,1523957787478576376,44.968024034,180,ELIGIBLE,,,,NOT_SELECTED_FIXED_BUDGET,/mnt/data/AQUA-FE_WS/datasets/full_downloads/aqualoc/Harbor_sites_sequences/harbor_sequence_01_raw_data.tar.gz,/mnt/data/AQUA-FE_WS/datasets/full_downloads/aqualoc/Harbor_sites_sequences/harbor_groundtruth_files/new_harbor_colmap_traj_sequence_01.txt,2,1,PREVIOUS_PROJECT_USE_POSSIBLE; held-out only relative to six C-all development windows
coe1_h01_03600_04500,coe1_h01_03600_04500,H01,aqualoc_harbor,sequence-held-out,six_C_all_development_windows,4,3600,4500,900,900,1523957787529564731,1523957832497282008,44.967717277,180,ELIGIBLE,,,,NOT_SELECTED_FIXED_BUDGET,/mnt/data/AQUA-FE_WS/datasets/full_downloads/aqualoc/Harbor_sites_sequences/harbor_sequence_01_raw_data.tar.gz,/mnt/data/AQUA-FE_WS/datasets/full_downloads/aqualoc/Harbor_sites_sequences/harbor_groundtruth_files/new_harbor_colmap_traj_sequence_01.txt,2,1,PREVIOUS_PROJECT_USE_POSSIBLE; held-out only relative to six C-all development windows
coe1_h01_04500_04586,coe1_h01_04500_04586,H01,aqualoc_harbor,sequence-held-out,six_C_all_development_windows,5,4500,4586,900,900,1523957832547891526,1523957836799338812,4.251447286,18,EXCLUDED,INSUFFICIENT_LENGTH_PARTIAL_TAIL,,,STRUCTURAL_EXCLUSION,/mnt/data/AQUA-FE_WS/datasets/full_downloads/aqualoc/Harbor_sites_sequences/harbor_sequence_01_raw_data.tar.gz,/mnt/data/AQUA-FE_WS/datasets/full_downloads/aqualoc/Harbor_sites_sequences/harbor_groundtruth_files/new_harbor_colmap_traj_sequence_01.txt,2,1,PREVIOUS_PROJECT_USE_POSSIBLE; held-out only relative to six C-all development windows
coe1_h02_00000_00900,coe1_h02_00000_00900,H02,aqualoc_harbor,sequence-held-out,six_C_all_development_windows,0,0,900,900,900,1523958586902587138,1523958631869833295,44.967246157,180,ELIGIBLE,,A,9,FIRST_TWO_STRUCTURALLY_ELIGIBLE_IN_FIXED_SEQUENCE_SCOPE,/mnt/data/AQUA-FE_WS/datasets/full_downloads/aqualoc/Harbor_sites_sequences/harbor_sequence_02_raw_data.tar.gz,/mnt/data/AQUA-FE_WS/datasets/full_downloads/aqualoc/Harbor_sites_sequences/harbor_groundtruth_files/new_harbor_colmap_traj_sequence_02.txt,2,1,PREVIOUS_PROJECT_USE_POSSIBLE; held-out only relative to six C-all development windows
coe1_h02_00900_01800,coe1_h02_00900_01800,H02,aqualoc_harbor,sequence-held-out,six_C_all_development_windows,1,900,1800,900,900,1523958631919069846,1523958676887852898,44.968783052,180,ELIGIBLE,,B,9,FIRST_TWO_STRUCTURALLY_ELIGIBLE_IN_FIXED_SEQUENCE_SCOPE,/mnt/data/AQUA-FE_WS/datasets/full_downloads/aqualoc/Harbor_sites_sequences/harbor_sequence_02_raw_data.tar.gz,/mnt/data/AQUA-FE_WS/datasets/full_downloads/aqualoc/Harbor_sites_sequences/harbor_groundtruth_files/new_harbor_colmap_traj_sequence_02.txt,2,1,PREVIOUS_PROJECT_USE_POSSIBLE; held-out only relative to six C-all development windows
coe1_h02_01800_02700,coe1_h02_01800_02700,H02,aqualoc_harbor,sequence-held-out,six_C_all_development_windows,2,1800,2700,900,900,1523958676938509697,1523958721907070689,44.968560992,180,ELIGIBLE,,,,NOT_SELECTED_FIXED_BUDGET,/mnt/data/AQUA-FE_WS/datasets/full_downloads/aqualoc/Harbor_sites_sequences/harbor_sequence_02_raw_data.tar.gz,/mnt/data/AQUA-FE_WS/datasets/full_downloads/aqualoc/Harbor_sites_sequences/harbor_groundtruth_files/new_harbor_colmap_traj_sequence_02.txt,2,1,PREVIOUS_PROJECT_USE_POSSIBLE; held-out only relative to six C-all development windows
coe1_h02_02700_03600,coe1_h02_02700_03600,H02,aqualoc_harbor,sequence-held-out,six_C_all_development_windows,3,2700,3600,900,900,1523958721958217185,1523958766925775205,44.96755802,180,ELIGIBLE,,,,NOT_SELECTED_FIXED_BUDGET,/mnt/data/AQUA-FE_WS/datasets/full_downloads/aqualoc/Harbor_sites_sequences/harbor_sequence_02_raw_data.tar.gz,/mnt/data/AQUA-FE_WS/datasets/full_downloads/aqualoc/Harbor_sites_sequences/harbor_groundtruth_files/new_harbor_colmap_traj_sequence_02.txt,2,1,PREVIOUS_PROJECT_USE_POSSIBLE; held-out only relative to six C-all development windows
coe1_h02_03600_04500,coe1_h02_03600_04500,H02,aqualoc_harbor,sequence-held-out,six_C_all_development_windows,4,3600,4500,900,900,1523958766975995504,1523958811944745772,44.968750268,180,ELIGIBLE,,,,NOT_SELECTED_FIXED_BUDGET,/mnt/data/AQUA-FE_WS/datasets/full_downloads/aqualoc/Harbor_sites_sequences/harbor_sequence_02_raw_data.tar.gz,/mnt/data/AQUA-FE_WS/datasets/full_downloads/aqualoc/Harbor_sites_sequences/harbor_groundtruth_files/new_harbor_colmap_traj_sequence_02.txt,2,1,PREVIOUS_PROJECT_USE_POSSIBLE; held-out only relative to six C-all development windows
coe1_h02_04500_05400,coe1_h02_04500_05400,H02,aqualoc_harbor,sequence-held-out,six_C_all_development_windows,5,4500,5400,900,900,1523958811994485858,1523958856963053047,44.968567189,176,ELIGIBLE,,,,NOT_SELECTED_FIXED_BUDGET,/mnt/data/AQUA-FE_WS/datasets/full_downloads/aqualoc/Harbor_sites_sequences/harbor_sequence_02_raw_data.tar.gz,/mnt/data/AQUA-FE_WS/datasets/full_downloads/aqualoc/Harbor_sites_sequences/harbor_groundtruth_files/new_harbor_colmap_traj_sequence_02.txt,2,1,PREVIOUS_PROJECT_USE_POSSIBLE; held-out only relative to six C-all development windows
coe1_h02_05400_06300,coe1_h02_05400_06300,H02,aqualoc_harbor,sequence-held-out,six_C_all_development_windows,6,5400,6300,900,900,1523958857013734430,1523958901982402902,44.968668472,145,ELIGIBLE,,,,NOT_SELECTED_FIXED_BUDGET,/mnt/data/AQUA-FE_WS/datasets/full_downloads/aqualoc/Harbor_sites_sequences/harbor_sequence_02_raw_data.tar.gz,/mnt/data/AQUA-FE_WS/datasets/full_downloads/aqualoc/Harbor_sites_sequences/harbor_groundtruth_files/new_harbor_colmap_traj_sequence_02.txt,2,1,PREVIOUS_PROJECT_USE_POSSIBLE; held-out only relative to six C-all development windows
coe1_h02_06300_07200,coe1_h02_06300_07200,H02,aqualoc_harbor,sequence-held-out,six_C_all_development_windows,7,6300,7200,900,900,1523958902032263004,1523958947001141360,44.968878356,180,ELIGIBLE,,,,NOT_SELECTED_FIXED_BUDGET,/mnt/data/AQUA-FE_WS/datasets/full_downloads/aqualoc/Harbor_sites_sequences/harbor_sequence_02_raw_data.tar.gz,/mnt/data/AQUA-FE_WS/datasets/full_downloads/aqualoc/Harbor_sites_sequences/harbor_groundtruth_files/new_harbor_colmap_traj_sequence_02.txt,2,1,PREVIOUS_PROJECT_USE_POSSIBLE; held-out only relative to six C-all development windows
coe1_h02_07200_08100,coe1_h02_07200_08100,H02,aqualoc_harbor,sequence-held-out,six_C_all_development_windows,8,7200,8100,900,900,1523958947052896579,1523958992020951968,44.968055389,180,ELIGIBLE,,,,NOT_SELECTED_FIXED_BUDGET,/mnt/data/AQUA-FE_WS/datasets/full_downloads/aqualoc/Harbor_sites_sequences/harbor_sequence_02_raw_data.tar.gz,/mnt/data/AQUA-FE_WS/datasets/full_downloads/aqualoc/Harbor_sites_sequences/harbor_groundtruth_files/new_harbor_colmap_traj_sequence_02.txt,2,1,PREVIOUS_PROJECT_USE_POSSIBLE; held-out only relative to six C-all development windows
coe1_h02_08100_08142,coe1_h02_08100_08142,H02,aqualoc_harbor,sequence-held-out,six_C_all_development_windows,9,8100,8142,900,900,1523958992070364801,1523958994121566482,2.051201681,9,EXCLUDED,INSUFFICIENT_LENGTH_PARTIAL_TAIL,,,STRUCTURAL_EXCLUSION,/mnt/data/AQUA-FE_WS/datasets/full_downloads/aqualoc/Harbor_sites_sequences/harbor_sequence_02_raw_data.tar.gz,/mnt/data/AQUA-FE_WS/datasets/full_downloads/aqualoc/Harbor_sites_sequences/harbor_groundtruth_files/new_harbor_colmap_traj_sequence_02.txt,2,1,PREVIOUS_PROJECT_USE_POSSIBLE; held-out only relative to six C-all development windows
coe1_h03_00000_00900,coe1_h03_00000_00900,H03,aqualoc_harbor,sequence-held-out,six_C_all_development_windows,0,0,900,900,900,1523966832609037029,1523966877575316544,44.966279515,180,ELIGIBLE,,A,10,FIRST_TWO_STRUCTURALLY_ELIGIBLE_IN_FIXED_SEQUENCE_SCOPE,/mnt/data/AQUA-FE_WS/datasets/full_downloads/aqualoc/Harbor_sites_sequences/harbor_sequence_03_raw_data.tar.gz,/mnt/data/AQUA-FE_WS/datasets/full_downloads/aqualoc/Harbor_sites_sequences/harbor_groundtruth_files/new_harbor_colmap_traj_sequence_03.txt,2,1,PREVIOUS_PROJECT_USE_POSSIBLE; held-out only relative to six C-all development windows
coe1_h03_00900_01800,coe1_h03_00900_01800,H03,aqualoc_harbor,sequence-held-out,six_C_all_development_windows,1,900,1800,900,900,1523966877625023504,1523966922592966885,44.967943381,180,ELIGIBLE,,B,10,FIRST_TWO_STRUCTURALLY_ELIGIBLE_IN_FIXED_SEQUENCE_SCOPE,/mnt/data/AQUA-FE_WS/datasets/full_downloads/aqualoc/Harbor_sites_sequences/harbor_sequence_03_raw_data.tar.gz,/mnt/data/AQUA-FE_WS/datasets/full_downloads/aqualoc/Harbor_sites_sequences/harbor_groundtruth_files/new_harbor_colmap_traj_sequence_03.txt,2,1,PREVIOUS_PROJECT_USE_POSSIBLE; held-out only relative to six C-all development windows
coe1_h03_01800_02700,coe1_h03_01800_02700,H03,aqualoc_harbor,sequence-held-out,six_C_all_development_windows,2,1800,2700,900,900,1523966922643979137,1523966967611685409,44.967706272,180,ELIGIBLE,,,,NOT_SELECTED_FIXED_BUDGET,/mnt/data/AQUA-FE_WS/datasets/full_downloads/aqualoc/Harbor_sites_sequences/harbor_sequence_03_raw_data.tar.gz,/mnt/data/AQUA-FE_WS/datasets/full_downloads/aqualoc/Harbor_sites_sequences/harbor_groundtruth_files/new_harbor_colmap_traj_sequence_03.txt,2,1,PREVIOUS_PROJECT_USE_POSSIBLE; held-out only relative to six C-all development windows
coe1_h03_02700_03600,coe1_h03_02700_03600,H03,aqualoc_harbor,sequence-held-out,six_C_all_development_windows,3,2700,3600,900,900,1523966967662354150,1523967012632099286,44.969745136,180,ELIGIBLE,,,,NOT_SELECTED_FIXED_BUDGET,/mnt/data/AQUA-FE_WS/datasets/full_downloads/aqualoc/Harbor_sites_sequences/harbor_sequence_03_raw_data.tar.gz,/mnt/data/AQUA-FE_WS/datasets/full_downloads/aqualoc/Harbor_sites_sequences/harbor_groundtruth_files/new_harbor_colmap_traj_sequence_03.txt,2,1,PREVIOUS_PROJECT_USE_POSSIBLE; held-out only relative to six C-all development windows
coe1_h03_03600_04500,coe1_h03_03600_04500,H03,aqualoc_harbor,sequence-held-out,six_C_all_development_windows,4,3600,4500,900,900,1523967012680410986,1523967057649153350,44.968742364,180,ELIGIBLE,,,,NOT_SELECTED_FIXED_BUDGET,/mnt/data/AQUA-FE_WS/datasets/full_downloads/aqualoc/Harbor_sites_sequences/harbor_sequence_03_raw_data.tar.gz,/mnt/data/AQUA-FE_WS/datasets/full_downloads/aqualoc/Harbor_sites_sequences/harbor_groundtruth_files/new_harbor_colmap_traj_sequence_03.txt,2,1,PREVIOUS_PROJECT_USE_POSSIBLE; held-out only relative to six C-all development windows
coe1_h03_04500_05151,coe1_h03_04500_05151,H03,aqualoc_harbor,sequence-held-out,six_C_all_development_windows,5,4500,5151,900,900,1523967057699974052,1523967090213518015,32.513543963,131,EXCLUDED,INSUFFICIENT_LENGTH_PARTIAL_TAIL,,,STRUCTURAL_EXCLUSION,/mnt/data/AQUA-FE_WS/datasets/full_downloads/aqualoc/Harbor_sites_sequences/harbor_sequence_03_raw_data.tar.gz,/mnt/data/AQUA-FE_WS/datasets/full_downloads/aqualoc/Harbor_sites_sequences/harbor_groundtruth_files/new_harbor_colmap_traj_sequence_03.txt,2,1,PREVIOUS_PROJECT_USE_POSSIBLE; held-out only relative to six C-all development windows
coe1_h04_00000_00900,coe1_h04_00000_00900,H04,aqualoc_harbor,sequence-held-out,six_C_all_development_windows,0,0,900,900,900,1523968712805838626,1523968757774579115,44.968740489,180,ELIGIBLE,,A,11,FIRST_TWO_STRUCTURALLY_ELIGIBLE_IN_FIXED_SEQUENCE_SCOPE,/mnt/data/AQUA-FE_WS/datasets/full_downloads/aqualoc/Harbor_sites_sequences/harbor_sequence_04_raw_data.tar.gz,/mnt/data/AQUA-FE_WS/datasets/full_downloads/aqualoc/Harbor_sites_sequences/harbor_groundtruth_files/new_harbor_colmap_traj_sequence_04.txt,2,1,PREVIOUS_PROJECT_USE_POSSIBLE; held-out only relative to six C-all development windows
coe1_h04_00900_01800,coe1_h04_00900_01800,H04,aqualoc_harbor,sequence-held-out,six_C_all_development_windows,1,900,1800,900,900,1523968757825560176,1523968802793252077,44.967691901,180,ELIGIBLE,,B,11,FIRST_TWO_STRUCTURALLY_ELIGIBLE_IN_FIXED_SEQUENCE_SCOPE,/mnt/data/AQUA-FE_WS/datasets/full_downloads/aqualoc/Harbor_sites_sequences/harbor_sequence_04_raw_data.tar.gz,/mnt/data/AQUA-FE_WS/datasets/full_downloads/aqualoc/Harbor_sites_sequences/harbor_groundtruth_files/new_harbor_colmap_traj_sequence_04.txt,2,1,PREVIOUS_PROJECT_USE_POSSIBLE; held-out only relative to six C-all development windows
coe1_h04_01800_02700,coe1_h04_01800_02700,H04,aqualoc_harbor,sequence-held-out,six_C_all_development_windows,2,1800,2700,900,900,1523968802844147237,1523968847812802403,44.968655166,125,ELIGIBLE,,,,NOT_SELECTED_FIXED_BUDGET,/mnt/data/AQUA-FE_WS/datasets/full_downloads/aqualoc/Harbor_sites_sequences/harbor_sequence_04_raw_data.tar.gz,/mnt/data/AQUA-FE_WS/datasets/full_downloads/aqualoc/Harbor_sites_sequences/harbor_groundtruth_files/new_harbor_colmap_traj_sequence_04.txt,2,1,PREVIOUS_PROJECT_USE_POSSIBLE; held-out only relative to six C-all development windows
coe1_h04_02700_03600,coe1_h04_02700_03600,H04,aqualoc_harbor,sequence-held-out,six_C_all_development_windows,3,2700,3600,900,900,1523968847862046926,1523968892831213353,44.969166427,180,ELIGIBLE,,,,NOT_SELECTED_FIXED_BUDGET,/mnt/data/AQUA-FE_WS/datasets/full_downloads/aqualoc/Harbor_sites_sequences/harbor_sequence_04_raw_data.tar.gz,/mnt/data/AQUA-FE_WS/datasets/full_downloads/aqualoc/Harbor_sites_sequences/harbor_groundtruth_files/new_harbor_colmap_traj_sequence_04.txt,2,1,PREVIOUS_PROJECT_USE_POSSIBLE; held-out only relative to six C-all development windows
coe1_h04_03600_04125,coe1_h04_03600_04125,H04,aqualoc_harbor,sequence-held-out,six_C_all_development_windows,4,3600,4125,900,900,1523968892882454302,1523968919093655267,26.211200965,105,EXCLUDED,INSUFFICIENT_LENGTH_PARTIAL_TAIL,,,STRUCTURAL_EXCLUSION,/mnt/data/AQUA-FE_WS/datasets/full_downloads/aqualoc/Harbor_sites_sequences/harbor_sequence_04_raw_data.tar.gz,/mnt/data/AQUA-FE_WS/datasets/full_downloads/aqualoc/Harbor_sites_sequences/harbor_groundtruth_files/new_harbor_colmap_traj_sequence_04.txt,2,1,PREVIOUS_PROJECT_USE_POSSIBLE; held-out only relative to six C-all development windows
coe1_h05_00000_00900,coe1_h05_00000_00900,H05,aqualoc_harbor,sequence-held-out,six_C_all_development_windows,0,0,900,900,900,1523969519409664426,1523969564378793954,44.969129528,180,ELIGIBLE,,A,12,FIRST_TWO_STRUCTURALLY_ELIGIBLE_IN_FIXED_SEQUENCE_SCOPE,/mnt/data/AQUA-FE_WS/datasets/full_downloads/aqualoc/Harbor_sites_sequences/harbor_sequence_05_raw_data.tar.gz,/mnt/data/AQUA-FE_WS/datasets/full_downloads/aqualoc/Harbor_sites_sequences/harbor_groundtruth_files/new_harbor_colmap_traj_sequence_05.txt,2,1,PREVIOUS_PROJECT_USE_POSSIBLE; held-out only relative to six C-all development windows
coe1_h05_00900_01800,coe1_h05_00900_01800,H05,aqualoc_harbor,sequence-held-out,six_C_all_development_windows,1,900,1800,900,900,1523969564428214714,1523969609396416431,44.968201717,180,ELIGIBLE,,B,12,FIRST_TWO_STRUCTURALLY_ELIGIBLE_IN_FIXED_SEQUENCE_SCOPE,/mnt/data/AQUA-FE_WS/datasets/full_downloads/aqualoc/Harbor_sites_sequences/harbor_sequence_05_raw_data.tar.gz,/mnt/data/AQUA-FE_WS/datasets/full_downloads/aqualoc/Harbor_sites_sequences/harbor_groundtruth_files/new_harbor_colmap_traj_sequence_05.txt,2,1,PREVIOUS_PROJECT_USE_POSSIBLE; held-out only relative to six C-all development windows
coe1_h05_01800_02700,coe1_h05_01800_02700,H05,aqualoc_harbor,sequence-held-out,six_C_all_development_windows,2,1800,2700,900,900,1523969609447004356,1523969654415458965,44.968454609,180,ELIGIBLE,,,,NOT_SELECTED_FIXED_BUDGET,/mnt/data/AQUA-FE_WS/datasets/full_downloads/aqualoc/Harbor_sites_sequences/harbor_sequence_05_raw_data.tar.gz,/mnt/data/AQUA-FE_WS/datasets/full_downloads/aqualoc/Harbor_sites_sequences/harbor_groundtruth_files/new_harbor_colmap_traj_sequence_05.txt,2,1,PREVIOUS_PROJECT_USE_POSSIBLE; held-out only relative to six C-all development windows
coe1_h05_02700_03458,coe1_h05_02700_03458,H05,aqualoc_harbor,sequence-held-out,six_C_all_development_windows,3,2700,3458,900,900,1523969654465298206,1523969692331479298,37.866181092,152,EXCLUDED,INSUFFICIENT_LENGTH_PARTIAL_TAIL,,,STRUCTURAL_EXCLUSION,/mnt/data/AQUA-FE_WS/datasets/full_downloads/aqualoc/Harbor_sites_sequences/harbor_sequence_05_raw_data.tar.gz,/mnt/data/AQUA-FE_WS/datasets/full_downloads/aqualoc/Harbor_sites_sequences/harbor_groundtruth_files/new_harbor_colmap_traj_sequence_05.txt,2,1,PREVIOUS_PROJECT_USE_POSSIBLE; held-out only relative to six C-all development windows
