frame_index,timestamp_s,trigger,trigger_reason,k0_count,k0_grid_coverage,k0_median_fb,degradation_score,valid_models,learned_eligible,classical_eligible,learned_added,classical_added,learned_alive,classical_alive,master_pool_hash,classical_pool_hash
0,1652274610.7852898,0,NO_TRIGGER,350,1.0,0.0,0.044152900247012905,F;H,0,0,0,0,0,0,cf6462eb9d392e9633da2d90c72cc1e93f7dcf3fe855607d5223f8e08b0c5fba,43e18b0cb3e2df24daaee437e75c4ab8094d4a60ef82f58ac058acd9dab7fb1f
1,1652274610.8354895,0,NO_TRIGGER,350,1.0,0.005037522874772549,0.04418730382582714,F;H,0,0,0,0,0,0,857385ee3d8ec7691e744fac7791ea58e1280b76de6d589c7f63b9aff7618faa,36da3d3e3e831219db73be30e20b61c21dcf5dc6c9e9a539709e97560c177daa
2,1652274610.8849964,0,NO_TRIGGER,350,1.0,0.0053284503519535065,0.04421082667930465,F;H,0,0,0,0,0,0,7eb6759e78917def3e9e01d389e4a5940dc004ca0b0886c69850143fbd160178,205c94e39f819378ffd1ba3edc2691c65d448ba2b887c9b61030fc4dae23ac70
3,1652274610.9351568,0,NO_TRIGGER,350,1.0,0.006549735553562641,0.04416775931564043,F;H,0,0,0,0,0,0,bcafc906b7bc649f83edc5a2008e3bb444e95b66d3e729115397458c09269332,b8964b53c665295af8174c49b38bee21ce52b2ec1c94e9cd7487c3b7fa0fabd0
4,1652274610.9859369,0,NO_TRIGGER,350,0.9583333333333334,0.006044482812285423,0.044095283059512935,F;H,0,0,0,0,0,0,f6333fd35169b8f6e7a6241147828b61cc25fe54687daa08772b9b0e2d49d3a9,bb02ad1b0e730840fb8a6713393351464f42765fff9389d9fac88fdd18e20be3
5,1652274611.034927,0,NO_TRIGGER,350,1.0,0.006985995918512344,0.044271944747625636,F;H,0,0,0,0,0,0,ee5d74a3d32ffc884af264914fbd928609d6f9c1cb9a7a2b4b3624a8fdc9f9b4,45a5e230647d4dcb1f251e215743260c5a9b33506e8535ecca974bb8941e378e
6,1652274611.085712,0,NO_TRIGGER,350,1.0,0.005876750685274601,0.04424794902726714,F;H,0,0,0,0,0,0,243ed9dc1240b16b4d07daa7cd7a29509e65f7c9a770abb3e26c097ff36009e2,bcfa8f6a99e9e6839d99a9eba503b8929a2392ce26d16b2d7ccff8bc5b4721fd
7,1652274611.1348755,0,NO_TRIGGER,350,0.9583333333333334,0.006237468682229519,0.04427608178232245,F;H,0,0,0,0,0,0,bad4a32a522e35ced3059654efb8283fc9f379290606ae0a7d0a76d6393df391,5c06a7ad8b3db3ca282489c6f6c90da9314bf09649ade3f3e562200f037eadc5
8,1652274611.1847546,1,KLT_HEALTH_TRIGGER,350,1.0,0.006541780661791563,0.04415990057253372,F;H,0,0,68,256,0,0,ef80695ce35e91aed149731aa86f29cd9117b9e2498f958b4dee28f8ea95e318,99e3ef7f4c014be29ce9be72f28b4261552c4b64b8610ae0a5db225bec95fad0
9,1652274611.2349494,0,NO_TRIGGER,350,0.9583333333333334,0.006614734418690205,0.04418834439146746,F;H,0,0,0,0,42,98,316a7046b9a8b2a0177195e0fe5a2845dee9a9a17a2397bea91e738fbb4f257d,67323846fd0c5d21dfa481610cc577961b4aae8977ff86ec06f8a0e9a493767a
10,1652274611.2854285,0,NO_TRIGGER,350,1.0,0.006064903922379017,0.04410623429840688,F;H,0,0,0,0,41,83,e3de5df06bcd274c7d44d02e3ed63360047c083fcb0474ae6b142d02a24b8518,f59e4e1e49cbaa228de3ab2fd4435bcd7d19a6f3a0dcdf9df405eda213c1ee2f
11,1652274611.3349981,0,NO_TRIGGER,350,1.0,0.006302745081484318,0.04398677485447311,F;H,0,0,0,0,36,73,de4962f3074bce1e74eb4cf1695e1bc93083163c860c2b8b9032f59167e1d3cf,91256fbde7e08f89f4a1d82b049fc57b22eafe3862a6ddb0c484be77a32614b9
12,1652274611.385145,0,NO_TRIGGER,350,1.0,0.005894641391932964,0.043998582596124436,F;H,17,25,0,0,34,61,e24a97a7f2f01dd0283317eb4d19e2502b2d34b33c289f48c09efff3c7a259b3,89dd59dc2255b741114e9f05a7480822a0e4c801b7e25b14688fe41726594b4c
13,1652274611.4351957,0,NO_TRIGGER,350,0.9583333333333334,0.005681055597960949,0.044000856502757424,F;H,17,25,0,0,32,58,82cb3cc994d35d3a512a76d41478471c3758ec2aa90337b909e8ebfb5d039f59,48efb337d073ceda79431fcbf9e138d37ac6a5bdbe4f1de27da10215fce38bc3
14,1652274611.4849002,0,NO_TRIGGER,350,0.9583333333333334,0.007284792605787516,0.04402516223383901,F;H,17,26,0,0,32,57,59a01650284a68dc54ee569c6424e9cb70b9e1f0b79ba3012bd561d5ee529398,09c9fe376bf502795644dbedb23b027eacc79d8cc7b502e771a0c9b477c701de
15,1652274611.5356236,0,NO_TRIGGER,350,0.9583333333333334,0.006031803786754608,0.043984147614123836,F;H,19,26,0,0,29,56,71329b9e2e903ca3cca89e5d9f3aeb62d8a09de90e89f7cd1a5971c1c957a6b8,fe1efaec071dd408fd5658a36848fdfad4be4bc49d73b5c686224d64bfe7447f
16,1652274611.5853915,0,NO_TRIGGER,350,0.9166666666666666,0.005699344910681248,0.04399355784696701,F;H,19,28,0,0,28,54,c43bfebf4ad356884ea4653abe6b303fafc31b930db42c8718f6a65db1346519,f1f92af98f99ee8ac9ed27a5a6d98d1fd9383d524fcfb19c63cecc3cc72952b0
17,1652274611.634661,0,NO_TRIGGER,350,0.9583333333333334,0.006746678613126278,0.04402156264361223,F;H,17,24,0,0,28,49,bb5d0290ac26a7fe793d37085b6b20cdb90bd337cadadf3e4422f2fccb972daf,e5941b7ee984edfd2f5184a9ab313c872296ae3923c3e36a5b89048736bb3fa0
18,1652274611.6860812,0,NO_TRIGGER,350,1.0,0.007219035644084215,0.04390659165326283,F;H,16,23,0,0,27,48,eb2a55d5a8ae786d93b46332943fcc3b15ee19c66a579e59816097fd1874e137,e579a6b2a5126c9abb9ea3b641ddcc53f812b0848f180979cbc0df981a4817f4
19,1652274611.7346115,0,NO_TRIGGER,350,0.9583333333333334,0.007280086167156696,0.0439333940812654,F;H,18,25,0,0,27,46,56155ef69b658dd2ad213dc696429b427f51da6393ba90470d0852a26ef5c37f,537f97f794a931e526bb9c4a550e33bc97578e9b86be6574b562d0cd305a6814
20,1652274611.7856948,0,NO_TRIGGER,350,1.0,0.006898188032209873,0.04389806908700988,F;H,17,25,0,0,25,45,845ca7b98b7e688bc92796b590081f9b9429687659ad6655f5ad8f7dae5d155b,d9803a607da031d3ed1cea39a5ba69a80cd31ac5eb4deeb93beb02c0d79d01aa
21,1652274611.834781,0,NO_TRIGGER,350,1.0,0.006119363009929657,0.04379646872127774,F;H,17,25,0,0,25,44,92e83e5b9f12fde5a0c1f95239056c3b90c589aa30c415fa1005a60afc83a522,028d40fac12397f6305cda1fb0fd9e980148b28743376655b7cf7f1838e09e39
22,1652274611.8855941,0,NO_TRIGGER,350,0.9166666666666666,0.007174876052886248,0.04380946217256443,F;H,16,27,0,0,25,43,25b6bf0c2d1db3f8c9011b9683ed7f43b593aa4765c89272d5e1fac385cd8d7b,4cd2e244839fab7d628263bd41dd400a68e821e03582187cac242404d498f632
23,1652274611.9348207,0,NO_TRIGGER,350,0.9166666666666666,0.006479028146713972,0.04395318952971827,F;H,16,28,0,0,25,42,1294b21ac8bf2b9fbb379fc4c426918bb845267a88f7d1fce9d63d9a4ed21ce9,4327ac77f80d4baea85e5b58ca1bcb6d916a387123bc6294e1d989a92f17a940
24,1652274611.985628,0,NO_TRIGGER,350,0.9583333333333334,0.007282031700015068,0.04398614803538603,F;H,17,25,0,0,25,42,8d8ce0fe183dda8b56a08ac486b3215ad07b99379074eb8aea892e1fa9e137f9,ea7b008a9b51973592e1a540fa7f2144dc1ff31effd8addf3c2f496e448007bb
25,1652274612.0351727,0,NO_TRIGGER,350,1.0,0.006837693974375725,0.04399406288296581,F;H,16,27,0,0,24,41,73499a3ab3ff1b731fbd74c4a7283fa974c09cb10baa553f0b8a5728305cf65e,64deb27a7002056cfad8eedec81e1dc91cc4bb77e58df65ce4891537f8507fdf
26,1652274612.0846343,0,NO_TRIGGER,350,0.9166666666666666,0.007289721164852381,0.04385359724456195,F;H,13,29,0,0,22,40,9d9c097e3afa81f9e51e4fcca5c4bdddfa699f7f98d04c496dc2e27a6a22f2d6,763b29b99919619742c6184c9f6d208edc2c5e89c6248ee1f7121cc368e13cd0
27,1652274612.1349933,0,NO_TRIGGER,350,0.9583333333333334,0.007463354617357254,0.044093539703967455,F;H,14,27,0,0,22,37,0a9dcd7f0594844df334f17c52a78b55b00aa2980f0f03f5d5168b697928c894,9dd55444a4e1f3d6d78493a3fc7c0c8b13678e4023c2651874b4f3028dc6c378
28,1652274612.185742,0,NO_TRIGGER,350,1.0,0.017237158492207527,0.04716265759037985,F;H,14,29,0,0,22,36,96363663dd3f75783ce9572a8946cbb09773810d0df685e0f2394bb363f217bc,9b8f57045f4570f2cf30858ec02222a4e78112e4119df9982fc2e2eb21fd0717
29,1652274612.2348902,0,NO_TRIGGER,350,0.9583333333333334,0.01866002008318901,0.050061436073452814,F;H,14,29,0,0,21,32,c64cf88db0c28185caf2caf51eded1f465da8d71ff611eb3e32755df2b786a6e,3e65bc8d897a62642a07992c36ac82fe0be78e7a2ac7c1f37a8905caa834c280
30,1652274612.284518,0,NO_TRIGGER,350,0.9583333333333334,0.013961641117930412,0.05090916317210481,F;H,15,30,0,0,20,30,2c7ba01a977b3798cdedc5e9e57b2d40ed2ac14c017d6445b2edc1c1264ee6e2,b7fbfc38a5ca6fda5fd42baab764243d8e64ee25683b98b93e49092a1795fa59
31,1652274612.334774,0,NO_TRIGGER,350,0.9583333333333334,0.011642997153103352,0.05041071920955886,F;H,18,26,0,0,20,26,4e2b57ff861edc0afe4428ae99d3aa9c9b8299ae709b1a927e8732dd0792d0e1,412e01493445352623619bf21df2a00810f92449df6cf3bef8d20251471d6796
32,1652274612.3847995,0,NO_TRIGGER,350,1.0,0.00953609962016344,0.050106153444776425,F;H,15,24,0,0,15,24,4155668e312b8ef74d3233c55b807f868ea7ab174a38612ba693b8017e61209b,e098d296f33fa08466faff922cc87063535634a177e27c2e4eb3c2821f866dc1
33,1652274612.435092,0,NO_TRIGGER,350,1.0,0.00972461886703968,0.04989353750191494,F;H,15,24,0,0,15,24,dbca9af21ae72c7ff38395fc721b8c0f199060e95718d4644a2866621e747a1a,61568892561174c872d1101dd2e4629780a2a459d2ef8649eeb074b860bace6f
34,1652274612.4853208,0,NO_TRIGGER,350,1.0,0.007608900777995586,0.05006149021522677,F;H,15,21,0,0,15,21,4807b439379f084f5a4f32e1429a765513b800fbccc32366f2b1ff787ec63420,7a2f8cb8c5cd32d111341403dabb771b0233824b0d4fd256f520b4459c496816
35,1652274612.5353541,0,NO_TRIGGER,350,1.0,0.007408528588712215,0.05005259100222115,F;H,15,21,0,0,15,21,8229f09dc66897e84e0f25f8cb28632d8904e71385885cd18b3bef5f1ac88341,09d44b5387fc3679765de1801d1c8b5eaa06ff1e924993d61622e85b54925c6f
36,1652274612.5858948,0,NO_TRIGGER,350,1.0,0.007923739962279797,0.050353946078431466,F;H,14,20,0,0,14,20,bbddbdcc34ce20f457e014721b248cc41f4baddbe7d2a975e15a2ecd92c0df04,074ac7683ae16bb58ba811d040ecfa3434be2e037d5c95052f80954e35c170a4
37,1652274612.6365411,0,NO_TRIGGER,350,1.0,0.006883341819047928,0.050378700501685136,F;H,13,20,0,0,13,20,84f17e0056a19589591d2998b38df06ff82f4f7fb84985097f12a621974261a1,04bc93ea209bd6140b98a62e493c1270c4f6a50805354fc6bf50f0723cb3289c
38,1652274612.685695,0,NO_TRIGGER,350,1.0,0.006454593501985073,0.050517975739123866,F;H,13,19,0,0,13,19,4f38d1f62e6a967a842d03fcb413453bf2163c32968890c6ed591c8e136966e9,4874f3eb44b1d3c725b70d82a0360ff7a76da2a06f926391e0efab3e2b990640
39,1652274612.7373238,0,NO_TRIGGER,350,0.9583333333333334,0.006718802265822887,0.050661754748774435,F;H,11,19,0,0,11,19,6c33efbdf26f2adbfecffd7072742814b7468167c5af577786b491782768dd33,b331bafeef67cfd1606092f83e0663e9995806c914f53d2a0e2ae9735f456a4d
40,1652274612.785692,0,NO_TRIGGER,350,1.0,0.006963179912418127,0.05075553552964163,F;H,11,19,0,0,11,19,e7edeb55c82d56a1c5aa77feca7b8de918e8fa99b9e166376a8538b206aae571,ba5960f0bdb3020fc4b11e46f2a9d81676683e03b813114c3e0f0aa75c405f93
41,1652274612.83572,0,NO_TRIGGER,350,0.9583333333333334,0.006441577337682247,0.05111796769684429,F;H,11,18,0,0,11,18,5c751a4b72692e20777a1107bd379f6ed06e19aa861f3a9666597af579e3478c,15a40fc2f85b1a2d0a6d6e303d0e0e2aac0cd8fc62ea41bc41f3ae94a3085cc6
42,1652274612.885374,0,NO_TRIGGER,350,1.0,0.006269168108701706,0.0512669477156098,F;H,11,18,0,0,11,18,de0e17fa97a2a63f084d57dea53915e0f71188ed32f854562d2b5e8f60c7d0ad,45f743d8f3db55fc71d782098d50e9e5385dd04a57c2593696fc9bb30f1af0e2
43,1652274612.9354541,0,NO_TRIGGER,350,1.0,0.006601853296160698,0.05142897934857538,F;H,9,17,0,0,9,17,a53758e9ea49947ac8d10af5725d96eeb3fa7269a1b648a69b77b869a4e104ae,0893508948074e883265428fd405171014705606720058c7facee0a0d5129ff0
44,1652274612.985959,0,NO_TRIGGER,350,0.9583333333333334,0.0070663150399923325,0.05081903684129907,F;H,9,17,0,0,9,17,a7775e96339207d545ea264499b5555221f788fd54b5122e257427cbc6515756,e49d8e45fd34130c79af8dffc1bd68e75178dc7517d34fe0689a4202a2091acf
45,1652274613.0357113,0,NO_TRIGGER,350,1.0,0.006846824660897255,0.0506243932866115,F;H,9,17,0,0,9,17,1dc2e2ad2234eff30563ea5d22c57345b4ebce899aeb4488572d377d82eff2ca,72f1a1e2b75f1df352d64eedd4dd56c85566c333de5bdc85df862ac137348b1e
46,1652274613.0854697,0,NO_TRIGGER,350,1.0,0.008265472948551178,0.05097877594592526,F;H,9,17,0,0,9,17,2f9796764193d430a6a4e3ca9447e2e166bc5516571d1caea56c4f88791d09a4,c1e341f4f8d9f4f44387e2a1d575dca6e6a1b8b9523706bfc23585c3fcb57c11
47,1652274613.1349635,0,NO_TRIGGER,350,1.0,0.00851078424602747,0.05105735753676477,F;H,9,17,0,0,9,17,1c9b832c68ae58464b01926e824e91975670446cb5558ea5dc6e42de8e05f287,056ef75615413584ca4ec2b14c5607eb0e5d47ce4f75c70e139dcb43ba4f3549
48,1652274613.1850152,0,NO_TRIGGER,350,1.0,0.00697068078443408,0.05108435297947311,F;H,8,16,0,0,8,16,93950ab862edafb9b95e47809b164813d7d7c935f64d85114072a4b0c11b3afb,132521f97bc7fa2221aac11f753c4bf658d4c0573804939599cc120df9035340
49,1652274613.236024,0,NO_TRIGGER,350,0.9583333333333334,0.008114989846944809,0.051328348508348665,F;H,8,16,0,0,8,16,c680f09051808b79e49f95893743230d3ce8c9bef201b6f752688f62bbcf742e,bb6937bc439fbff3f2ceed34a5f58ae6e64f9898897f72758ac71b20fc6f2ad6
50,1652274613.2867887,0,NO_TRIGGER,350,1.0,0.006854823790490627,0.05113006893382366,F;H,8,16,0,0,8,16,13893b24ddd4aa28234fd3ecb6f686fda45e5bac991698fc786dbb6edfd017ad,b6590a5c643feaf49f5db33250028a72201eedf313792d5481cdc4a030de27ba
51,1652274613.3366635,0,NO_TRIGGER,350,1.0,0.006176763214170933,0.05053729501761639,F;H,8,16,0,0,8,16,787b71151bdbb9b0653c89416cab522f19501edb4a2858f1742585a6a19a59ab,54d5df43f63cd25d3faa7c0a7d212222bd37c5ffda17ea312903053d8695b250
52,1652274613.3859932,0,NO_TRIGGER,350,1.0,0.005971002392470837,0.050564972761565574,F;H,8,16,0,0,8,16,733d1eef358f8b9ec7e4b44fc3971f8f0af89b1161518b8557c51f5d95281b0c,637e8030622a416315c766c25b0aad017d683c0b2f755c3e649fef1eb974f35a
53,1652274613.4356875,0,NO_TRIGGER,350,0.9583333333333334,0.006755277514457703,0.05041303313610612,F;H,8,16,0,0,8,16,04056cca4a98bc551fc664b20542d2d37f1d90e2f638107c577165ce53a4ecdb,ad0a6681125c4d16c379d05056ee612a70d188aa5ddb24139201287cdc702b36
54,1652274613.4857328,0,NO_TRIGGER,350,0.9583333333333334,0.006927649490535259,0.0501594429285388,F;H,8,16,0,0,8,16,7c41ac2a7ad5742190cc3da9059c43b6c195ff510677cc515d38d2596dfdd0f0,636fd5858d078a822037857d757f45096b4250153c834710a5f48cdee8a0333d
55,1652274613.5356488,0,NO_TRIGGER,350,1.0,0.007613779045641422,0.05002556549670656,F;H,8,15,0,0,8,15,438ebf3c1c3ee79690c392980535f58d50221832ba7dbee1d85516d1b93cab96,f219480f5da40570872d4c95df6305d64f6c7845e24323aefe1628d695ab6442
56,1652274613.586639,0,NO_TRIGGER,350,1.0,0.008022628724575043,0.0498340296606925,F;H,8,14,0,0,8,14,ab452dfeececdadcfed89b6bb14589fc1ca8e71a8b404399bf00cbdb8d2ab76c,521f099b87e25a1e4b665b5a4a89d2678b25428043cf91438b1190a00b991a43
57,1652274613.6363237,0,NO_TRIGGER,350,1.0,0.008902853354811668,0.04966477505553013,F;H,8,14,0,0,8,14,84b9cba6cbce327fc3e3df7b57575ba8d6777af81a3d7977a1898ba1b443d90a,0b8bc621dcc45c8e3d0889f9cb36df367b0f2d85e265a64d6a364c4f7e230701
58,1652274613.6864786,0,NO_TRIGGER,350,1.0,0.0076212091371417046,0.04934537075865508,F;H,8,14,0,0,8,14,0b62050dff227fbb7c1446f6630268a9ad9405c6b941d24f5f62375a21a582fb,4d41889b86775a126f1dd074d736549e5710b49498a6b5ac26a35e3a2ed6c91f
59,1652274613.736551,0,NO_TRIGGER,350,1.0,0.008570460602641106,0.049241554649203545,F;H,8,14,0,0,8,14,b1b6b4291baca8054765d8c632a7350c8dd1b1b265cb1d21d2ac857576c4804f,a31f7588774a3d4920d043ffc176dde046b507bbca1df9435417c89c896a3484
60,1652274613.7856987,0,NO_TRIGGER,350,1.0,0.007830232381820679,0.049039898131127524,F;H,8,14,0,0,8,14,f2e51d4001057d261637dbf05e6f07cab76472bc0a9de95897e4a16202fa6c63,a49f8f97f180a58ce09b7d777dcb14b91c36f1c435989e9b4c3b90ca228b53d4
61,1652274613.8362715,0,NO_TRIGGER,350,1.0,0.007504656910896301,0.04900990234375002,F;H,8,14,0,0,8,14,56abb7fb76c08d40e08f910d43cf311d1b1119b63992a20e06ce42410d530ce2,a30a77f31c736abc67c7216fb697aedb5e21e28d9a031d850c32469e775730de
62,1652274613.8852382,0,NO_TRIGGER,350,1.0,0.0074094003066420555,0.04879025333180165,F;H,8,14,0,0,8,14,400502bc82489dc3c9141beedd2e5978f17cacba7289785655deb5b8947e3c31,95abd514fc9fd85e9d7bf9ac3d5295c229f8e8834955008f9b57221ee09e1672
63,1652274613.9354002,0,NO_TRIGGER,350,0.9583333333333334,0.006928598508238792,0.04863766113281254,F;H,8,14,0,0,8,14,06862da06149d9d214f3a975f875254c5853e4c44703632edeb7c78cff1bb4cc,156129a98c3878d7aa29cba33c9e8fd38283dfd234f510e646bb22f5c3e006e4
64,1652274613.9857476,0,NO_TRIGGER,350,0.9583333333333334,0.006916928105056286,0.04858165915096513,F;H,8,14,0,0,8,14,6291200a1a3293bcccfcbb6a46f8f46cefb4fd930fdad76ed0ef331e604bd8e7,d4c08a940b0c911cd1b480bbd6dbab978303ffa7d06fbc4e8aa9cca7508f2901
65,1652274614.0365686,0,NO_TRIGGER,350,1.0,0.007246546447277069,0.04827309833601423,F;H,8,14,0,0,8,14,6517a6ce4709b66a4a5a45180a90bca3b1827d822186d67476829c664724b15d,67009e10980b5671d22114c6bfa7e10196d88a7833874eb6f564810d5d41cdf0
66,1652274614.08584,0,NO_TRIGGER,350,1.0,0.008512545377016068,0.048200571624157584,F;H,8,14,0,0,8,14,a4ec35deca1c9a431a676c554f9f8bdab310306a831032384c1d59b9ca6b3fb2,ffd4b820694493590a5356f803a2cc257e16a7b860649fa200ce0b631f82717e
67,1652274614.1362913,0,NO_TRIGGER,350,1.0,0.008600465953350067,0.047954668638940046,F;H,8,14,0,0,8,14,d6039148aac24059d9aa6837e9e95a7642439e0b5bcdaea66b38a18b24f8b36d,e50785256ea27fe7c9a9f4d04699a89236b08707a3e383c527d713bafa3453a1
68,1652274614.1865668,0,NO_TRIGGER,350,0.9583333333333334,0.008614081889390945,0.0478404815793505,F;H,8,14,0,0,8,14,61b4ab88579bda3dd16e98d684c1aa26d362ef1e8fee6c98d4e300cc41bd0349,b59ed75aab00fb9c4d3d984f994127758e9228d0fa55f811e0712585b4191a89
69,1652274614.235353,0,NO_TRIGGER,350,1.0,0.008291096426546574,0.04754269258386956,F;H,8,14,0,0,8,14,b7314365b313b524a38a7801b7f6052f2274bca4b7bb1eac9240649389e0f918,a38ee7ba15ddff7a70d1feb9311339e26007fc98032704319c39e17d5ede4c68
70,1652274614.285794,0,NO_TRIGGER,350,1.0,0.008360488340258598,0.04739915939031869,F;H,8,14,0,0,8,14,b1ac25dabc0a22a4d29d774b7ede711c0776b81b46b51f1da31ea12fd3d4be49,c09d646ad6775a3ae620f7d7d4c2188b854b2b5bd027a70a209c682f63319327
71,1652274614.3357027,0,NO_TRIGGER,350,0.9583333333333334,0.007609838619828224,0.04708868250229781,F;H,8,14,0,0,8,14,f09aa47315549e0ce37dc4ee2111647ce35cedb621c2b724c1138c7488d934b4,c5225093c86e19b156b0e116ea9770fcfc80221e2a16e5ea782536aaea5ab048
72,1652274614.3860488,0,NO_TRIGGER,350,0.9583333333333334,0.0082864910364151,0.047004329618566265,F;H,8,14,0,0,8,14,458f474c16252a4ac18443cb2e4e24c8b053548077284fd62c6dd1b0ac08f407,570783258dacc746d40b271b52e9207c37bacc9d231560c10bbff66456817d81
73,1652274614.435997,0,NO_TRIGGER,350,0.9583333333333334,0.008901942521333694,0.04652142635569856,F;H,8,14,0,0,8,14,d96b14152bc1d44e5eec47fca27eef9c384b8473dbedb85e0ca15c1bebe1e8b1,aaf4273d8d240f0f9ea5cb5d763cc844aa516491d422539e7ffe72ebb06df22a
74,1652274614.4857125,0,NO_TRIGGER,350,0.9583333333333334,0.008123768493533134,0.04634705480238965,F;H,8,14,0,0,8,14,8553b6b4dfd762d45e15fe0264ad0977ef390cbbec80de45fb36205d1ef3d2ac,1a09dc8646da283feeee13b8235c646e16781bf848635a04f0e79ee741c3d310
75,1652274614.5362775,0,NO_TRIGGER,350,0.9583333333333334,0.008864123374223709,0.046130428490732234,F;H,8,14,0,0,8,14,7f6d201b9865eec502b3e7e8eeff8378348c14b6b3688281f3ce0e0fb954a704,41988bab12afd43650d8376d0bf4dddb74cb99546838471a2d0aa6535d334344
76,1652274614.58775,0,NO_TRIGGER,350,0.9166666666666666,0.008249317295849323,0.0457431417068781,F;H,8,14,0,0,8,14,ad0220a5bd3b83fd8ee878655fb11c99dae34cdce6ab558202d22979fa546a81,9c9b21aa3c488f437af12633e8e02da23d6e9f5b72947afe0fa79c17f19a2d4c
77,1652274614.6361253,0,NO_TRIGGER,350,0.9583333333333334,0.007214872166514397,0.0451918204752606,F;H,8,14,0,0,8,14,9183a019aefd2519581cade41b306020881f5f91bbd786b41c00e3d8227377de,f60b1226d97af97d4270903fda5e193045043a8910eab01ef27730ecf8fc9a5e
78,1652274614.6877723,0,NO_TRIGGER,350,1.0,0.008056256920099258,0.04507473063151046,F;H,8,14,0,0,8,14,36d7d67ac01b084ba09fa9f4cdfdb8a7643618b869e0ac4d29604ee416306b30,8a52cbc209bef9135378a48d523483a743916a40a4a81925127df9f17e67f046
79,1652274614.735811,0,NO_TRIGGER,350,0.9583333333333334,0.007200618274509907,0.044788643056832056,F;H,8,14,0,0,8,14,4d7cab6a569a064a38b1b20469a8b08b18654a1b774f0ecc7223723c0c4d9250,2da3f28e0b2217dc543636ed0a0ec3c24d6eab50c961f882e3557dd7a82c508b
80,1652274614.7849865,0,NO_TRIGGER,350,1.0,0.007380618713796139,0.04471117900773591,F;H,8,14,0,0,8,14,74fcf8feb0f21fb510c0fd09531703c7127124d47406b34eaa85aa5de9a2cd97,968515dcbd90baf80f7f7625d706c2ec45a1ac5b9ee5775285e0548d9be1535a
81,1652274614.8362422,0,NO_TRIGGER,350,0.9583333333333334,0.007943639531731606,0.044490412166819926,F;H,8,14,0,0,8,14,a97d2f341c853f778651a9f9af8ac48e237df17d2f9fd641a95f91d0b4f4056b,4be2552e901c5b75c913d88f03974f3f12314640fba12a8be28f35b8b8e1ddd4
82,1652274614.8853896,0,NO_TRIGGER,350,1.0,0.009350094944238663,0.04436110150505512,F;H,8,14,0,0,8,14,9ecbb44a8ab5c194e0c8aca248da95f71117a70e1dd0a95b57f53dd02a462f50,344bb3c6f5194bfce0992ea77398c5ac56b97984c6eecec57dfe2f0bc8239c62
83,1652274614.9356077,0,NO_TRIGGER,350,0.9583333333333334,0.00905558466911316,0.04451633477902872,F;H,8,14,0,0,8,14,9c846e767accd8d5ccc0923d9486b7c494bc5661d74ce00c50edd8b488b42a36,df6c35bcee5748a4c1a1cf2c4718b3075de8eb9e833189453c21efcc5cd351cc
84,1652274614.985781,0,NO_TRIGGER,350,0.9583333333333334,0.00853341817855835,0.044523963742723716,F;H,8,14,0,0,8,14,9b9d2eed9480525f4188b39cc8a0c5b119e0b95bb0517b7f761629b26d3a2f36,14bdab9cd6151be30cadba71fb23f3d0f83e16e4f4f163e82846787b36a28c1e
85,1652274615.0352976,0,NO_TRIGGER,350,0.9166666666666666,0.00963049940764904,0.04448082012101717,F;H,8,14,0,0,8,14,a9d70efa10eea39d53288f234505c41a070590a3ffafe770595f32e7710b2f0c,bc135cdc473c5039dadedc79d91d7854ce255cff8ff2fea1cb1a10b2aef38306
86,1652274615.0860724,0,NO_TRIGGER,350,0.9583333333333334,0.009358301758766174,0.04420644469018087,F;H,8,14,0,0,8,14,daa5a1b067322d7dd2aa38dfb31e733588f522d225cb3a78467a2de1dde7d243,7cdb51d78dabea42b1445dc6f946fad0107989886535d9c7ec26fc348fe3154a
87,1652274615.1353476,0,NO_TRIGGER,350,1.0,0.009825048968195915,0.04417106426164219,F;H,7,13,0,0,8,14,62689395335cf8de60226dbd2a3966a7073a3aa73171da5d8bf3f3427bf25b07,9c81aab47567364f7fd5cce104c30dada8c1543904282b917b4f1d964fd5ade8
88,1652274615.186014,0,NO_TRIGGER,350,0.9583333333333334,0.009935872629284859,0.044172658930759834,F;H,7,12,0,0,8,14,4a11aabc5e8fa108d492190771b29867ee464a2e9e0348b25a4112b9f79eeb23,4bdc91d0f06b7496cd75094a12a65b768f15464badd22a0aeb40fc79bb0cac02
89,1652274615.2353559,0,NO_TRIGGER,350,0.9583333333333334,0.008796132169663906,0.043877094582950305,F;H,5,12,0,0,8,14,190a988554366b633b7f33fa2407b70361d2151d1bcad36cb59b5ba034f2399a,1e5c1eeabf7d7a2dba06f24319fda5f05a4f9d008fafb638ade6bde510babc5f
90,1652274615.2856908,0,NO_TRIGGER,350,1.0,0.007812922820448875,0.04393083567899825,F;H,5,11,0,0,7,14,aa5971e534cd7c0d4caf6101c142b79a60659fed90a0b1de65805bcaf04d0dca,a7bcc6f7d67acc50dbb9a471d48f16c872688fd0c352ae67b362c84f67c6e1c6
91,1652274615.3350306,0,NO_TRIGGER,350,1.0,0.008005062118172646,0.04401146991804539,F;H,5,12,0,0,7,14,b30b93243be302ecc878cbcd2bf7e6502db09c248a9f721a7f12723304edfb39,eb88ed9c3e5a2ba95b82082d03d81301d74b23b173d15a3a6962ba75842fc7cf
92,1652274615.3857384,0,NO_TRIGGER,350,0.9583333333333334,0.007981866598129272,0.04400469180836386,F;H,6,12,0,0,7,14,0cc56e089e8dbebed28a0156e7f815ff0638eadd1d64d7b232afca68d7c8776f,90e319fd90d21491e0c6f22b6103ad686f91919be8cecdfd7e85ee6d777c33fb
93,1652274615.4359257,0,NO_TRIGGER,350,1.0,0.007906531915068626,0.04377484690946698,F;H,6,12,0,0,7,14,0f5abeab79d386ec2a98c7a08cdc29a012599aa3b35b05048ef27ac7037631e8,1bff1a46f6a55aff2a0b4300fc4440784bdb7188cd7d8c2790b08927c8c20e10
94,1652274615.4853232,0,NO_TRIGGER,350,0.9583333333333334,0.008235471323132515,0.043890855641084414,F;H,7,14,0,0,7,14,7b5d2ddf6f15964a9911fd98be238e7920541c7f41223c0282bc522fe643fb0d,05365c9759e70e283a973f1d2c2984f8e9e71c8ff81ace3d8a33daf573366e68
95,1652274615.5357006,0,NO_TRIGGER,350,0.9166666666666666,0.009732171893119812,0.043900105124080824,F;H,7,14,0,0,7,14,eed7e7e7cf604fbe16295bec11c689325214df1dd426a8e3f06ce7e1efef311a,1a9cfdbc75857559d7093f3df19af2fd34135c5a7de5fec4a84c7829200df1c0
96,1652274615.5860527,0,NO_TRIGGER,350,0.9583333333333334,0.01042926125228405,0.043865472005208295,F;H,7,14,0,0,7,14,18baa4e2d2bad273ea620daa773433a9e0e645345313359048cd4640d4394665,2a90096814a118705ee78f959759f4d2ff4b35568881bca8ffd0cdbff80fb7d6
97,1652274615.6354666,0,NO_TRIGGER,350,0.9166666666666666,0.009689872153103352,0.04384926087622554,F;H,7,14,0,0,7,14,0f99f0596ed8344a3068484c5f85a6bd0efc929808d710d2d84d6dc4fe722391,b61bf7fac2d2b9fb6934e5c06c9f9b7127297adc9917c559d61727e151808038
98,1652274615.6854506,0,NO_TRIGGER,350,0.9583333333333334,0.009341089054942131,0.04384734767539822,F;H,7,13,0,0,7,14,32e8d54c93c98aac153facee01c721a93ca900c048dcab5451c475f12dcf69aa,8e70a04840cc0c7a2a67683c8d8076ec3e8dc64b7cfd3e5dabe0879352e16f39
99,1652274615.7367163,0,NO_TRIGGER,350,1.0,0.00990561954677105,0.04379130892884486,F;H,7,12,0,0,7,14,82df940aad2e9aaf8ef61d25f2cafe082815494e5949d5b011ebbf0994d3a8bb,f52499b544bb744a49bc2b92eb8a26c96bf969f90627774ae3836aa68d162efb
100,1652274615.785599,0,NO_TRIGGER,350,0.9583333333333334,0.009531768038868904,0.0437518397192862,F;H,7,12,0,0,7,14,5cd555bb8c3c92fce6242791a9be2fcce57d6ac9b7796db6cb2137e5a272c8d9,e89e4450dfeee121d2995527bc869d2fdc921f366dc71b5153b8771f35b9747c
101,1652274615.8351002,0,NO_TRIGGER,350,0.9166666666666666,0.00864109955728054,0.043570679189644634,F;H,7,12,0,0,7,14,e9fd823f8ea70d011528c079600fc4300a08f1da3198c0018649bc45f447ade8,8fa35739ba5f438803b2fb6f31e2a5b111a67161dde00727124c835e836721c3
102,1652274615.8859556,0,NO_TRIGGER,350,0.9166666666666666,0.00869396235793829,0.04356685628255197,F;H,6,12,0,0,7,14,c1b868dc4959c46424fd5a345719f2812ecb08189338a9ec2c1d67178c9e1a9e,7669c1449afb2a3388a5581f6bd9b917dd3b3fdba9efcf8407c5cb116accb370
103,1652274615.9366488,0,NO_TRIGGER,350,0.875,0.008506301790475845,0.0434156055166206,F;H,6,12,0,0,7,14,90f1fef866fa61e4c5aedf5184fe14ee3d212d85a0e3b48396ee40d77a095070,eb044ca686cbbebf6451de6bd19133635f7cfc15a1cb1e0b830fb9e4d162775d
104,1652274615.9859474,0,NO_TRIGGER,350,0.9166666666666666,0.009968405589461327,0.04348520493451291,F;H,7,12,0,0,7,14,1147f3bea775178e4780d31a32ed8410f48b4233f5b5d8203e770b14f32c79ba,7f1babf936caaab00f1d39c49988b0880b7abcc0c4091159b28a186844c21811
105,1652274616.0360386,0,NO_TRIGGER,350,0.9166666666666666,0.008260485716164112,0.04335000234566477,F;H,7,12,0,0,7,14,72709c1d75bd758ce588bc0a48c0f93e2dbf2365192c11964bb0c551ba011ad8,45a84ceb0d8e9b190e311cecac612c6e8fee4cb5037f6e34c5c1d2f89f7c96bd
106,1652274616.0848546,0,NO_TRIGGER,350,1.0,0.008310587145388126,0.043462344946767706,F;H,7,12,0,0,7,14,c38f84a9d26fd7e2642b5807db4773c1c58dcaecd3b67b78aca0a50aa133786a,9e3a127f617237e96b63e1c31ac7e2538d2061df14e310b99ff3f22c2a0c51f3
107,1652274616.135553,0,NO_TRIGGER,350,0.875,0.00761065911501646,0.043371330087699,F;H,7,12,0,0,7,14,85aa4f61988f934675970e4ed3cb5fbbec439217c19c7302c8418bc4d4d78474,8876852730ea9bad39f67e8f18272bd879b9fcf20b4f8e0dc54654cfeb34cd4b
108,1652274616.1868377,0,NO_TRIGGER,350,1.0,0.008138373494148254,0.04329392123353237,F;H,7,14,0,0,7,14,213796543d183416bceb4eaa9bf3a35c2158c526ed76df4d162c40a9cdc7b771,447eb457fe678a14e4a69569685c00bb7b5f2cf3720206630e833845426ae89a
109,1652274616.2359684,0,NO_TRIGGER,350,0.9166666666666666,0.007869896478950977,0.043080873927695995,F;H,7,14,0,0,7,14,e3f40526f63bfdd335d5762ae2bc8d3c57aa167b81bb4e79c8005c8cb965aa42,7f6d54c654d7d90384555c6c6571df8924dcb843eb28bb14b62160b0eca6aee7
110,1652274616.2869298,0,NO_TRIGGER,350,0.9166666666666666,0.007931181229650974,0.042916067756203935,F;H,7,14,0,0,7,14,ad06830e3802c8ee3120f2d6ec1e9705da4c92f79336eb008290ef846e0d1352,2489d783190365294d28074f9138c551734fff9eb61b49b3dc06bf570c82d969
111,1652274616.3351815,0,NO_TRIGGER,350,0.9166666666666666,0.008571748621761799,0.04333089345894603,F;H,7,14,0,0,7,14,f32b096abf5c58c6dc6101cd13e9ee62ebfe149202d9c6f5c4a43c2cefc88940,b152ab6d8274444a981a6e11966dbf86ddfffd543754626628bf51d8a5c9531e
112,1652274616.3869886,0,NO_TRIGGER,350,0.9166666666666666,0.0092942975461483,0.043577908959482325,F;H,7,14,0,0,7,14,917998eb15857614a199d01eebd68c4984f01b97497a432ab20d0346b1f22dd8,6f18bed49976ebbb093d8616fe8b12ba8f22395fbf29c2695800a8d7a46cf420
113,1652274616.4358582,0,NO_TRIGGER,350,0.9583333333333334,0.008160055615007877,0.044278790546492086,F;H,7,14,0,0,7,14,2435d0de63c55ad33768c6baf1578c966481172cc1efc2c05669cb81772f0e8a,960aa4b0cc465c977f8aca51d99d640ed04a09a38924baddb599cd6e32b8658d
114,1652274616.4853835,0,NO_TRIGGER,350,1.0,0.00912087969481945,0.044763491450291015,F;H,7,14,0,0,7,14,862200e356db3b6225e578ccd30ef1b64cc52c7819aeaf91dee929b2bf81f1fb,61668432db5b81ae75bc1688d43b9720639bd690f799ca4d905d956efd23dd8e
115,1652274616.536648,0,NO_TRIGGER,350,0.9583333333333334,0.009304733946919441,0.04522709898705579,F;H,7,14,0,0,7,14,84183ef5bee8c73e6e8b40f15f7bca0f7ecb02a6d485074a84023ae88473bc60,ba1e62023518dbba8d962352a787baf5a4c0d8e1dce9b6a81c0d1321cf41c00c
116,1652274616.5852835,0,NO_TRIGGER,350,0.9166666666666666,0.008544668555259705,0.04513221196193329,F;H,7,14,0,0,7,14,0918ff3ed9c57997d6b6a842cf059480acfb17c2c86db2d528350108bd00477d,3b5645f8396e0d86ad5f19352180baea1c0d9db292fbd0f98eace7888d2890b6
117,1652274616.6359434,0,NO_TRIGGER,350,0.9166666666666666,0.008534068241715431,0.04485549579695158,F;H,7,14,0,0,7,14,f9cf1574c9a583df4d0068eaa79360d4cb099905b1d65dc1600aa84b7e261798,6425e53a6bd6e95a450c4a39e36601b5a7a8094787729a6d396cb0655394942e
118,1652274616.6858306,0,NO_TRIGGER,350,0.9166666666666666,0.009671173989772797,0.044553283595664794,F;H,7,14,0,0,7,14,9d753194119d9d0fddfcdb7c74fe923f50b63360c713e1bd513c26050a1bcca8,8675f923364e3f5c4a1feece85f7237c7dc3b1d290c5f4bb1169dda5dcd4af0e
119,1652274616.7359202,0,NO_TRIGGER,350,0.9166666666666666,0.008689884096384048,0.04442449266620718,F;H,7,14,0,0,7,14,a5f06edbf6eea5f50ee5a9a7990a57a00eadf52faa2c26413d9e9d4005437e2f,0b4649893f136e8ee2ce49f77a4b3aa1769675541a1872d90edf16e23237d352
120,1652274616.786046,0,NO_TRIGGER,350,0.9166666666666666,0.007387002930045128,0.044756105095358434,F;H,7,14,0,0,7,14,aaa06f31cd687f291797e48cef52823ef3ff5f6422f64c44e195d16290e2c3f9,f71c97235e33a952b02a00527febd8db45eed3efe5783b1b6d379b662b009d82
121,1652274616.8356965,0,NO_TRIGGER,350,0.9166666666666666,0.007640894036740065,0.044915971536075405,F;H,7,13,0,0,7,13,50429aace3e2ca2dfac2cd80e25506419a8a5820d6b98c8b9ea92ad72f240b3f,2b29af141de1af17d18701d96c41507c6cbb05cddd31556b5515b0ffd82f3ee7
122,1652274616.885612,0,NO_TRIGGER,350,0.9166666666666666,0.0066712056286633015,0.045054576344209396,F;H,6,13,0,0,6,13,c5ad9e9e198ef43ae38e9bd4a19ed4a414069556d3a14ad4a35bd5068a097e55,56fc15fecaf700054ddb0702559183cdf13aa69c7ee3fc9bff1aa45bd42d30f0
123,1652274616.9361107,0,NO_TRIGGER,350,0.9583333333333334,0.00687082763761282,0.045073572351792324,F;H,6,13,0,0,6,13,0d3aa3a58334aafd45d2383e277dfda3a39cc6f2e876c9c1840e4724ab06601e,cc3facad62cd6d043bc4c2772b5d4cd9b637132057cdcc2e112b99f5ab86ab88
124,1652274616.9866595,0,NO_TRIGGER,350,0.9166666666666666,0.007071265485137701,0.04563089671415432,F;H,6,13,0,0,6,13,48abfd075d158995d339c24b473816f6c7bdd8052e5a83e7570af7bdc7f8826e,6c8729019da5ed964ed655fd2bb0ca76b9d22c24293319804c001663266bfe20
125,1652274617.035069,0,NO_TRIGGER,350,0.9166666666666666,0.008587686344981194,0.04539004241344968,F;H,6,12,0,0,6,12,e46d7cab0b5cf5aa86596fcbec4cabea54e61f72597f0f96f59db75192aede5a,34fe3db9fdddc55a19d76b8ce7480601e7023922a1bb91d053258fae654963e4
126,1652274617.0847862,0,NO_TRIGGER,350,0.9166666666666666,0.0077041019685566425,0.044637204350490345,F;H,6,12,0,0,6,12,167d2801883aeeac336acfe2103a3c460692ca849971078475bf1f451d7f1beb,7ef3c4dbeb342b3bfa4ee2184a1d62f2665022bfc17b522237fec4f213d12ff6
127,1652274617.1359746,0,NO_TRIGGER,350,0.9166666666666666,0.007329876534640789,0.0441718807923559,F;H,6,12,0,0,6,12,bb7586607aa6ec4b2604ecdcc629ca414a787351b3e9ef2591c3d31302d00b5b,d8c40c8f969a346f1eaa18df3eda05fdc22850bdb45e9bb1b4363ee208869254
128,1652274617.1857355,0,NO_TRIGGER,350,0.9583333333333334,0.007636690512299538,0.04386112812117027,F;H,6,12,0,0,6,12,bd4d3b52703d274b6f1e2f305e72a4fd7da7c2b4851dbc63d43812ae65f10332,054c05b4e5680b9d28d6f4d980a46700fb778e50a5237b10305511eb15be66fe
129,1652274617.2351758,0,NO_TRIGGER,350,0.9166666666666666,0.007180249318480492,0.043562294155943704,F;H,6,12,0,0,6,12,190cb2675f3cdf83b8755d24df1ae1c1054a5b9fb252144c1789fb33123ac7ff,5a1608c056ec72fe751301c18e2205c350ce0355fed68743684e8a085bacb3a7
130,1652274617.2858698,0,NO_TRIGGER,350,0.9166666666666666,0.00626265536993742,0.04326411501416971,F;H,6,12,0,0,6,12,f9350f7a365434ac364b4ed8586036d865b8de97049252baf99503ac55101a9d,d0146825bc7972bb3539a63dfbd4b4688488f9c32a76eb66b960e2baf8763032
131,1652274617.3359027,0,NO_TRIGGER,350,0.9166666666666666,0.00749046029523015,0.043036189874387176,F;H,6,12,0,0,6,12,71e1da52fc8873b33a4bca87f5e9a080fd919fdf9d985ceb4f470e7a5f888c9a,49b525dfbc93cbd4d11fec0594d8fdd922e8f1b9c59ed34c91982f28cc1eb74c
132,1652274617.3857307,0,NO_TRIGGER,350,0.9166666666666666,0.007181333377957344,0.04281017664292275,F;H,6,12,0,0,6,12,7f17d6b8d8d1840dd6b1b5f4ab982f9ddba07fd078196b8d31f2298c82a739ed,6e426cd376da9395c597b8967fba1a44d6cc4b172d8eace3f1f7906569e9032d
133,1652274617.4354036,0,NO_TRIGGER,350,0.9166666666666666,0.0074640982784330845,0.04231858446308223,F;H,6,12,0,0,6,12,2fd590a8902b29803581f730a2706fb069b0da70d735084f01f45836e670bb6e,5c6392cb73d7dbc5a65e80949b794416dc2cea2ba8156e72b8ad5a1b8367145b
134,1652274617.4849772,0,NO_TRIGGER,350,0.9166666666666666,0.007599028293043375,0.04201621529373467,F;H,6,12,0,0,6,12,cd582de2beec77112daa298f69378b610950db27e8acfd59a75ead5c5fab6fbd,0814aad133c03ca3860c7e776361d5ef5f2d6fd20102c8de763227efc3c37c84
135,1652274617.5349038,0,NO_TRIGGER,350,0.9166666666666666,0.006836201064288616,0.04171840063955279,F;H,5,12,0,0,5,12,a1d282cecdd07dcb9c49e3969b61420f459ce6b7ef1d374016393690158370c6,4bcb75f5fb5c7002c633e2367e0b9150b0ad1ba3db22ca420d0a2c2bd62cc0b2
136,1652274617.5851207,0,NO_TRIGGER,350,0.9166666666666666,0.007232273928821087,0.04152343395756741,F;H,5,12,0,0,5,12,8330fa150a73a7d7e5eb79936a706bf8279bd7a01f30513a8413343d4e2a42e1,e2bc9fa43365730314ff4eb4ffb17b4fd00ba75b960890695ede10a4de4dfe36
137,1652274617.6358728,0,NO_TRIGGER,350,0.9166666666666666,0.006183441262692213,0.04128312916475174,F;H,5,12,0,0,5,12,686c413c0147e68ff6ae7b237fb31a47e1de7f3adac9db88b1248a792325fbcd,6786e065477feab63f6088411691761cd218634ac2665a283c314d9d32c46679
138,1652274617.6852088,0,NO_TRIGGER,350,0.9166666666666666,0.005516411270946264,0.04109520244523601,F;H,5,12,0,0,5,12,13fe148ff6982b545d6c8187ad2f207d5c041afaef15129c64cac808e4101945,1196685bbe5d3e53c928886c77a0e830ac36e7a85bb308f033c7965b9f2c34f6
139,1652274617.7355835,0,NO_TRIGGER,350,0.9166666666666666,0.005920891650021076,0.04087057636335789,F;H,5,12,0,0,5,12,1b6c1bc0e6b5edc38c91dee5611a9c6c863df10bd1c567877cf30fcce59468f0,ab72a3eb2c8d08e1c81448884d94b32505651b23fed17db4542445d94b8f96b5
140,1652274617.7850366,0,NO_TRIGGER,350,0.9166666666666666,0.005711668636649847,0.04070446892233459,F;H,5,12,0,0,5,12,67136fb13758d6930724a78ad6c1ca6fe6342f0e7e0d10b29e507f4cc311b5cf,6448def21ec377da0f09bd3cdddfa30f814ae43f2859748cded17aed1f44c34f
141,1652274617.8354912,0,NO_TRIGGER,350,0.9166666666666666,0.004944224841892719,0.040583250852098685,F;H,5,12,0,0,5,12,17475316d0162b3d97e82ecc8a90d8e46121caa27d22f8c5e3e27c1aa538dcdc,8ea05e05d2104ad489222d54623750c3ed139f4c804a9951aa560e0516a1631d
142,1652274617.886422,0,NO_TRIGGER,350,0.9166666666666666,0.005373488180339336,0.04030302887561277,F;H,5,12,0,0,5,12,1984917854c4563b119f3f47ca6fda877ed1d9cadd23cef10f49160ddace2cf2,ed967e1cd9a7550a74adf1cadb8bf3ea21c9294b0167c3df0ea9088b6af60b6e
143,1652274617.9361446,0,NO_TRIGGER,350,0.9166666666666666,0.005189045798033476,0.04036555084826898,F;H,5,12,0,0,5,12,a2b31696bafaac5a51ae0bab84a913378153d32089fe451e099eebd8ece940f2,a2f0feb18d9abd469aeff077518e694b2b1e59f4c8dcf199b6564937f17aa7c7
144,1652274617.9853978,0,NO_TRIGGER,350,0.9166666666666666,0.005503994878381491,0.04015285950903791,F;H,5,12,0,0,5,12,c90f9367144a71c1fb3b169308f682e591b3dee92983a74fd15ff378e9b30cd9,d2ced95db377deaa2f354be5ba40980e42337736134ff9daddd51f36b3819ef2
145,1652274618.0352483,0,NO_TRIGGER,350,0.9583333333333334,0.005156567320227623,0.03980310345818028,F;H,5,12,0,0,5,12,b0cdce502c6419e53d07f3c5ae1eef839c178f4312b9a5ebbb52c7f4f9f979b6,91470a46413aa26819a45e73363e42d6970e022610f730bb4183b44f2d8e9b47
146,1652274618.0852785,0,NO_TRIGGER,350,0.9583333333333334,0.0055877696722745895,0.039614552217371424,F;H,5,12,0,0,5,12,b86fae8322e6f8edaf64f1beeddc8c07bb515f39622971cfb2d2d24975215201,9e4930bea4dfbc3f97d6a6b16886b22ae6ee5d94520da81dea0f44b7d7280c3e
147,1652274618.1352894,0,NO_TRIGGER,350,0.9583333333333334,0.006246304605156183,0.0395461236213237,F;H,5,12,0,0,5,12,71b9132dad5d4b2b29a4869a45cabf961aae8701899a50ebd68c8f0be2fe1534,4f4dca431015c4ba79b1e5d33dd94577b8b61cdb0907b11a1b2753b9b70bb648
148,1652274618.1853604,0,NO_TRIGGER,350,0.9583333333333334,0.006718767806887627,0.03954257975260411,F;H,5,12,0,0,5,12,50d5aa709625cb5d6122b8c5eebcda0941c888461d6b6d69e511486423c97f90,eeacf7a99e081b1fd368181621eaf04b4c18ec3c8792fceb20608d5774e68b15
149,1652274618.2352302,0,NO_TRIGGER,350,0.9583333333333334,0.007164680399000645,0.03960228051279113,F;H,5,12,0,0,5,12,f27dca5394f95a20f9aa9f6fd3e3db06f6a08b941d951a271226ddf07ffa5102,356e96186ea7db3d880ffba91006b10b47671b4dbadca742f58617a51801bd80
150,1652274618.286527,0,NO_TRIGGER,350,0.9583333333333334,0.006678168661892414,0.0396649247472427,F;H,5,12,0,0,5,12,dd1efa25ff7beb8a3b8515132e3f6ba2c5d8bbb3de72d95d77eaf1bad4c99984,da5a7808238d7eeb09d7b3c4cc9b04878fb0724fd3210f6804b7128c56aaf045
151,1652274618.335159,0,NO_TRIGGER,350,0.9583333333333334,0.007390391081571579,0.03972125517003677,F;H,5,12,0,0,5,12,59647bb2c933132854016adcea28ca7aeef1968f81bd75a8b59c8c7f5f10a541,9a7e1dd9a9fcdf41b1a2d80524f280f9ee67bcda1cc19dea8dce13a0d82482ab
152,1652274618.385296,0,NO_TRIGGER,350,0.9583333333333334,0.007129580248147249,0.039708475222120176,F;H,5,12,0,0,5,12,c9af7e2aa515a5c3bb41f96fd5ba19dede74a5a0d82e4e33b12b067f4a1786c7,65afda7ea28a07605dd8a87ec0a7779d06dd79738647e1bee3431b2f76998345
153,1652274618.4354527,0,NO_TRIGGER,350,0.9583333333333334,0.0077535230666399,0.039604396398207786,F;H,5,12,0,0,5,12,9d7511c3e394a92427682e014dcb58c74abf680f918f4426c7b347247cde750b,fc0d02133eb233d44f05f24034d4ae01f24a1d4fd9139fb8ffd208671c705346
154,1652274618.4858854,0,NO_TRIGGER,350,0.9583333333333334,0.007735936902463436,0.039367973058363814,F;H,5,12,0,0,5,12,ff4660ba3ffee277267ec206e866a0882b1798e2b63ceaf1528c8ab922268dc8,03116417892f21a84dbc646fd064825b9dd864b962b07d1af15941a79493ead7
155,1652274618.5356107,0,NO_TRIGGER,350,0.9583333333333334,0.008178440853953362,0.039110061705346144,F;H,5,12,0,0,5,12,09eea0e99a0ec1cac16166ed29e8310bb7e94cb20b1d074b859de7ed773e3c4b,fb33fe9444329db9fdfc4780e57c65543e6cf88c79f0047057c06228344d690a
156,1652274618.5853946,0,NO_TRIGGER,350,0.9583333333333334,0.006752213463187218,0.03858695154526659,F;H,5,12,0,0,5,12,7176ec6cb872efa120cb178a6ab41d3bfd405c9e2c1d2ca3f0ebebd1d943bc45,a82208693a55a592d51c94c2466e290fb37cbcff46e3422e270e325cda1af188
157,1652274618.6350534,0,NO_TRIGGER,350,0.9583333333333334,0.00667320191860199,0.03829565027573523,F;H,5,12,0,0,5,12,52035c18e6432a08148c8f701962dc644314fd7ef0df3190d8da60717cb41058,6134cce80b7c0b545499c2ec9794a22682d0c86c872394230a8799919c5752fd
158,1652274618.6852689,0,NO_TRIGGER,350,0.9583333333333334,0.0070381080731749535,0.03796847785500934,F;H,5,12,0,0,5,12,24d127aebf8cc6bceca8041d344a99f98e64628b8072b9c9d9e208612d0c7fc3,9494b8ebffd2b612dfe53081678b74fd97558faafde826f0b9ebdbd0dac05fa1
159,1652274618.7355063,0,NO_TRIGGER,350,0.9583333333333334,0.006172362715005875,0.03758976926317392,F;H,5,12,0,0,5,12,a9406b1fc0bbd23160982f29ee8f46b20192d1807d7b35ec21fb378463ea3a02,2b009dc339beac5027dd087b6b8452c859363790524aa1d6db2191020486f7e3
160,1652274618.7852626,0,NO_TRIGGER,350,0.9583333333333334,0.006622048560529947,0.037485096172257926,F;H,5,12,0,0,5,12,2923c37da06204f3431b6c30c2e2d9f0ffed986be359d4237bd8d0568b76f417,c9c7138eaa25f1ae517adf7e613ed2226ba21d68fd1100646477764fa964274b
161,1652274618.8364618,0,NO_TRIGGER,350,0.9583333333333334,0.007583653554320335,0.03766242805032172,F;H,5,12,0,0,5,12,4f8daa2ce59580724b13fa5c610a914796ff81e55913654f01c87c5d95b78e82,cfbf36af588e981ce927f9c9b6fb8c3516f2f9e8b52be2bb49530863d9ae1d3d
162,1652274618.8857744,0,NO_TRIGGER,350,0.9583333333333334,0.008206830359995365,0.037750711310891694,F;H,5,12,0,0,5,12,0aeb28cf13c7cdac18305f1ded0752e88569dc188e305fa4b813e857b0c05a03,ed866b889191bb991df2a62c4b666c64775b75c54c6c67a8bf5ed3fb9565342b
163,1652274618.9359083,0,NO_TRIGGER,350,0.9583333333333334,0.00837160274386406,0.03784166355507046,F;H,5,12,0,0,5,12,06765fd8340b23fb67bef0faaeac9e0a3d04c8c7734758eba990e97fb1128d77,02087377aaa6a9d3f7d2f39d278f7af3594d95b121d375fe3afb289319fdf4a3
164,1652274618.9867256,0,NO_TRIGGER,350,0.9583333333333334,0.007246811408549547,0.037989159103094305,F;H,5,12,0,0,5,12,99d4d743a2ce3b7687ea3da835c999359d33af42312d2700a4ba98abb1b0f5ed,bd8a7c933ffe909486390d60ac07493e58d4258faaccd5226b6e3227a7baf0da
165,1652274619.0352817,0,NO_TRIGGER,350,0.9583333333333334,0.007533332332968712,0.03824000181908693,F;H,5,12,0,0,5,12,550e8ef81a79bafb272e7076205b953c8db380a833df0e15f1883cd02cac52a3,6ab470e628f39a8b30cb705422abe7924893e8a8270b039ba5a48f3538e6143e
166,1652274619.0857444,0,NO_TRIGGER,350,0.9583333333333334,0.008395358920097351,0.038308663354013506,F;H,5,11,0,0,5,11,c7b79be15e0eacd27b83d04ec52ecfa0da71ea592744c2208e402b2babd31468,3d2b538dd4b3bbae98dc26176a49807a27765e0ecf41efbf53c0844793b5b964
167,1652274619.1353688,0,NO_TRIGGER,350,0.9583333333333334,0.007647915277630091,0.03853498793658083,F;H,5,11,0,0,5,11,04fa1e894429209db7a3c36a1831a81bf5696caed2ee2dcde7720a25a757ca9b,b0c69c8fa841b701099c85dfc575dc365e87953487e18709fa4dc1b0a85ec957
168,1652274619.1862376,0,NO_TRIGGER,350,0.9583333333333334,0.007431371137499809,0.03867831600413596,F;H,5,11,0,0,5,11,6940ea01f37a935b57bfe44d7fe56b866858a252eed1274723e772821f21d162,b3ac6bdad35d6a5af43128866f5e18bb007e01807f4461c3e04cf8fa9943121b
169,1652274619.2370985,0,NO_TRIGGER,350,0.9583333333333334,0.007474865764379501,0.03892031273935359,F;H,5,11,0,0,5,11,ebd5b2c4fba8f47eb000a352d0ece0495cde1c8f79f6c9d7c2bf5ea42a361333,06e13c8bd4126b0e33dbecaf4f7d758c39a05f1b8ca19a816fb6c40d33586370
170,1652274619.284939,0,NO_TRIGGER,350,0.9583333333333334,0.00729708606377244,0.039026710803462095,F;H,5,11,0,0,5,11,2cd86c7de2661b31194af649e4904208289a7f20d3330776040599ad5827fdaa,7c8ad77b8da872c849930d98a0262ccdba4f8ed3e6f6a621b10d2311e2a5407c
171,1652274619.335938,0,NO_TRIGGER,350,0.9583333333333334,0.006422198377549648,0.03917171070772074,F;H,5,11,0,0,5,11,9a11737c0b4fda20f4da3833ca0ed4ae3bb089f2204485d30bada05540ef8e04,6a0564f8ccb6fed7c8b934e5fe9ba5cfc06fc9cc48c60048daab4f6ff40119f9
172,1652274619.3853307,0,NO_TRIGGER,350,0.9583333333333334,0.006440195254981518,0.0391583557368258,F;H,5,11,0,0,5,11,70aaac293adf4bdc8ec73f8bccd0dd7acd79659f75ede58534c7e0c4f37293e9,be9b2d07a85d8d41d2c5101cf5114881bc8fb1da3fc642fc27381f837385b695
173,1652274619.4349968,0,NO_TRIGGER,350,0.9583333333333334,0.005729639902710915,0.0392374205824908,F;H,5,11,0,0,5,11,5240a54becaeeb2bd0e813d9ff3b5e5ca26c24edc48f5406e74f888751d47f9c,a726e3fc662b35a86087f834adfa3b89c50a47db18ecc8561e96be67a3c57eda
174,1652274619.4854302,0,NO_TRIGGER,350,0.9583333333333334,0.005701541900634766,0.0390400380093443,F;H,5,11,0,0,5,11,11b9ce7934d77821039284191c353b2c71f455fd1a1b9fd67dce30e1b241bb22,97ab135affbdf22162831a6129cf328ce48a632ecfea5189f66864fb0b539aa2
175,1652274619.5362663,0,NO_TRIGGER,350,0.9583333333333334,0.005331600084900856,0.03866777946920963,F;H,5,10,0,0,5,10,2db2aa3725df78e37f7cbd66f6026d8a5ce254fd0a80de178e924f9b1bb3cff9,b4bc7b0b4308cff3fa911c440fdf5063e990e034eb05b9a3b46dde1f78be2c32
176,1652274619.5865543,0,NO_TRIGGER,350,0.9583333333333334,0.005418969783931971,0.03850292054419424,F;H,5,10,0,0,5,10,6f2394b5abccb595b5abed587587960e6c31125b6bfecd6ce39a4f14a7ec909f,c884af0e3be4d8a05bbbe2def5865fa1232a258b9bcd6f16e0ed5600eaa5aefe
177,1652274619.6359088,0,NO_TRIGGER,350,0.9583333333333334,0.005273932591080666,0.038442215121400114,F;H,5,10,0,0,5,10,413995d631f5b992c38d56a46f87eba93acb2abddea709045709d15c8a4ba848,87d38f4f8024b7c8ab6b8e4f742dbfe460d9de2ebfadcbc69e427a384f953990
178,1652274619.6859941,0,NO_TRIGGER,350,0.9583333333333334,0.005351303145289421,0.03828863999310661,F;H,5,10,0,0,5,10,c1cb8e63dfcb2d24287187d374a4517ae00ea0c43f7e5df7f353a4869e694cf3,17b3df3838b10cf6e0edead272086a08294575945166313344d6e3c033af029d
179,1652274619.735774,0,NO_TRIGGER,350,0.9583333333333334,0.005559309385716915,0.038269591279871396,F;H,5,10,0,0,5,10,e5031214dbb0c5af93692db9e7491bafc627b30300a42e5276c431e7a173a524,3a8fab2d6bbada545cd3b20a92b1fdf1678f35a86161884d278f37ee606dd79f
180,1652274619.785033,0,NO_TRIGGER,350,0.9583333333333334,0.005853130482137203,0.03808884296492043,F;H,5,10,0,0,5,10,43a1d5d54db4ebb3fa27260ae56592bc264b216c50d70ac266a23f54766a8c0b,85657d227eb05191d17d3336a14903a4183232caa4468d0169866f5fae67f3de
181,1652274619.8359394,0,NO_TRIGGER,350,0.9583333333333334,0.006075629033148289,0.037976639188878725,F;H,5,10,0,0,5,10,2a462eff2354ec518f06ca05b4b86598d8577f03ba1bd9dbeb173e1349d6e46b,c04b5f0028d03c4de0b3d724385ab79c8e0aa684bd645b0a6c68d7b540d12285
182,1652274619.8860176,0,NO_TRIGGER,350,0.9583333333333334,0.005947435274720192,0.037791848671109074,F;H,5,10,0,0,5,10,4113097a80bd0bb236b9ea7a0706e9bc99625f7fd337dddbc0728591a9c14977,699e5247ea6b24520d22b8a4ba28fb35645195968274da7bbff888b58beb0dea
183,1652274619.9352734,0,NO_TRIGGER,350,0.9583333333333334,0.005986551754176617,0.037736675522748175,F;H,5,10,0,0,5,10,6de962dfaaddc7f1b5891ec45f94d116634e8c0280942e1c7188885049744c4c,df9c50497eb7188ccb7bc46083565c28d4f8392b9decd16456fe6eb4cdf3b6e5
184,1652274619.9865675,0,NO_TRIGGER,350,0.9583333333333334,0.006816905457526445,0.03782045467601103,F;H,5,10,0,0,5,10,1b5e07a4f3ecf5ac81054bbbfe9cddfc451897a29be48d55f440310a52f37d48,52a41618cc4040e8802189207d6ba954313989b44bec0d25fefc934e43e66299
185,1652274620.0362246,0,NO_TRIGGER,350,0.9583333333333334,0.0065072812139987946,0.03767454273897064,F;H,5,10,0,0,5,10,841b692d46c94be5e17357521b909fcd60106475559fd7ec5adbdbead1d1de3e,61d0518b0a40644bf3661727f0afbd3fda7ba64e93480f3730fdbdb45be514b4
186,1652274620.0861359,0,NO_TRIGGER,350,0.9583333333333334,0.006767308339476585,0.03773731828278182,F;H,5,10,0,0,5,10,b5bc4dffcb4472ec6112fc707447ea5f41bb3dc470428bef53a30da80b0b3b00,9f52680371cb4fbd88a05b6f46fbab4eeb67ad36a6c31cd3c037067aa8082a17
187,1652274620.1361642,0,NO_TRIGGER,350,0.9583333333333334,0.006425915285944939,0.0375920109049479,F;H,5,10,0,0,5,10,1b0f2fe5d67ae53b4085c6bf94ec2fee3135fd181ed7da745f306ffb533edaf8,a526200c470a1adb2561645cd5a965c17d611ef79bfccbe21f56b4f0453220cd
188,1652274620.185931,0,NO_TRIGGER,350,0.9583333333333334,0.006395895965397358,0.03770774758731621,F;H,5,10,0,0,5,10,2f2ab872e5231d70c1359d30e3e4b9faaefcf48171d97b80a1c11a6c7ad8e8ea,0f0aba503b8bf7fed3b39b93f5037a8d1bf2cab6b7bce8e7963360e4816c74e1
189,1652274620.2352452,0,NO_TRIGGER,350,0.9583333333333334,0.006061331834644079,0.03757286041858143,F;H,5,10,0,0,5,10,2e416a816fbb24f43918c2bea24b60b26605663713194aa236fb85c87b0ca823,4f5ec538ec92242e743b0c9026c079d7f959acf2b7d9164183d5d049a2b6ef51
190,1652274620.2859888,0,NO_TRIGGER,350,1.0,0.006696798838675022,0.03728319580078132,F;H,5,10,0,0,5,10,5b2160a485f01c08f3da4f76c5a1b7888240b235f671544abb2f3a031569b86c,c1790b4bec614716e7d7eed8269ce508e461f6bcf7eafa318060a7a29bf5c9d5
191,1652274620.3354838,0,NO_TRIGGER,350,1.0,0.006580561399459839,0.03703733455882352,F;H,5,10,0,0,5,10,c5777036d234028c7bc2b2011e62cc9e79b82bddb5b982f81732501c748045e1,ec5b6310eb98017e88416f6b7b303d976f07784e106a3e4342d2f36d229998c0
192,1652274620.3860784,0,NO_TRIGGER,350,1.0,0.0067072706297039986,0.03680365622127746,F;H,5,10,0,0,5,10,7d366839e6f073647775e78010ba6ebb854f32887fbe045528d9f54a1ba008b7,72649d87a90a6589eefd0126ee1c815bda12945a106a39da17139a3367ea6db2
193,1652274620.435556,0,NO_TRIGGER,350,1.0,0.006262300536036491,0.03662304539100791,F;H,5,10,0,0,5,10,07576038b52067d48ea44327b248250a097d019a4eb0bfba48476680ce275923,5ccd083724e5d00080354ed9300c4c0d750160f787593044840090c2337c7bd8
194,1652274620.4862542,0,NO_TRIGGER,350,1.0,0.007217697333544493,0.037349838149126846,F;H,5,10,0,0,5,10,5e57f5a46a9e3a11e515545414f399b9c820aae4ee4e9a6734d3c79d7261fa5e,4c19e6ea2ef7fc78e1f431a4feea8a0987058da26b3215ca489e6bf47c335ed1
195,1652274620.53583,0,NO_TRIGGER,350,1.0,0.00698891980573535,0.03795372338388492,F;H,5,10,0,0,5,10,df309a7a18c2bcb3426f4fc690fdd62f4484d9c3411921971097419e97cf9406,0e2c983215e090dc2aef0f9029b60170847c722322958533156d93ff2da5982f
196,1652274620.5862625,0,NO_TRIGGER,350,1.0,0.007218843325972557,0.03800602577359058,F;H,5,10,0,0,5,10,2635d68e8c47b94273a57430e885681887d8d0ae285fbe21701a0afb7dd38699,eabe1dce7acad102715477a6b6854f6cf6d20ea77aedd26f20eb781481a901f4
197,1652274620.6373503,0,NO_TRIGGER,350,1.0,0.006410345900803804,0.03791521216299021,F;H,5,10,0,0,5,10,9751a9449be3c264a2080b9093efa9e49ca163e58de67e4c6f51780399c1faa8,59bc9f0732c53ffac68b485c2754860da7012a3bdbf7430d432e800abfe3b6a5
198,1652274620.6850944,0,NO_TRIGGER,350,0.9583333333333334,0.007660034578293562,0.038512920017616414,F;H,5,10,0,0,5,10,5ae9fa1ffd6e88c2afc3153028c8892d70ab32c9f042d18179231ca9ecb5661b,aadb89701ed9aee430d0cf6617164b6e10bd6f87c25c00fa72cef3d85ee5dfca
199,1652274620.7357826,0,NO_TRIGGER,350,0.9583333333333334,0.006841094698756933,0.03892825224034935,F;H,5,10,0,0,5,10,17860ea32f6f83702b9351698478cef33c43ab4f967de3dc9aa98afaed1bc07e,21943724ad11e62c0330f46536ba5160e33e9200cfbe6010a3f6b9edeb00db45
200,1652274620.786209,0,NO_TRIGGER,350,0.9583333333333334,0.007640336640179157,0.038758549613204574,F;H,5,10,0,0,5,10,8c3f3a08825f852a520e93442e79d19c8c082470b808a4f01f915e24ba344a9e,837e9663894c54117730cd5bf7a62b22266fc73581feb1baf9248fc967d82d76
201,1652274620.836689,0,NO_TRIGGER,350,0.9583333333333334,0.006587870419025421,0.038695390098422155,F;H,5,10,0,0,5,10,66436655e493237c7e9f651448ac97d1de86e8ccea80e05ae6cd807b97492164,d17174a9dcc1558ee1a6746a1eb7110d08657abc22958190ee1c3b4a3d64ff01
202,1652274620.8851848,0,NO_TRIGGER,350,0.9583333333333334,0.006358437240123749,0.03928844444125312,F;H,5,10,0,0,5,10,af40ddf9584b04464e75a1038aa21f502ab6e4205f0d6a5ba503b8cd7068ab95,b9176bb9e0e1bce11eca7f5be15d240036fc5531bfa3d9ca79ec9c331c96cb03
203,1652274620.9362488,0,NO_TRIGGER,350,0.9583333333333334,0.006338839419186115,0.03883319225834869,F;H,5,10,0,0,5,10,615809d6bd2cb31b403873bb7dca9d30aa80b49bf0bc4ba328bc0f8dcbb116a8,f9778b56490790cead57c1b4bb3dad6099ae5adc928229fb9c300029280d1b18
204,1652274620.9853141,0,NO_TRIGGER,350,0.9583333333333334,0.006880981847643852,0.03806770651424629,F;H,5,10,0,0,5,10,25402439582b679586636a48781419a68832b22c0eac15eb514faff815664472,9086b059e91c4e06ff4fdb10e6b627a8605fe91cc329bf78e9a5087407a2e4b6
205,1652274621.0364366,0,NO_TRIGGER,350,0.9583333333333334,0.006372781470417976,0.03769499411190247,F;H,5,10,0,0,5,10,16bc285ab8658fdd344e5df728432762959c9f3afd0ac147b4939b5e2eaefe60,7f7023683bd63f2fa60b189e1d598600f284e6cbbf551d3538238267854ac3dc
206,1652274621.085977,0,NO_TRIGGER,350,0.9583333333333334,0.006227783393114805,0.03722131400314033,F;H,5,10,0,0,5,10,32ef273efb7d0493f7415734af523644239b89d241896a94f752dd462588e485,fef99ee04020f190bd7a975b7e2aa4ce4e08b50e9acb90d7c2e69b8bfb4e1247
207,1652274621.1361287,0,NO_TRIGGER,350,1.0,0.007004529237747192,0.03669175987094064,F;H,5,10,0,0,5,10,1170c53906fd972bf0c3c1e18b971dc1d1e7dcb7a860eeb39b3febd5b9b24f85,e5e9463421725f242ed76bce591d6878db8a4ac7d9a6370a629563854c397902
208,1652274621.1867433,0,NO_TRIGGER,350,1.0,0.007013711147010326,0.03574411467907468,F;H,5,10,0,0,5,10,a266427fe87e1a9f5028cf2a4a84e8120c4f7b85bbf4c401cfcba3c2907ddc29,6197936351e859f2c55ffccb6c7f624573f6cfddebb70e27790b12f1ed5c4ff7
209,1652274621.2361739,0,NO_TRIGGER,350,1.0,0.0069903414696455,0.03495913751340374,F;H,5,10,0,0,5,10,91ad7622436e682b3a43ba22ddb5d42f2cc90f7e0a72fb4d6b0e3f52ed6b0eae,133ed3f8e1625a26fe8a83eb6924dd7d3024fe549fd3f5390fb321e577c1a29d
210,1652274621.2859845,0,NO_TRIGGER,350,1.0,0.006730611901730299,0.034208519741881105,F;H,5,9,0,0,5,9,9bd14575f19c0034d35d83d771066416c163022227d5b864ed464748ffb300c4,c26e40cff7fd233daedbc8368a24034935baff6e9c001b7f79c11def8a0d5dc6
211,1652274621.3356965,0,NO_TRIGGER,350,1.0,0.00613549817353487,0.034789015347349794,F;H,5,9,0,0,5,9,94177d2152a6d470725cfba1e3292b73f360e3a54ee765e8117a2aab290efa20,21b4028daeea1d75aa3f915e2e0c1723518dd65e01bcb79c2e068eb1abbe1976
212,1652274621.3857703,0,NO_TRIGGER,350,1.0,0.005700020119547844,0.035500416235830334,F;H,5,9,0,0,5,9,50275a839b88485514832706acfa7a2ff9f06fa4ce6df5e1ea12be67e1d8b3ed,669318e20a4ed8a668c958c66c6440bee602c4033488cd2ab251c439be7be60a
213,1652274621.4357204,0,NO_TRIGGER,350,1.0,0.005168336909264326,0.03466071341720278,F;H,5,9,0,0,5,9,ef9c7dd9be8b625f604600020bc92b9b67dc1cebdf1ca6c3d3cb5a1ba219a052,b07ae6424d7fb30f09ecc0cfba8dbccead4a0a992795ad0b35fa43ea4287936a
214,1652274621.4865828,0,NO_TRIGGER,350,1.0,0.006001273635774851,0.034019368824678375,F;H,5,9,0,0,5,9,9dc3437e8a422004f895879775ac94222b61e1816a421bd9d69da305af8a4e1b,ba0e816712a9e84bc7b24bc444a955aa97b942593e397dcf05ad85c7ebe173d6
215,1652274621.5356998,0,NO_TRIGGER,350,1.0,0.005410853773355484,0.03362172961665144,F;H,5,9,0,0,5,9,d9de37ca6869622a07c448670b50f00322a1c49ac7ae62806086de41dcf5c986,a691f8a2e36ddc2b93f75e4b0864302d515eaead5ddafb55c99356252ddd52b9
216,1652274621.586652,0,NO_TRIGGER,350,1.0,0.0053834011778235435,0.03344205523322619,F;H,5,9,0,0,5,9,e738c5081cd1e1cc44c4261fb4977f1ef0ca603aa7683699a1fd01d1a25e5510,ba97dda843738d810bdbf87407aeb50f1bc1530e3c1c85dcccaf1c44ecebf972
217,1652274621.6373818,0,NO_TRIGGER,350,1.0,0.0059864455834031105,0.03350122257008281,F;H,5,9,0,0,5,9,66d189b4520d399e4901743fa462a50d7d72c5d48f942a5d11486376dab5e631,b6a3fb3f51383604401da2cc151df2e8e5a324a2b1e6fc5fa50aa5f3159933fb
218,1652274621.6860938,0,NO_TRIGGER,350,1.0,0.005612188018858433,0.0331293754787072,F;H,5,9,0,0,5,9,08ee3868fef6774d8579f67fcedb7b010db76b0d53fb0e6de67ed977228ae06f,c2fcc9be9b65ba01b5a961a96ff54d7d22deecdc460bfa79731c6bf05559cad4
219,1652274621.7360594,0,NO_TRIGGER,350,1.0,0.005408245138823986,0.03257909859451602,F;H,5,9,0,0,5,9,f22644d6a5c1a5609aefc25c9c0f0b7f0c1a6eaa2aaafe9fd77e65329a195ab6,e5edff2ab2b65b11b9f4a7457312f9e4c2adf79b3691d42d121d2a4aaa4f1d9d
220,1652274621.7856987,0,NO_TRIGGER,350,1.0,0.006122133694589138,0.03266761996400125,F;H,5,9,0,0,5,9,df3682d36cdea22fbfd17c97d9b3a902a8d8dd238e817e9fcc0abf2fc824a246,48355afb4342ad0ba60af78ef47b8925728da7431dbd02b23fc6adfbec447e74
221,1652274621.8355684,0,NO_TRIGGER,350,1.0,0.006552505306899548,0.03276843386182593,F;H,5,9,0,0,5,9,978f9faf72ac7c21ed850d42a775e3d7ef8f8c059247893dd59b46d7cefaa44f,12008e49a7dafa18f6ae2312b815ca7ab05905284da120fdfd87002e817a30b8
222,1652274621.8868203,0,NO_TRIGGER,350,1.0,0.007959552109241486,0.032852776979932496,F;H,4,9,0,0,4,9,fa4dbab6dba9d5444278a460f8dc6ab928f39df8f78506932588f39865a989ec,9eb7e9a8581152647aa1a35262a3671fd5853482f82b8a13fbfcafe06035eeb8
223,1652274621.935718,0,NO_TRIGGER,350,1.0,0.0059849778190255165,0.03191089561312799,F;H,4,9,0,0,4,9,52754a95977a3ad602223f5f54c25db32784628bb1882f443d06c0867807d29d,5aa67aea48a43d5cd0908fa34b776ca21329042d80136d07b6169943690afd6e
224,1652274621.9856682,0,NO_TRIGGER,350,1.0,0.006077565252780914,0.029389922353707076,F;H,3,9,0,0,3,9,a7301540841386e9f13f36dfff6becd57ad01ffaa332acac498f6f174bbd24aa,1c6bcac852ea154dd06c297840ed5fe8377775929a8b5254e8bcfcf5291ccdfb
225,1652274622.0357175,0,NO_TRIGGER,350,1.0,0.0060390690341591835,0.029009807368259866,F;H,3,9,0,0,3,9,e9f31951bb4afd365f9c800630179c8b01efc0360b56570ce44b654032252d0d,504d236a61f111ec61f4db673f207461aa04e26b03c96c969ea8a1580aea7144
226,1652274622.0852807,0,NO_TRIGGER,350,1.0,0.0053154220804572105,0.03015090777228857,F;H,3,9,0,0,3,9,ba1a957b42353acbaa07dc8732e7ba7ffd8a9cbcd9fd66f9e3fef86c72ff0e75,9d9960dbe9e6df82e5ed3d1407dab71a11c4bd4c395f5b301f71808bdd24811d
227,1652274622.1362338,0,NO_TRIGGER,350,1.0,0.004897449165582657,0.03190372170840994,F;H,3,9,0,0,3,9,fa623a36a0defb963854f15bc4f95afcb28a8ea4e536837e0b7b61c5b81d3e56,ccb0b5b9f811253c664b7ceed548c940676f3f649eb4b411d375a1eef48f16c6
228,1652274622.1865888,0,NO_TRIGGER,350,1.0,0.005182328633964062,0.032835203929227896,F;H,3,9,0,0,3,9,72c554bd6c7decb82cca62beb5f6913df1f5ee912dad71ac32587e81d4c3b266,1da76b439159d8fa35a6a73c9b5282689d8d8eeb334a91b439d183cf45389a56
229,1652274622.2361734,0,NO_TRIGGER,350,1.0,0.004874391481280327,0.03279296147365196,F;H,3,8,0,0,3,8,a1f61c841098c96bbea66f4ca69a69e26ff50b797eb66a4434934f9afa6ca7b4,39caf3dd777ad6a184274ad38d2b48b9c13a0480ef002b522ed8db67fd8ff031
230,1652274622.2870767,0,NO_TRIGGER,350,1.0,0.006177852861583233,0.032612699764476005,F;H,3,8,0,0,3,8,ea02e4609ff42adb579d8bc8b7f2905c7202b18d2aade62a9557b192a0e448d7,688cede3afd3381c7a107c50dacdd7dabe475ba72f308b9b36edae14182a6c0b
231,1652274622.3359983,0,NO_TRIGGER,350,1.0,0.005597312934696674,0.032124282418045436,F;H,3,8,0,0,3,8,6baa217086680cb42602cf1e39f9f6b189521e832b6bc19a8fb44bcfbc3ffeb8,f906500eaf67b050c739201e22268330c5c68e2777d22a03cb9b3f0e6cdbb2c9
232,1652274622.3858528,0,NO_TRIGGER,350,1.0,0.005647730547934771,0.031923272393918456,F;H,3,7,0,0,3,7,8fb3acb2bdf6e212badbd8f005b032fb15ef6a1c4b3353eadb1bc2100bbed6c1,c14c0f4c495cd558d9e9abf50c3061bf098d5ca330717f386e5d887cc8dc85b5
233,1652274622.4365988,0,NO_TRIGGER,350,1.0,0.005764096975326538,0.03134199841069241,F;H,3,7,0,0,3,7,4eb0a60d73f75c5e0eabd083d730d96b7743921b594989dfc93fba901bbe2056,bc24623e006987dfe4a514d9c8bcf2639c2ce183bd0d15a02d6989d67eef87db
234,1652274622.4859242,0,NO_TRIGGER,350,1.0,0.0072465939447283745,0.03055997228285845,F;H,3,7,0,0,3,7,c274ba61f682915b4cd0305a83aaf15a4a7ddbc566a763e0e164bbcdb0442758,34fbd81bd6a2ca6ac98b8f2d05b9439cfd53379e60bf7e57449f2189720425ad
235,1652274622.536949,0,NO_TRIGGER,350,1.0,0.0060035758651793,0.029703051039751793,F;H,3,7,0,0,3,7,f3389e7f3857202fef5364c60a67dc48aff07f6923e2cb8edb5afadf8b092391,761bc1c40d1ebc33d96eb75616f30f4d4990c76e96cfad0784c59329d4d77b15
236,1652274622.5868373,0,NO_TRIGGER,350,1.0,0.0051967790350317955,0.02924125517003673,F;H,3,7,0,0,3,7,85e9bd50f94c0a3c91c2d5d14788dad420eef526a930b33c85169e16762b2a9c,878fdd0763c56db6cbccd27775e045d10cdc981f8fa7c43bdb5d942a77dc5b4b
237,1652274622.6369245,0,NO_TRIGGER,350,1.0,0.004815567284822464,0.028867191521139812,F;H,3,7,0,0,3,7,17b8492dbd4db332bdb86582af66f786e8ea24552402830b58cb59e7f0e06839,7cf11ce19da04346a14501288053ceb484fb046cf2567180ebe83435984a3bcf
238,1652274622.6857681,0,NO_TRIGGER,350,1.0,0.00474244449287653,0.028721877106311355,F;H,3,7,0,0,3,7,72e5a6262e5af1b491f58e99df82399616b360802812bb46bc84fd7d7d8c2f0e,8a99622ace4161a55ce5fa51aa50cdf8c77593061e74bc7b19c6d4040bdf4a18
239,1652274622.7359142,0,NO_TRIGGER,350,1.0,0.0045150890946388245,0.029137339298023868,F;H,3,7,0,0,3,7,efb85a67cae5c4b73dddc6d863e3c66121614f0532a5330b999b8a5c339909d9,c9a2e5f967ef962c8dae6b4f3074f7c96648ec7841ff837e2bb5ebbad49612b7
240,1652274622.7856395,0,NO_TRIGGER,350,1.0,0.004863447975367308,0.030051233723958237,F;H,2,7,0,0,2,7,feab1f46c9964fe00be32bf15648c764073af98f04e75244699df1756d74de37,c4f0f945fb25773fee2f81296f85c3f0d38d216fc647939512f4489a113a9ad7
241,1652274622.8362083,0,NO_TRIGGER,350,1.0,0.004833978600800037,0.03112915441176467,F;H,2,7,0,0,2,7,cecae89f77512e756ec71598e61b52df52621c4ebbfa79d73139756efa4980ad,8990cc41ebf50351a5dff045daed34f442f918d5ce67d9357a542ffaef77e3df
242,1652274622.8871467,0,NO_TRIGGER,350,1.0,0.005396295338869095,0.03225501852596513,F;H,2,7,0,0,2,7,c41538a110de419d90f6cbf8c2eb4f1e0f9552789ae7c3b7f60c684ed9226451,366e921326201eb3736b2ca9287be254daa4f9f0d1eafb89c230e5ca724a6316
243,1652274622.9360576,0,NO_TRIGGER,350,1.0,0.005649087019264698,0.032307179840686207,F;H,2,7,0,0,2,7,e77ca2b4eb311076b86e7d36983c82d19f33e4fe0b9aa4a1e1db4823f38bd599,d736c0d825d51b11057aab1ce7148e7ba0ac7d43c2fd26b4a76ea5c8b34a935c
244,1652274622.985809,0,NO_TRIGGER,350,1.0,0.005760271102190018,0.03189203967524512,F;H,2,7,0,0,2,7,3c6ae67707568e4e4dbdb239e4169b3f5fcb2f75ffe9ebe6ccede35e401b4b20,1f9bba141062a54059ab45ab43368d1f3973346890fd263d560fa65661e5c32e
245,1652274623.036417,0,NO_TRIGGER,350,1.0,0.005575991235673428,0.031440290670955884,F;H,2,6,0,0,2,6,41c14793e34f4189b71f7e6854d49b4019c432e3d65e09f0c0bf0e041d4d8fe0,5bb32b00efe6d87952c9a8baa7b9e68fdd1140cf3463d39458e95d02d92b1454
246,1652274623.0856602,0,NO_TRIGGER,350,1.0,0.006016114726662636,0.030923488003600008,F;H,2,6,0,0,2,6,eed22c4a17ee5f8b0df247d61825c4cb10ff8268d3a0268b70c99350b9fcf41b,a2aae2144a3e8723445b42c78277d4a4547f1f2faa043f5a9937a17bc73c3c1f
247,1652274623.1364849,0,NO_TRIGGER,350,1.0,0.005605453625321388,0.030613860389859138,F;H,2,6,0,0,2,6,430268aece5cdf2c8b635e645d2dbf484d70ac41f6c80427f3a985bb5ed11418,f2f9f491e156804ab13d82549f34d7f13f44c61b9d0465c5b87051caa6fae080
248,1652274623.185817,0,NO_TRIGGER,350,1.0,0.006117887794971466,0.030322469937193564,F;H,2,6,0,0,2,6,938d863a0b03b05ff567f7deec1601758d76dfacb9165cee794a0afa6df0686f,e574e5cea698851974f13a32dc91a82c643eb8a2ed951320f2d44ffafd48c2dd
249,1652274623.2364552,0,NO_TRIGGER,350,1.0,0.0059964340180158615,0.02992731632008261,F;H,2,6,0,0,2,6,fcc27ea7c696d167e516122af6dff286bda192f2141a4e8a68e7a27bef22e73b,4b88267540abb90e5bb759770d16952e83d6cd9e85d6e8ae89b33c6e487badab
250,1652274623.2863479,0,NO_TRIGGER,350,1.0,0.005589435342699289,0.029646376953124998,F;H,2,5,0,0,2,5,1394fd0334dfd1580c2e365b40edf5123c05cf531dae8df1fcc0708eb862f5d1,3d9448907c2629ba6db21ff0d9d999483f6bbd3a7264ce2bd1f0bbbb3f51267f
251,1652274623.3367996,0,NO_TRIGGER,350,1.0,0.0048950305208563805,0.029557631835937626,F;H,2,5,0,0,2,5,dfd02bb8c1080ad7b0e53e5598ba5c8839ec1f6fccf1c5fdb2db3a8d29f52143,f526053a846e5e4a00d25337ff47745a7cb513a58f2d7b87730b3deb2109b716
252,1652274623.3869185,0,NO_TRIGGER,350,1.0,0.004912196658551693,0.029484969458486443,F;H,2,5,0,0,2,5,0b4c35050f15f05c9a371e09e71e2e505e018b1d60dc836bbee56128de30cb94,09e687fc9310c8d0432650a87d2c35bf70018d4e00cbb5e0c2e14167c07278b3
253,1652274623.4359934,0,NO_TRIGGER,350,1.0,0.005066131241619587,0.029594178059895837,F;H,2,5,0,0,2,5,b5d9147c534f310b1829a7d380b02c2577b86fc53c6bfb937ff4195248a18896,259923017a1c5d56a5399b4371052b76f278707a5c685ea11888ed326074711d
254,1652274623.4858785,0,NO_TRIGGER,350,1.0,0.005617283284664154,0.029786549000459406,F;H,2,5,0,0,2,5,b3bab73de2389f6810da5c28399cbebaf59e27bd7eea337c660d383fa854e3d1,0cd9cd2b0c22776106e8e8448cfa0e8007167a8ec304708a40de88488b965e66
255,1652274623.535402,0,NO_TRIGGER,350,1.0,0.006616722792387009,0.03063328230315565,F;H,2,5,0,0,2,5,dbd33b1827c0d15db4574d35a141f3a5506f3ae650db9fc6cdab48e47ec2c92c,9a7d08512fe0d509783c56a11e477eab2c4f2b0af69f249ed427f8179c088b67
256,1652274623.5865524,0,NO_TRIGGER,350,1.0,0.006832735147327185,0.031121097005208265,F;H,2,5,0,0,2,5,e4a3795c2bf798c3e535d7152adf9bbfc0ed6635cb1445de91dd7c68b33be772,0f97a88f09e96069c5196295f6b5e2d73a9788db8e6f79ca87e2d0e9d96ad61d
257,1652274623.6354132,0,NO_TRIGGER,350,1.0,0.0062951017171144485,0.030713937892539844,F;H,2,5,0,0,2,5,ff214a9446bd6197772e6e8a4258ea3b5e9001f1348fe7b11da2c9bed632fa78,3ff7f83de7d348cb4d640fc0bb061414214eb08f9f5f1460ce8a7a6ee7557437
258,1652274623.687489,0,NO_TRIGGER,350,1.0,0.006079670041799545,0.03039110083486518,F;H,2,5,0,0,2,5,9bc533220677d03f34ccecfee7c4857e4c76ed7e7d2aa3fb4f9d2d3134eb51f6,8a21d5dcb108a84216ba146fbda4bac7a87b225d00038314045005451ca82e03
259,1652274623.7362647,0,NO_TRIGGER,350,1.0,0.005467874929308891,0.030064972522211963,F;H,2,5,0,0,2,5,f11b8730b22dd9bf522c9e04d195b22507bb729feed57ef55a210d88f1ee93e5,3732a477a91d1d0f914eb1c2e92d4d1c5e7b32af75f54b141d1a04dcd904a228
260,1652274623.787259,0,NO_TRIGGER,350,1.0,0.0058494689874351025,0.030086469343596933,F;H,2,5,0,0,2,5,c409548a43bacaac1128629abb1765359eb2ea3c06dad8f6a013c84068f536d5,87592ae70883c6e105506ce932202ddaae9f28a6ff929844b1ae49674176f7d0
261,1652274623.8358455,0,NO_TRIGGER,350,1.0,0.006291091907769442,0.03060503317440255,F;H,2,5,0,0,2,5,96dcbfd930b273ea3c4a54ce919133fd4f23560a10f697e09045e61b79fb2810,9da4f439e6ef5994bf58bb8db3f39a55ea4fc0ae0baef4e27475b6050f2a23d7
262,1652274623.8865035,0,NO_TRIGGER,350,1.0,0.006276222877204418,0.031290688715916115,F;H,2,4,0,0,2,4,39e44e7a66dd0eb102b9c81e42603398321d41fdd4c4e74639edc2ff870bdc1e,1712dea70ae4b4a67875293bb6a4c96a395903734af43eb9db2cc45925bb5dc2
263,1652274623.9354682,0,NO_TRIGGER,350,1.0,0.006257594563066959,0.0321130912032781,F;H,2,4,0,0,2,4,f93d2f437929decf67a805dbb3e11f8581a704194207eec07b101a2f8a710fbf,e7d99996a17f17ee01511cf5357e545b6b5d697eae64ea47cb02a1e7d4aa26db
264,1652274623.98646,0,NO_TRIGGER,350,1.0,0.00627223402261734,0.03241068172679218,F;H,2,4,0,0,2,4,08e290a0cdcaabd15109ea836bb1405388b642e13daadb1a70ba0b9b51034c9b,0768552c6aa841b78d2315703a36995931f6cb8aad86a51afa092453ea17c53b
265,1652274624.0362582,0,NO_TRIGGER,350,1.0,0.0057004885748028755,0.03266438893037682,F;H,2,4,0,0,2,4,23128a00b6cfebbef81424a2b0a01f7d7fadb374bdf2e6d8766edd0f29cb674b,168da75c9a268223941e6a64bacdeeb19ca187b5fc3bd78beb5c7076d785b957
266,1652274624.0863364,0,NO_TRIGGER,350,1.0,0.0057131461799144745,0.032984215782015935,F;H,2,4,0,0,2,4,15414dbd3bdc932604dcae61c66da15d01347b96aa6b0c88231d929bbd735f1d,71f40deb83797553a4634ac71fcfdfa1fb472f961fc9af5a6253ef13a188a56e
267,1652274624.1360595,0,NO_TRIGGER,350,1.0,0.005919887684285641,0.033208871878829704,F;H,2,4,0,0,2,4,4c7e2fad6108aeb5b2040907b7fa6678948e6becfbf12cb1ff774dfac7b9b802,d20be6a2a501459b833b0d5f2691ce627192d7a4e2cfe4ce29138b91e8955993
268,1652274624.1857123,0,NO_TRIGGER,350,1.0,0.005428696982562542,0.03355068584367338,F;H,2,4,0,0,2,4,31e3f3fcb538d11293514cd046f681d760749176e1e456875ad7fd06747f24cb,e27097388037cac4850d1cea1335e28717d1c5ca938248387fe56a0eb8c30e83
269,1652274624.2355525,0,NO_TRIGGER,350,1.0,0.00555923767387867,0.033526072447533695,F;H,2,4,0,0,2,4,d54218192e8f9a25da781f617533cb386ed1ff1b0bd3583aeb2b6b3281154ebc,83161e8344383c62f3d3916570694e2f1b506fec3b17f560d1cccaae17b8e119
270,1652274624.285919,0,NO_TRIGGER,350,1.0,0.005770457908511162,0.03338119284237129,F;H,2,3,0,0,2,3,19dfee103b987742ca3ae80ab8be0ab5776a6181d674025f718b3d55e81f42fd,2c7f32570778476ba0439a2351b5ee163b9ca595850c068126183739fd93a3ed
271,1652274624.3360283,0,NO_TRIGGER,350,1.0,0.0061034830287098885,0.03378628403607542,F;H,2,3,0,0,2,3,a690680e5ce4279ddfdc963dfc6dc23f59529b312f1445e41c77638ec4b7e3f0,f1181a6a8699725094e118ee35f94100603cb2303cedfabf81d1b040f6daf6cf
272,1652274624.3868039,0,NO_TRIGGER,350,1.0,0.006559127476066351,0.034006046884574204,F;H,1,3,0,0,1,3,3840bc89323e6069e9771fce3da9c991e0398b83b3a64ff460545315201ce6e0,52c1ac55316dc6036c94ece083d37a0372eeeaaf8cf1a4bff7bf1ce26ccf8027
273,1652274624.4357135,0,NO_TRIGGER,350,1.0,0.00675733620300889,0.034607752470128705,F;H,1,3,0,0,1,3,d0948e4db2fafe04bfcd43552e86af5520c5da1f123304ec5168fc94076c4614,514ba99b647e12cbc79e20037933bdc1a4d5e745445551646cc8765d73e7de58
274,1652274624.4864688,0,NO_TRIGGER,350,1.0,0.0060035125352442265,0.03492421831916359,F;H,1,3,0,0,1,3,8d7d2e1ed97622442e53f80497613ec8f9727dd4ed2dfb0d140b03a1398d0e55,3b41ecf4158f84ddb4b2de1c3e4a671f9f00f7351ba5566d511da53b7ed540f2
275,1652274624.5360656,0,NO_TRIGGER,350,1.0,0.005858129821717739,0.036769280981924,F;H,1,2,0,0,1,2,8a0a75c371944c68836adfde458e82166f87f1549851f1254188d9a5c6090df9,0b60815f6c9a10c4949c5ddff9b94d0c94fb2672ce857bc8e665f58f0fe23112
276,1652274624.5863051,0,NO_TRIGGER,350,1.0,0.006821032613515854,0.03828972637101713,F;H,1,2,0,0,1,2,72cd903f09744576a8b0e3539bf2cc1070ae20a6300324d120295606ce67b5d7,cafcabfe683e61ab9ab200b8e4b725178f2a314f01bce756d6340de51d3b5cf1
277,1652274624.635801,0,NO_TRIGGER,350,1.0,0.006650311406701803,0.03908738084980068,F;H,1,2,0,0,1,2,ef47529f07778162faa899c45bb8bb412a6e8c8bd63c8ce592212981914cf76f,9bf75a7df11364b85637a1dc50d5e29845aec025c623a3b9135963f5532f2d3b
278,1652274624.6864843,0,NO_TRIGGER,350,1.0,0.006055271718651056,0.040100630505131685,F;H,1,2,0,0,1,2,7b9b8d77b556a52d8990662e5a1b502f27cc11d238b2552087e57b7f833b5b29,dd098346c500a749595d35e857d0547165808985dbcf6882209557b7030fb5eb
279,1652274624.7356768,0,NO_TRIGGER,350,1.0,0.006107633467763662,0.040756444307215034,F;H,1,2,0,0,1,2,e0fdfd8c19aaf9c77e90aae2f9a3ee570761e7d23bdc0eb1c2f94b9c1f4140ec,3eacc64c73584338b95348cfb3371dbff2d408872563f246e8235b1e2703a289
280,1652274624.7858667,0,NO_TRIGGER,350,1.0,0.005769333802163601,0.04100212670419734,F;H,1,2,0,0,1,2,ffdece067c40a340f29dfe4f67452acf888f3a0f52a3e3486683c9712c423bd3,104b4df452f3357fac546c08712e280fa4fabc4ef12fed728d00f9c9aea45329
281,1652274624.836661,0,NO_TRIGGER,350,1.0,0.005842351354658604,0.040029264322916536,F;H,1,2,0,0,1,2,aca3f88ff7e21dc328094dc7c688a33a2306a6e6b04c353d454ba717e260be5b,0546de106044f30f627ddca2f4e8df437c0360faad3f0564751c861d0187db59
282,1652274624.8864834,0,NO_TRIGGER,350,1.0,0.00795962754637003,0.03902436863319547,F;H,1,2,0,0,1,2,82f595e380ee11b141921fe0e69d202afebfc9552636bdd5a750c50c958ee89c,791bce40b870f14c7ce0707ca60619d6284882b95421cbf4649e140d8adf2613
283,1652274624.9371846,0,NO_TRIGGER,350,1.0,0.007584688253700733,0.03908541906020213,F;H,1,2,0,0,1,2,6fb5adb84615e2da9c9fa54a64449013ef042c9c1647e834de255cff867138a6,4a2f14115802c35f73f4d99449de45de11ba31444cf91634cc5d1eb8851ba97b
284,1652274624.9870036,0,NO_TRIGGER,350,1.0,0.007641125470399857,0.0399249331724878,F;H,1,2,0,0,1,2,43af57805db39b5b0b5713873f629fd001f5da3092954bf11ca85c79e16c95ea,1dfa28d80f7af414686f514d89a45a5c9e64c5cae91f040b393b2e5f9add47e0
285,1652274625.0355682,0,NO_TRIGGER,350,1.0,0.007899532094597816,0.04158027243221496,F;H,1,2,0,0,1,2,d2fee13023d6258c19a3ad6939f0ad6d9957171022cc2c081e833143d83322b5,8fe46028ff080fcc2e81d997d554b933e57e26fb52101da93a91c5467ac47a1e
286,1652274625.087108,0,NO_TRIGGER,350,0.9583333333333334,0.0076000564731657505,0.04249025112974869,F;H,1,2,0,0,1,2,06e9dbd7eb09fd86bd153cdb495f99bbbfb208ce9d009003163a3aa6ac3d10e2,7ac5f6867f55b4093f59e4274ce62fd77434ad9a5d24e899f15748b4fdd7cf35
287,1652274625.1364048,0,NO_TRIGGER,350,0.9583333333333334,0.008365364745259285,0.04306637556487436,F;H,1,2,0,0,1,2,1400eedfc7a317865a0bb6fbae1ccba12264cee7a0ddf89fcd5a0de0beb37abb,5567fa1578fc10ffd7b854b02608fea9f68658b7fdf3d6d402ef5aad6e1ee57b
288,1652274625.186038,0,NO_TRIGGER,350,0.9583333333333334,0.008159300312399864,0.04368741708792889,F;H,1,2,0,0,1,2,35d8f09284eb46215b22e38c83e5ceb222c8a4fadcb436f011183a518f238e28,6855f70c24910032d71971909d1bf0d51531b5b11719fdd665347c4f49328da4
289,1652274625.2362826,0,NO_TRIGGER,350,0.9583333333333334,0.0077526564709842205,0.04395832687078727,F;H,1,2,0,0,1,2,53c57750bfef1fd9e525245ca115999f9935e6aca2e48747584eae2266ff8e3d,07a8bc5428cd1352c112aa2969a9d7a524272ede696db961278b199e90ac1317
290,1652274625.2866237,0,NO_TRIGGER,350,0.9583333333333334,0.008496166206896305,0.044508692650888415,F;H,1,2,0,0,1,2,7dc6b6f435197b11ad03227a678f7986b1624c01e9e1e2a1d94559460f24f6fb,e1db16ea67b0826ef97aa83a788fe11a4e5bc74cd9b6b0423a5898e05942dfbe
291,1652274625.336528,0,NO_TRIGGER,350,0.9166666666666666,0.0072600357234478,0.04459282671760101,F;H,1,2,0,0,1,2,5b122d9bc7a10af715aac95a40fb018c1626c96aec8e4b73fa12cb63a6119219,77917618ec49130a9a4c10696697b59bd1c54b31434213077d9a2da1376fea20
292,1652274625.3866923,0,NO_TRIGGER,350,0.9166666666666666,0.007623016834259033,0.04475007999195779,F;H,0,2,0,0,0,2,64835c7d99787750e7d840a6959e2dad54fc6fd498658aeea9ba159ed7dc89af,6ffc7c2f36b5458b67110d6bd304fba950d04fa3ca5f927b72f624bf2d1b29f6
293,1652274625.4365969,0,NO_TRIGGER,350,0.9166666666666666,0.007952483370900154,0.04488673536113663,F;H,0,1,0,0,0,1,f941c22131a140dc35f76789bc1872d09b086eed91b0ce73c481c194e19f5456,0e80fa24aaa5b9b88e9543fa87c18e3757d1d65f251902a1b12ef40926938a58
294,1652274625.4881017,0,NO_TRIGGER,350,0.9583333333333334,0.008641762658953667,0.04488279392616423,F;H,0,1,0,0,0,1,c7706afb42ace1d8af671b9942763ac10a48bbfc5d4ab90c0c9b048daf6c41e2,bc52bb2ce9857e281f97e7c923d49e802756f877f4a79702d23ab230a53781c3
295,1652274625.5358164,0,NO_TRIGGER,350,0.9583333333333334,0.009283365681767464,0.04506484949448519,F;H,0,1,0,0,0,1,0a7389ea313a35d6ac61240def0efa3338fd1c6b83216e4120cc5bace6ebd215,82825f4f75680f3cb46184bd1e35373a338446b97887f5ac690cdcb1ed3663df
296,1652274625.586459,0,NO_TRIGGER,350,0.9583333333333334,0.009837525896728039,0.044979847579656784,F;H,0,1,0,0,0,1,9729999009be48ef7db1f0be3acccdd9c7add8fe119259d34d693dcb4f72bcd4,31e92e17005493103d6e5b8499f103d6be60afd58aafdb3bbe9a5c8c91902d98
297,1652274625.635413,0,NO_TRIGGER,350,0.9166666666666666,0.008171133697032928,0.045321647661994424,F;H,0,1,0,0,0,1,ce051175e20c68a1633c6316dcb24da1e19abeb74b58554512e83e2c226a8a36,0bb6b62d46d3b3a3804b7163b07bdc21a61bae0e534796766e06e03a4577dbff
298,1652274625.6858158,0,NO_TRIGGER,350,0.9166666666666666,0.008672373369336128,0.04527768908930763,F;H,0,0,0,0,0,0,65a540205f266ce3032a5de3153fff58997856032ae18fdff28596b14d2aaaea,77e0ccde6c0ac2f43f998dd6e1575f322717e5fdbf5a064919b6b308a298a0bf
299,1652274625.735636,0,NO_TRIGGER,350,0.9166666666666666,0.007557018660008907,0.0452412425321691,F;H,0,0,0,0,0,0,0305ad07a649f3cafcd693c327056ca66c713f895de2d210911b1aba69d4ba80,66eb6b05842cdb53c4bd14c44e80ce4dcc3e650be0732d6f244e64c0d1806080
