run_slug,arm,attempted,runability_pass,wall_s_min,wall_s_median,wall_s_max,peak_node_rss_bytes_min,peak_node_rss_bytes_median,peak_node_rss_bytes_max,first_pose_delay_from_reference_start_s_min,first_pose_delay_from_reference_start_s_median,first_pose_delay_from_reference_start_s_max,trajectory_coverage_min,trajectory_coverage_median,trajectory_coverage_max,trajectory_length_m_min,trajectory_length_m_median,trajectory_length_m_max,received_candidate_min,received_candidate_median,received_candidate_max,received_KLT_min,received_KLT_median,received_KLT_max,eligible_candidate_min,eligible_candidate_median,eligible_candidate_max,residual_candidate_min,residual_candidate_median,residual_candidate_max,residual_KLT_min,residual_KLT_median,residual_KLT_max,max_actual_eligible_min,max_actual_eligible_median,max_actual_eligible_max,solver_total_s_min,solver_total_s_median,solver_total_s_max,solver_near_limit_fraction_min,solver_near_limit_fraction_median,solver_near_limit_fraction_max,solver_at_or_above_limit_fraction_min,solver_at_or_above_limit_fraction_median,solver_at_or_above_limit_fraction_max,all_four_APE_rmse_m_min,all_four_APE_rmse_m_median,all_four_APE_rmse_m_max,all_four_RPE_rmse_m_min,all_four_RPE_rmse_m_median,all_four_RPE_rmse_m_max,all_four_sim3_scale_min,all_four_sim3_scale_median,all_four_sim3_scale_max
a09_6000_6800,B,3,3,60.3202350599895,60.32174500299152,60.52062686299905,89210880.0,89911296.0,89919488.0,1.2501451227581128,1.2501451227581128,1.2501451227581128,0.967497263970065,0.967497263970065,0.967497263970065,4471.493000055597,4500.4974714931095,4500.522243794641,0.0,0.0,0.0,140000.0,140000.0,140000.0,0.0,0.0,0.0,0.0,0.0,0.0,166469.0,167825.0,167832.0,275.0,275.0,275.0,3.746998309999999,3.747188190999999,3.8069426830000026,0.030927835051546393,0.03865979381443299,0.041237113402061855,0.020618556701030927,0.028350515463917526,0.03350515463917526,1234.1027439177365,1242.1399973605378,1242.147426313078,150.05518470541546,150.84681617883027,150.84755538971422,0.0014739861067614424,0.0014739943018815464,0.0014824361316474004
a09_6000_6800,L6,3,3,60.420619718002854,60.42096186999697,60.42476194599294,89600000.0,90230784.0,90476544.0,1.2501451227581128,1.2501451227581128,1.2501451227581128,0.967497263970065,0.967497263970065,0.967497263970065,4665.691784036575,5147.642254405936,5246.345532019823,2251.0,2251.0,2251.0,140000.0,140000.0,140000.0,392.0,405.0,414.0,1274.0,1312.0,1347.0,163620.0,167397.0,169962.0,278.0,278.0,278.0,3.7538257980000007,3.754578890999998,3.879806547000005,0.020618556701030927,0.02577319587628866,0.04639175257731959,0.015463917525773196,0.02577319587628866,0.03350515463917526,1288.3504809847975,1415.0675462698573,1441.4213866593284,156.20932085851726,171.48472852894443,175.12333515592184,0.001275487498344766,0.0013001097767586839,0.0014231719527899739
a09_6000_6800,L-all,3,3,60.524961620001704,60.525351936987136,60.52654397500737,89436160.0,89722880.0,90312704.0,1.2501451227581128,1.2501451227581128,1.2501451227581128,0.967497263970065,0.967497263970065,0.967497263970065,5144.537975205934,5278.808682516839,5334.169627549369,42018.0,42018.0,42018.0,140000.0,140000.0,140000.0,6384.0,6391.0,6433.0,19382.0,19424.0,19576.0,169002.0,169261.0,169714.0,278.0,278.0,281.0,3.8640864410000013,3.8714559650000013,3.8762888880000013,0.01804123711340206,0.023195876288659795,0.02577319587628866,0.01804123711340206,0.01804123711340206,0.020618556701030927,1415.936864890773,1451.2015676814265,1466.4755700960375,171.57487475091418,175.7677993593355,177.52832724431212,0.0012564258745162134,0.001269165500885291,0.001299329592973395
a09_6000_6800,C-all,3,3,60.41607802499493,60.52363471800345,60.62581020798825,89423872.0,89440256.0,89653248.0,1.2501451227581128,1.2501451227581128,1.2501451227581128,0.967497263970065,0.967497263970065,0.967497263970065,4468.0060332540015,4500.941287317871,12288.191228798234,22392.0,22392.0,22392.0,140000.0,140000.0,140000.0,3303.0,3304.0,3353.0,9950.0,9958.0,10133.0,165704.0,166661.0,181920.0,275.0,275.0,278.0,3.8014710779999996,3.8940512730000014,4.376412809,0.03608247422680412,0.041237113402061855,0.04896907216494845,0.028350515463917526,0.028350515463917526,0.04381443298969072,1233.1791812043975,1242.3638323714583,1387.1655289611774,149.92141733342953,150.84678068066626,193.36713661072127,0.0013306253728129346,0.0014739027922869487,0.0014837220553635098
a02_0_900,B,3,3,64.952297722004,64.97736083800555,65.03257176700572,100192256.0,102174720.0,103661568.0,2.9492695539956912,2.9492695539956912,2.9492695539956912,0.9333598441532135,0.9333598441532135,0.9333598441532135,4.626452410153599,4.627943769097966,4.628468086702316,0.0,0.0,0.0,157500.0,157500.0,157500.0,0.0,0.0,0.0,0.0,0.0,0.0,1399729.0,1399729.0,1399729.0,407.0,407.0,407.0,13.115572061999984,13.125601098,13.126108532000009,0.24703087885985747,0.2589073634204275,0.2684085510688836,0.1876484560570071,0.19714964370546317,0.2161520190023753,0.1438432835069247,0.14422082718236245,0.14445625820555832,0.021081938479309028,0.021109449975952863,0.02114391782847945,0.8843747225203888,0.8845633782505182,0.8848679006378068
a02_0_900,L6,3,3,64.73267774099077,64.93261078599608,65.03831403600634,103862272.0,104239104.0,104972288.0,4.350245170062408,4.350245170062408,4.350245170062408,0.9022220950594737,0.9022220950594737,0.9022220950594737,0.42359615598558636,0.42374809824127685,0.48834051060046346,2688.0,2688.0,2688.0,157500.0,157500.0,157500.0,2698.0,2698.0,2731.0,14340.0,14340.0,14447.0,1348585.0,1348846.0,1348846.0,414.0,414.0,414.0,14.394959543000006,14.525613604999986,14.534594699999998,0.5307125307125307,0.5454545454545454,0.547911547911548,0.44471744471744473,0.45454545454545453,0.4619164619164619,0.9314669111065742,0.944678421427728,0.9446793542108876,0.08656887521680029,0.08783911084078512,0.08783962313408465,9.418375339188392,10.697687837229168,10.69783341011277
a02_0_900,L-all,3,3,64.93035842999234,64.9321017809998,65.04914847599866,119742464.0,120557568.0,121786368.0,3.8502513139974326,3.8502513139974326,5.951003954047337,0.8666440130402724,0.9133348389645191,0.9133348389645191,0.27547693837270304,0.27810390287522224,5.588269945184502,116129.0,116129.0,116129.0,157500.0,157500.0,157500.0,105577.0,107335.0,107836.0,593321.0,598167.0,602198.0,1296123.0,1342098.0,1363483.0,809.0,829.0,834.0,15.943193544999994,17.20864853300001,17.390005206999998,0.9335038363171355,0.970873786407767,0.9733009708737864,0.8797953964194374,0.9271844660194175,0.9514563106796117,0.4457443390496442,0.9945315744587623,0.9948719345646576,0.04956312506707173,0.09277713304814261,0.09277739442994799,0.7007644964760855,21.91271980138025,22.065198007781465
a02_0_900,C-all,3,3,64.72957585800032,64.83547721301147,64.93575847600005,109453312.0,109604864.0,109809664.0,2.9492695539956912,2.9492695539956912,2.9492695539956912,0.9333598441532135,0.9333598441532135,0.9333598441532135,3.99110263911358,3.9922067942021093,3.997654321358712,41339.0,41339.0,41339.0,157500.0,157500.0,157500.0,50310.0,50310.0,50310.0,320348.0,320348.0,320348.0,1397621.0,1397621.0,1397621.0,576.0,576.0,576.0,14.781431068000007,14.788096084999982,14.868491484,0.5083135391923991,0.5083135391923991,0.5201900237529691,0.37767220902612825,0.38717339667458434,0.40617577197149646,0.06833878199738416,0.06951735455963182,0.07037413877854398,0.016385324805358245,0.016426989793378886,0.016460604582341925,1.0296085120748812,1.032140833703452,1.0336194891267483
afrl_bus_s180_d045,B,3,3,64.62223598299897,64.93303130999266,65.13360885900329,89468928.0,90288128.0,90808320.0,2.2319581371266395,2.391124857123941,2.391124857123941,0.9413570835579771,0.9413570835579771,0.9449036964335055,5.233927657310584,5.316801782630354,6.881568511636222,0.0,0.0,0.0,98700.0,98700.0,98700.0,0.0,0.0,0.0,0.0,0.0,0.0,226398.0,242107.0,243537.0,343.0,357.0,357.0,4.135899959999999,4.377090439000003,4.4846554419999975,0.018726591760299626,0.018796992481203006,0.02631578947368421,0.0037593984962406013,0.0149812734082397,0.022556390977443608,0.049787454643317255,0.05889629428410494,0.059698174015834875,0.02494601595068928,0.026323114162347856,0.029669656116176373,0.9410946718437014,0.9432082834106067,0.9543979546794226
afrl_bus_s180_d045,L6,3,3,65.10415129798639,65.106618403006,65.1694140160107,90288128.0,90419200.0,91037696.0,2.391124857123941,2.391124857123941,2.391124857123941,0.9413570835579771,0.9413570835579771,0.9413570835579771,6.736847748652893,6.736847748652893,6.736847748652893,1537.0,1537.0,1537.0,98700.0,98700.0,98700.0,497.0,497.0,497.0,1860.0,1860.0,1860.0,225442.0,225442.0,225442.0,361.0,361.0,361.0,4.2150657879999995,4.254360997999997,4.374430744000002,0.007518796992481203,0.011278195488721804,0.015037593984962405,0.0037593984962406013,0.007518796992481203,0.011278195488721804,0.06152599508818373,0.06152599508818373,0.06152599508818373,0.02951154986165602,0.02951154986165602,0.02951154986165602,0.9413157306835128,0.9413157306835128,0.9413157306835128
afrl_bus_s180_d045,L-all,3,3,65.03404950999538,65.13999557800707,65.33483009100019,87556096.0,89952256.0,90877952.0,4.94170508114621,4.94170508114621,4.94170508114621,0.8845240932020859,0.8845240932020859,0.8845240932020859,4.834123420839309,5.044410692778871,160.8901868503027,2963.0,2963.0,2963.0,98700.0,98700.0,98700.0,542.0,643.0,680.0,2250.0,2694.0,2785.0,100808.0,204011.0,211744.0,368.0,373.0,373.0,3.4073016240000005,3.7323128959999994,3.9168583409999993,0.0,0.012,0.02,0.0,0.008,0.012,0.042618630514737535,0.04390871091329776,23.25256641545865,0.022427081926597318,0.026222836735105982,3.08564979736779,0.030741932464029214,0.9543931731368095,0.9590464868102869
afrl_bus_s180_d045,C-all,3,3,64.6064885109954,64.7022242360108,64.84378725600254,89546752.0,90357760.0,90890240.0,2.2319581371266395,2.391124857123941,2.391124857123941,0.9413570835579771,0.9413570835579771,0.9449036964335055,5.706118769680879,5.999147009132866,6.705772896446089,2305.0,2305.0,2305.0,98700.0,98700.0,98700.0,185.0,204.0,226.0,618.0,672.0,747.0,216341.0,224989.0,234054.0,344.0,359.0,359.0,4.412306296000001,4.525674943000002,4.764897831000003,0.0037593984962406013,0.011278195488721804,0.02247191011235955,0.0037593984962406013,0.011278195488721804,0.02247191011235955,0.03637116380027153,0.038084470435000045,0.04228200559888264,0.024484498704232294,0.026285182630614776,0.02895153708982841,0.9656219923282522,0.9739662986136997,0.9780652985462566
a08_2700_3600,B,3,3,65.34045188500022,65.45909827100695,65.81311713499599,100683776.0,103100416.0,104538112.0,1.0498473652405664,1.0498473652405664,1.0498473652405664,0.9755514727077498,0.9755514727077498,0.9755514727077498,3.5571581397616736,3.578883145904455,3.941542339718129,0.0,0.0,0.0,157500.0,157500.0,157500.0,0.0,0.0,0.0,0.0,0.0,0.0,1425763.0,1425843.0,1425843.0,418.0,418.0,418.0,15.270475224000004,15.335512654000013,15.572176701000014,0.47045454545454546,0.49772727272727274,0.55,0.36818181818181817,0.375,0.42954545454545456,0.06269269136674967,0.14762646339229588,0.15295304546547686,0.031228629860555246,0.03342382991244792,0.03359597914354518,1.05263575596845,1.1593128870425151,1.1664848616855599
a08_2700_3600,L6,3,3,65.32797076299903,65.4384831990028,65.5401160360052,101072896.0,103317504.0,103931904.0,1.0498473652405664,1.0498473652405664,1.0498473652405664,0.9755514727077498,0.9755514727077498,0.9755514727077498,1.3976175482345705,1.3980003235692275,1.4050545918343276,2688.0,2688.0,2688.0,157500.0,157500.0,157500.0,3258.0,3258.0,3258.0,18992.0,18992.0,18992.0,1426373.0,1426383.0,1426383.0,424.0,424.0,424.0,15.452176641,15.622066245000005,15.645174269000007,0.5204545454545455,0.5590909090909091,0.5636363636363636,0.39090909090909093,0.4159090909090909,0.41818181818181815,0.6938731581046333,0.6955535393749039,0.6956574427633784,0.06927815982254289,0.06941144672349972,0.06942134014704775,3.0033997716242364,3.0180939252387997,3.0189998464272887
a08_2700_3600,L-all,3,3,65.34878902300261,65.38725902599981,65.62138753900945,122175488.0,124452864.0,126144512.0,1.0498473652405664,1.0498473652405664,1.0498473652405664,0.9755514727077498,0.9755514727077498,0.9755514727077498,1.624639685512641,2.0395147612096856,2.050515657209642,130866.0,130866.0,130866.0,157500.0,157500.0,157500.0,147734.0,147792.0,147863.0,871819.0,872314.0,872786.0,1417011.0,1417052.0,1417178.0,802.0,802.0,802.0,18.621059257999995,18.727570001999993,18.939291364,0.9477272727272728,0.9727272727272728,0.975,0.9409090909090909,0.9477272727272728,0.9568181818181818,0.5436818517367561,0.5480411497095975,0.6363238236605211,0.05738852937095374,0.05765905603311389,0.06473425981150596,2.092618966186439,2.110861181911927,2.575148113849899
a08_2700_3600,C-all,3,3,65.52858007300529,65.53337045900116,65.6448776969919,118730752.0,118849536.0,120274944.0,1.0498473652405664,1.0498473652405664,1.0498473652405664,0.9755514727077498,0.9755514727077498,0.9755514727077498,3.6466951769353466,3.6641805785178074,3.6686924670323124,87401.0,87401.0,87401.0,157500.0,157500.0,157500.0,105260.0,105260.0,105261.0,692693.0,692697.0,692705.0,1422630.0,1422651.0,1422651.0,701.0,701.0,701.0,18.469312764000005,18.48979996000001,18.492816413000007,0.9272727272727272,0.9295454545454546,0.9295454545454546,0.9022727272727272,0.9022727272727272,0.9113636363636364,0.12348052372724995,0.12462262363640828,0.12912573745833283,0.032522083885611605,0.032547824900859716,0.032689065142352404,1.1278344274528094,1.129375575428092,1.1351800995390045
afrl_cemetery_s135_d045,B,3,3,65.0291363389988,65.0416489400086,65.1336914650019,97427456.0,97517568.0,97722368.0,1.3830589021090418,1.3830589021090418,1.3830589021090418,0.9662823862083273,0.9662823862083273,0.9662823862083273,8.940009482410979,8.956812082203907,8.962511913191978,0.0,0.0,0.0,124950.0,124950.0,124950.0,0.0,0.0,0.0,0.0,0.0,0.0,830402.0,830787.0,831045.0,467.0,467.0,467.0,9.02362570999999,9.053802935999997,9.140432440999998,0.3391304347826087,0.34782608695652173,0.3652173913043478,0.2985507246376812,0.3159420289855073,0.32753623188405795,0.5344467074097239,0.5360829122691392,0.5385852942595348,0.06529030477001668,0.06539446330586443,0.06576428169532751,1.2529695830236045,1.253976805790302,1.2554110724326513
afrl_cemetery_s135_d045,L6,3,3,64.83676574300625,65.03787633599131,65.04101873798936,95969280.0,96542720.0,98807808.0,1.3830589021090418,1.3830589021090418,1.3830589021090418,0.9662823862083273,0.9662823862083273,0.9662823862083273,8.943222998858399,8.952060338437157,8.9526335762417,1792.0,1792.0,1792.0,124950.0,124950.0,124950.0,1637.0,1637.0,1637.0,7976.0,7976.0,7976.0,829854.0,830020.0,830029.0,473.0,473.0,473.0,9.210989286999991,9.357790922000014,9.448860881999996,0.3652173913043478,0.3710144927536232,0.42028985507246375,0.3188405797101449,0.32753623188405795,0.3536231884057971,0.5360594061911843,0.5361085883986694,0.5388212463822675,0.06546589523633384,0.06548275033962056,0.06577368460764693,1.253973139215765,1.2540009334471167,1.2556122387656756
afrl_cemetery_s135_d045,L-all,3,3,64.73522848499124,64.83755859499797,65.1335541360022,98246656.0,99057664.0,104751104.0,1.3830589021090418,1.3830589021090418,1.3830589021090418,0.9662823862083273,0.9662823862083273,0.9662823862083273,8.970419046683476,8.971796517988594,8.9846288126359,10977.0,10977.0,10977.0,124950.0,124950.0,124950.0,10398.0,10407.0,10426.0,51372.0,51399.0,51534.0,830775.0,830992.0,831338.0,576.0,577.0,577.0,9.366193621999988,9.57123634099999,9.668795910000002,0.41739130434782606,0.4405797101449275,0.4666666666666667,0.3884057971014493,0.4,0.42028985507246375,0.5299067545078128,0.5320151652628784,0.5321964587067606,0.06476299402755246,0.06505339472245524,0.06508397220652354,1.2503501541855206,1.251562075254451,1.251671190568504
afrl_cemetery_s135_d045,C-all,3,3,64.93404098499741,64.94419167599699,65.04753592899942,97624064.0,99094528.0,99520512.0,1.3830589021090418,1.3830589021090418,1.3830589021090418,0.9662823862083273,0.9662823862083273,0.9662823862083273,8.963164812273025,8.96588565433428,8.976356600575041,6656.0,6656.0,6656.0,124950.0,124950.0,124950.0,6106.0,6106.0,6122.0,29798.0,29798.0,29894.0,831772.0,831837.0,832154.0,556.0,556.0,556.0,9.098367831000004,9.228057204999995,9.399780067,0.3710144927536232,0.40869565217391307,0.40869565217391307,0.34492753623188405,0.36231884057971014,0.3652173913043478,0.5318935409415197,0.5338408606583988,0.5341350883147737,0.06493023798247957,0.06515763394191748,0.0652031687954237,1.2515237880746028,1.2526692454176092,1.2528406418055695
h07_0_1000,B,3,3,69.85223990099621,69.93808284201077,69.94717591900553,97984512.0,98111488.0,99418112.0,1.1513895837124437,1.1513895837124437,1.1513895837124437,0.9760376713219314,0.9760376713219314,0.9760376713219314,22.326749735027448,22.762633736273997,31.77754248635818,0.0,0.0,0.0,173376.0,173376.0,173376.0,0.0,0.0,0.0,0.0,0.0,0.0,1014802.0,1018069.0,1028390.0,408.0,408.0,408.0,12.028463390999995,12.122332524999988,12.242019626000003,0.29243353783231085,0.3006134969325153,0.30879345603271985,0.22085889570552147,0.23721881390593047,0.25357873210633947,1.265686444169794,1.2865762022722165,1.7665489604414268,0.21849094257729493,0.23117932373879463,0.38486452782657293,0.6484917050792438,0.7287989673711236,0.7346655087873318
h07_0_1000,L6,3,3,69.74508916201012,69.8435348179919,70.14641007500177,99622912.0,100597760.0,100761600.0,1.1513895837124437,1.1513895837124437,1.1513895837124437,0.9760376713219314,0.9760376713219314,0.9760376713219314,22.702200597131863,23.22398922642825,23.80647451983722,2801.0,2801.0,2801.0,173376.0,173376.0,173376.0,2475.0,2477.0,2501.0,14147.0,14174.0,14256.0,1022447.0,1028793.0,1028877.0,415.0,415.0,415.0,12.089936245000011,12.131518967000009,12.263975358999993,0.26993865030674846,0.30879345603271985,0.3128834355828221,0.21063394683026584,0.24130879345603273,0.24539877300613497,1.2422879889439087,1.2762806314192672,1.3339478614039384,0.20954322951310433,0.21309461723730136,0.2435109524391188,0.7217618961829945,0.7309798968714012,0.7370816584307973
h07_0_1000,L-all,3,3,69.8528029309964,69.86277616799634,69.99548616200627,103317504.0,104792064.0,105635840.0,1.1513895837124437,1.1513895837124437,1.1513895837124437,0.9760376713219314,0.9760376713219314,0.9760376713219314,21.08878432659702,21.15486566263412,21.865926168277806,20346.0,20346.0,20346.0,173376.0,173376.0,173376.0,18485.0,18489.0,18533.0,103247.0,103259.0,103519.0,1029336.0,1029746.0,1032274.0,457.0,457.0,457.0,13.027573615000014,13.211712967999992,13.31998996499999,0.4539877300613497,0.47648261758691207,0.5010224948875256,0.3476482617586912,0.3721881390593047,0.3885480572597137,1.2568054239193385,1.272348648528557,1.3085419956047668,0.21142870706210914,0.2154157107029663,0.22177665161368504,0.7265273460995131,0.7341231087923656,0.7362860736439455
h07_0_1000,C-all,3,3,69.95190801199351,70.00182226400648,70.0043757300009,100065280.0,101634048.0,102211584.0,1.1513895837124437,1.1513895837124437,1.1513895837124437,0.9760376713219314,0.9760376713219314,0.9760376713219314,21.103234624726255,21.974319962489673,23.354093775870723,6422.0,6422.0,6422.0,173376.0,173376.0,173376.0,4936.0,4947.0,5029.0,25144.0,25167.0,25749.0,1023158.0,1025710.0,1029931.0,419.0,419.0,419.0,12.077134579999994,12.165453587000005,12.23555506499999,0.2658486707566462,0.3006134969325153,0.3067484662576687,0.21267893660531698,0.23721881390593047,0.24130879345603273,1.2894183175759475,1.3135718593195282,1.3491586975212388,0.21676757812495362,0.22769062410436236,0.2714748883754037,0.7181821602775157,0.7249432970812264,0.7289165703645406
