window_id,run_slug,cell_id,source_arm,backend_role,repeat,receipt_identity_pass,init,pose_count,trajectory_span_s,reference_pose_count,reference_span_s,coverage,repeat_status,failure_class,feature_bag,feature_bag_sha256,canonical_config,canonical_config_sha256,vio_csv,vio_csv_sha256,vins_log,replay_receipt
aqualoc_archaeology:A09:historical_6000_6800,a09_6000_6800,klt,klt,fresh_klt,1,True,PASS,388,38.693511248,41,39.993406296,0.967497266,PASS,,/media/ma/Data/AQUA-FE_WS_storage_offload/frontend_coverage_monotone_router_v2/shadow_root/logs/aqualoc_archaeo_vins/external_klt_every2_gmrv2_a09_6000_6800_klt/features.bag,6de8ffe9226c1c786bbd80b53049f2f4f1f58c2859808034b60b5dca171884ff,/media/ma/Data/AQUA-FE_WS_storage_offload/frontend_coverage_monotone_router_v2/backend_canonical/a09_6000_6800/vins_same_backend.yaml,7ecf99b8c6540cc3c9ab4917b2453c1579afed96a928034c8e65e4f5f04532b1,/media/ma/Data/AQUA-FE_WS_storage_offload/frontend_coverage_monotone_router_v2/backend_replays/a09_6000_6800/klt/repeat1/vins_output/vio.csv,a09f379b3a7d1689c650468aa9a9a4a38e17af92f7ef051dc39d0d960a89f932,/media/ma/Data/AQUA-FE_WS_storage_offload/frontend_coverage_monotone_router_v2/backend_replays/a09_6000_6800/klt/repeat1/vins.log,/media/ma/Data/AQUA-FE_WS_storage_offload/frontend_coverage_monotone_router_v2/backend_replays/a09_6000_6800/klt/repeat1/replay_receipt.txt
aqualoc_archaeology:A09:historical_6000_6800,a09_6000_6800,klt,klt,fresh_klt,2,True,PASS,388,38.693511248,41,39.993406296,0.967497266,PASS,,/media/ma/Data/AQUA-FE_WS_storage_offload/frontend_coverage_monotone_router_v2/shadow_root/logs/aqualoc_archaeo_vins/external_klt_every2_gmrv2_a09_6000_6800_klt/features.bag,6de8ffe9226c1c786bbd80b53049f2f4f1f58c2859808034b60b5dca171884ff,/media/ma/Data/AQUA-FE_WS_storage_offload/frontend_coverage_monotone_router_v2/backend_canonical/a09_6000_6800/vins_same_backend.yaml,7ecf99b8c6540cc3c9ab4917b2453c1579afed96a928034c8e65e4f5f04532b1,/media/ma/Data/AQUA-FE_WS_storage_offload/frontend_coverage_monotone_router_v2/backend_replays/a09_6000_6800/klt/repeat2/vins_output/vio.csv,b31f9738d39516acfbf7fa358dcdee359d7e4d4a4b13496dbc6e7482464d8c03,/media/ma/Data/AQUA-FE_WS_storage_offload/frontend_coverage_monotone_router_v2/backend_replays/a09_6000_6800/klt/repeat2/vins.log,/media/ma/Data/AQUA-FE_WS_storage_offload/frontend_coverage_monotone_router_v2/backend_replays/a09_6000_6800/klt/repeat2/replay_receipt.txt
aqualoc_archaeology:A09:historical_6000_6800,a09_6000_6800,klt,klt,fresh_klt,3,True,PASS,388,38.693511248,41,39.993406296,0.967497266,PASS,,/media/ma/Data/AQUA-FE_WS_storage_offload/frontend_coverage_monotone_router_v2/shadow_root/logs/aqualoc_archaeo_vins/external_klt_every2_gmrv2_a09_6000_6800_klt/features.bag,6de8ffe9226c1c786bbd80b53049f2f4f1f58c2859808034b60b5dca171884ff,/media/ma/Data/AQUA-FE_WS_storage_offload/frontend_coverage_monotone_router_v2/backend_canonical/a09_6000_6800/vins_same_backend.yaml,7ecf99b8c6540cc3c9ab4917b2453c1579afed96a928034c8e65e4f5f04532b1,/media/ma/Data/AQUA-FE_WS_storage_offload/frontend_coverage_monotone_router_v2/backend_replays/a09_6000_6800/klt/repeat3/vins_output/vio.csv,c89f8cf13826262201fea0ae9ca14be1476e141af54a737fcb0ba1a7ce5833c2,/media/ma/Data/AQUA-FE_WS_storage_offload/frontend_coverage_monotone_router_v2/backend_replays/a09_6000_6800/klt/repeat3/vins.log,/media/ma/Data/AQUA-FE_WS_storage_offload/frontend_coverage_monotone_router_v2/backend_replays/a09_6000_6800/klt/repeat3/replay_receipt.txt
aqualoc_archaeology:A02:0000,a02_0_900,klt,klt,fresh_klt,1,True,PASS,421,41.994505882,46,44.992835283,0.933359848,PASS,,/media/ma/Data/AQUA-FE_WS_storage_offload/frontend_coverage_monotone_router_v2/shadow_root/logs/aqualoc_archaeo_vins/external_klt_every2_gmrv2_a02_0_900_klt/features.bag,5ebe451810a735ee37b40f244aca0162e37e398e2f5de13d76222d3d1e616520,/media/ma/Data/AQUA-FE_WS_storage_offload/frontend_coverage_monotone_router_v2/backend_canonical/a02_0_900/vins_same_backend.yaml,a0d5aad32120b2ab419c3216fbbf908ee4cdbed4c5d7c483b131b3df67da5af1,/media/ma/Data/AQUA-FE_WS_storage_offload/frontend_coverage_monotone_router_v2/backend_replays/a02_0_900/klt/repeat1/vins_output/vio.csv,0463c775ac29909595270d9d1be6d72b8e9bd970c847687129e43e01c4ad3a2c,/media/ma/Data/AQUA-FE_WS_storage_offload/frontend_coverage_monotone_router_v2/backend_replays/a02_0_900/klt/repeat1/vins.log,/media/ma/Data/AQUA-FE_WS_storage_offload/frontend_coverage_monotone_router_v2/backend_replays/a02_0_900/klt/repeat1/replay_receipt.txt
aqualoc_archaeology:A02:0000,a02_0_900,klt,klt,fresh_klt,2,True,PASS,421,41.994505882,46,44.992835283,0.933359848,PASS,,/media/ma/Data/AQUA-FE_WS_storage_offload/frontend_coverage_monotone_router_v2/shadow_root/logs/aqualoc_archaeo_vins/external_klt_every2_gmrv2_a02_0_900_klt/features.bag,5ebe451810a735ee37b40f244aca0162e37e398e2f5de13d76222d3d1e616520,/media/ma/Data/AQUA-FE_WS_storage_offload/frontend_coverage_monotone_router_v2/backend_canonical/a02_0_900/vins_same_backend.yaml,a0d5aad32120b2ab419c3216fbbf908ee4cdbed4c5d7c483b131b3df67da5af1,/media/ma/Data/AQUA-FE_WS_storage_offload/frontend_coverage_monotone_router_v2/backend_replays/a02_0_900/klt/repeat2/vins_output/vio.csv,77675fe4e2bab290308e7594cd20249d3c16947554b4a1f25e61b50b80a55d32,/media/ma/Data/AQUA-FE_WS_storage_offload/frontend_coverage_monotone_router_v2/backend_replays/a02_0_900/klt/repeat2/vins.log,/media/ma/Data/AQUA-FE_WS_storage_offload/frontend_coverage_monotone_router_v2/backend_replays/a02_0_900/klt/repeat2/replay_receipt.txt
aqualoc_archaeology:A02:0000,a02_0_900,klt,klt,fresh_klt,3,True,PASS,421,41.994505882,46,44.992835283,0.933359848,PASS,,/media/ma/Data/AQUA-FE_WS_storage_offload/frontend_coverage_monotone_router_v2/shadow_root/logs/aqualoc_archaeo_vins/external_klt_every2_gmrv2_a02_0_900_klt/features.bag,5ebe451810a735ee37b40f244aca0162e37e398e2f5de13d76222d3d1e616520,/media/ma/Data/AQUA-FE_WS_storage_offload/frontend_coverage_monotone_router_v2/backend_canonical/a02_0_900/vins_same_backend.yaml,a0d5aad32120b2ab419c3216fbbf908ee4cdbed4c5d7c483b131b3df67da5af1,/media/ma/Data/AQUA-FE_WS_storage_offload/frontend_coverage_monotone_router_v2/backend_replays/a02_0_900/klt/repeat3/vins_output/vio.csv,e16d2ea5a2119b14f80fb098ec57bcd7e50706bdd335a458c3b4f116efa80462,/media/ma/Data/AQUA-FE_WS_storage_offload/frontend_coverage_monotone_router_v2/backend_replays/a02_0_900/klt/repeat3/vins.log,/media/ma/Data/AQUA-FE_WS_storage_offload/frontend_coverage_monotone_router_v2/backend_replays/a02_0_900/klt/repeat3/replay_receipt.txt
afrl:bus_outside:0004,afrl_bus_s180_d045,klt,klt,fresh_klt,1,True,PASS,267,42.405874968,564,44.878515244,0.944903697,PASS,,/media/ma/Data/AQUA-FE_WS_storage_offload/frontend_coverage_monotone_router_v2/shadow_root/logs/afrl_cave_v31/external_klt_every2_gmrv2_afrl_bus_s180_d045_klt/features.bag,9e4d546cb799f516d933944e9715d1551affe381ab2f0171876cebb95d01ae84,/media/ma/Data/AQUA-FE_WS_storage_offload/frontend_coverage_monotone_router_v2/backend_canonical/afrl_bus_s180_d045/vins_same_backend.yaml,cb9a252cdb0864aad843b7c6ad050f74ce0c1c07760df8963238d188364052f1,/media/ma/Data/AQUA-FE_WS_storage_offload/frontend_coverage_monotone_router_v2/backend_replays/afrl_bus_s180_d045/klt/repeat1/vins_output/vio.csv,665015fb8cfbb447f03b1b515924caaedfa9f1cde7ca79e5335f327dc02b7a6c,/media/ma/Data/AQUA-FE_WS_storage_offload/frontend_coverage_monotone_router_v2/backend_replays/afrl_bus_s180_d045/klt/repeat1/vins.log,/media/ma/Data/AQUA-FE_WS_storage_offload/frontend_coverage_monotone_router_v2/backend_replays/afrl_bus_s180_d045/klt/repeat1/replay_receipt.txt
afrl:bus_outside:0004,afrl_bus_s180_d045,klt,klt,fresh_klt,2,True,PASS,267,42.405874968,564,44.878515244,0.944903697,PASS,,/media/ma/Data/AQUA-FE_WS_storage_offload/frontend_coverage_monotone_router_v2/shadow_root/logs/afrl_cave_v31/external_klt_every2_gmrv2_afrl_bus_s180_d045_klt/features.bag,9e4d546cb799f516d933944e9715d1551affe381ab2f0171876cebb95d01ae84,/media/ma/Data/AQUA-FE_WS_storage_offload/frontend_coverage_monotone_router_v2/backend_canonical/afrl_bus_s180_d045/vins_same_backend.yaml,cb9a252cdb0864aad843b7c6ad050f74ce0c1c07760df8963238d188364052f1,/media/ma/Data/AQUA-FE_WS_storage_offload/frontend_coverage_monotone_router_v2/backend_replays/afrl_bus_s180_d045/klt/repeat2/vins_output/vio.csv,665015fb8cfbb447f03b1b515924caaedfa9f1cde7ca79e5335f327dc02b7a6c,/media/ma/Data/AQUA-FE_WS_storage_offload/frontend_coverage_monotone_router_v2/backend_replays/afrl_bus_s180_d045/klt/repeat2/vins.log,/media/ma/Data/AQUA-FE_WS_storage_offload/frontend_coverage_monotone_router_v2/backend_replays/afrl_bus_s180_d045/klt/repeat2/replay_receipt.txt
afrl:bus_outside:0004,afrl_bus_s180_d045,klt,klt,fresh_klt,3,True,PASS,267,42.405874968,564,44.878515244,0.944903697,PASS,,/media/ma/Data/AQUA-FE_WS_storage_offload/frontend_coverage_monotone_router_v2/shadow_root/logs/afrl_cave_v31/external_klt_every2_gmrv2_afrl_bus_s180_d045_klt/features.bag,9e4d546cb799f516d933944e9715d1551affe381ab2f0171876cebb95d01ae84,/media/ma/Data/AQUA-FE_WS_storage_offload/frontend_coverage_monotone_router_v2/backend_canonical/afrl_bus_s180_d045/vins_same_backend.yaml,cb9a252cdb0864aad843b7c6ad050f74ce0c1c07760df8963238d188364052f1,/media/ma/Data/AQUA-FE_WS_storage_offload/frontend_coverage_monotone_router_v2/backend_replays/afrl_bus_s180_d045/klt/repeat3/vins_output/vio.csv,665015fb8cfbb447f03b1b515924caaedfa9f1cde7ca79e5335f327dc02b7a6c,/media/ma/Data/AQUA-FE_WS_storage_offload/frontend_coverage_monotone_router_v2/backend_replays/afrl_bus_s180_d045/klt/repeat3/vins.log,/media/ma/Data/AQUA-FE_WS_storage_offload/frontend_coverage_monotone_router_v2/backend_replays/afrl_bus_s180_d045/klt/repeat3/replay_receipt.txt
aqualoc_archaeology:A08:0003,a08_2700_3600,klt,klt,fresh_klt,1,True,PASS,440,43.893621445,46,44.993649721,0.975551477,PASS,,/media/ma/Data/AQUA-FE_WS_storage_offload/frontend_coverage_monotone_router_v2/shadow_root/logs/aqualoc_archaeo_vins/external_klt_every2_gmrv2_a08_2700_3600_klt/features.bag,17305db38262a2ed4c7fa05b6269c9ea50592de07387517dfec798cf086ceae9,/media/ma/Data/AQUA-FE_WS_storage_offload/frontend_coverage_monotone_router_v2/backend_canonical/a08_2700_3600/vins_same_backend.yaml,783f5c621c79c1c02da2c9719d5a3c3fbb4900e42ae59437af627d4b05ca675d,/media/ma/Data/AQUA-FE_WS_storage_offload/frontend_coverage_monotone_router_v2/backend_replays/a08_2700_3600/klt/repeat1/vins_output/vio.csv,93b394281385f9d8131cc024f0e4525d410e71ff52bf04b7b49925808d300536,/media/ma/Data/AQUA-FE_WS_storage_offload/frontend_coverage_monotone_router_v2/backend_replays/a08_2700_3600/klt/repeat1/vins.log,/media/ma/Data/AQUA-FE_WS_storage_offload/frontend_coverage_monotone_router_v2/backend_replays/a08_2700_3600/klt/repeat1/replay_receipt.txt
aqualoc_archaeology:A08:0003,a08_2700_3600,klt,klt,fresh_klt,2,True,PASS,440,43.893621445,46,44.993649721,0.975551477,PASS,,/media/ma/Data/AQUA-FE_WS_storage_offload/frontend_coverage_monotone_router_v2/shadow_root/logs/aqualoc_archaeo_vins/external_klt_every2_gmrv2_a08_2700_3600_klt/features.bag,17305db38262a2ed4c7fa05b6269c9ea50592de07387517dfec798cf086ceae9,/media/ma/Data/AQUA-FE_WS_storage_offload/frontend_coverage_monotone_router_v2/backend_canonical/a08_2700_3600/vins_same_backend.yaml,783f5c621c79c1c02da2c9719d5a3c3fbb4900e42ae59437af627d4b05ca675d,/media/ma/Data/AQUA-FE_WS_storage_offload/frontend_coverage_monotone_router_v2/backend_replays/a08_2700_3600/klt/repeat2/vins_output/vio.csv,e3aac8856c5563cd1a8edd15f6c6a77e23bb257307fe01e46645a0ca2f15e1a8,/media/ma/Data/AQUA-FE_WS_storage_offload/frontend_coverage_monotone_router_v2/backend_replays/a08_2700_3600/klt/repeat2/vins.log,/media/ma/Data/AQUA-FE_WS_storage_offload/frontend_coverage_monotone_router_v2/backend_replays/a08_2700_3600/klt/repeat2/replay_receipt.txt
aqualoc_archaeology:A08:0003,a08_2700_3600,klt,klt,fresh_klt,3,True,PASS,440,43.893621445,46,44.993649721,0.975551477,PASS,,/media/ma/Data/AQUA-FE_WS_storage_offload/frontend_coverage_monotone_router_v2/shadow_root/logs/aqualoc_archaeo_vins/external_klt_every2_gmrv2_a08_2700_3600_klt/features.bag,17305db38262a2ed4c7fa05b6269c9ea50592de07387517dfec798cf086ceae9,/media/ma/Data/AQUA-FE_WS_storage_offload/frontend_coverage_monotone_router_v2/backend_canonical/a08_2700_3600/vins_same_backend.yaml,783f5c621c79c1c02da2c9719d5a3c3fbb4900e42ae59437af627d4b05ca675d,/media/ma/Data/AQUA-FE_WS_storage_offload/frontend_coverage_monotone_router_v2/backend_replays/a08_2700_3600/klt/repeat3/vins_output/vio.csv,a9eef285a268da425960f240dcff901b7f879413cf6f48f137a9cd58c9e30fe3,/media/ma/Data/AQUA-FE_WS_storage_offload/frontend_coverage_monotone_router_v2/backend_replays/a08_2700_3600/klt/repeat3/vins.log,/media/ma/Data/AQUA-FE_WS_storage_offload/frontend_coverage_monotone_router_v2/backend_replays/a08_2700_3600/klt/repeat3/replay_receipt.txt
afrl:cemetery:0003,afrl_cemetery_s135_d045,klt,klt,fresh_klt,1,True,PASS,345,43.415974855,704,44.930938959,0.966282385,PASS,,/media/ma/Data/AQUA-FE_WS_storage_offload/frontend_coverage_monotone_router_v2/shadow_root/logs/afrl_cave_v31/external_klt_every2_gmrv2_afrl_cemetery_s135_d045_klt/features.bag,c144ba971b2d7fc1b73980f9d1336d508f823db26f448f803df747536688169e,/media/ma/Data/AQUA-FE_WS_storage_offload/frontend_coverage_monotone_router_v2/backend_canonical/afrl_cemetery_s135_d045/vins_same_backend.yaml,47a9e75a9c2076276d0068c2d3d38da697d931a1311138794842a9e1c388f23e,/media/ma/Data/AQUA-FE_WS_storage_offload/frontend_coverage_monotone_router_v2/backend_replays/afrl_cemetery_s135_d045/klt/repeat1/vins_output/vio.csv,7fca19ba9afbce304731b9656b07f0a890557aa93a0138a2c2164f93db756db8,/media/ma/Data/AQUA-FE_WS_storage_offload/frontend_coverage_monotone_router_v2/backend_replays/afrl_cemetery_s135_d045/klt/repeat1/vins.log,/media/ma/Data/AQUA-FE_WS_storage_offload/frontend_coverage_monotone_router_v2/backend_replays/afrl_cemetery_s135_d045/klt/repeat1/replay_receipt.txt
afrl:cemetery:0003,afrl_cemetery_s135_d045,klt,klt,fresh_klt,2,True,PASS,345,43.415974855,704,44.930938959,0.966282385,PASS,,/media/ma/Data/AQUA-FE_WS_storage_offload/frontend_coverage_monotone_router_v2/shadow_root/logs/afrl_cave_v31/external_klt_every2_gmrv2_afrl_cemetery_s135_d045_klt/features.bag,c144ba971b2d7fc1b73980f9d1336d508f823db26f448f803df747536688169e,/media/ma/Data/AQUA-FE_WS_storage_offload/frontend_coverage_monotone_router_v2/backend_canonical/afrl_cemetery_s135_d045/vins_same_backend.yaml,47a9e75a9c2076276d0068c2d3d38da697d931a1311138794842a9e1c388f23e,/media/ma/Data/AQUA-FE_WS_storage_offload/frontend_coverage_monotone_router_v2/backend_replays/afrl_cemetery_s135_d045/klt/repeat2/vins_output/vio.csv,d7fe3ce3733a76f4520f5d5c8de7e16882fc40d704f636411e394bc5d4b29827,/media/ma/Data/AQUA-FE_WS_storage_offload/frontend_coverage_monotone_router_v2/backend_replays/afrl_cemetery_s135_d045/klt/repeat2/vins.log,/media/ma/Data/AQUA-FE_WS_storage_offload/frontend_coverage_monotone_router_v2/backend_replays/afrl_cemetery_s135_d045/klt/repeat2/replay_receipt.txt
afrl:cemetery:0003,afrl_cemetery_s135_d045,klt,klt,fresh_klt,3,True,PASS,345,43.415974855,704,44.930938959,0.966282385,PASS,,/media/ma/Data/AQUA-FE_WS_storage_offload/frontend_coverage_monotone_router_v2/shadow_root/logs/afrl_cave_v31/external_klt_every2_gmrv2_afrl_cemetery_s135_d045_klt/features.bag,c144ba971b2d7fc1b73980f9d1336d508f823db26f448f803df747536688169e,/media/ma/Data/AQUA-FE_WS_storage_offload/frontend_coverage_monotone_router_v2/backend_canonical/afrl_cemetery_s135_d045/vins_same_backend.yaml,47a9e75a9c2076276d0068c2d3d38da697d931a1311138794842a9e1c388f23e,/media/ma/Data/AQUA-FE_WS_storage_offload/frontend_coverage_monotone_router_v2/backend_replays/afrl_cemetery_s135_d045/klt/repeat3/vins_output/vio.csv,bcf9a2441dda935ae74b25468baf390c83ebeb12927663e551f02425ff4f69d2,/media/ma/Data/AQUA-FE_WS_storage_offload/frontend_coverage_monotone_router_v2/backend_replays/afrl_cemetery_s135_d045/klt/repeat3/vins.log,/media/ma/Data/AQUA-FE_WS_storage_offload/frontend_coverage_monotone_router_v2/backend_replays/afrl_cemetery_s135_d045/klt/repeat3/replay_receipt.txt
aqualoc_harbor:H07:historical_0_1000,h07_0_1000,klt,klt,fresh_klt,1,True,PASS,489,48.820671797,195,50.019249439,0.976037672,PASS,,/media/ma/Data/AQUA-FE_WS_storage_offload/frontend_coverage_monotone_router_v2/shadow_root/logs/aqualoc_real_vins/external_klt_every2_gmrv2_h07_0_1000_klt/features.bag,d2572daad26a0a626cf4f013c3dfafd872edaffc3bf41c302ff1406c07246358,/media/ma/Data/AQUA-FE_WS_storage_offload/frontend_coverage_monotone_router_v2/backend_canonical/h07_0_1000/vins_same_backend.yaml,e5aa86735aec32e7e118947dc6d72935aceb93e27e4c33c4a595117d18e222ab,/media/ma/Data/AQUA-FE_WS_storage_offload/frontend_coverage_monotone_router_v2/backend_replays/h07_0_1000/klt/repeat1/vins_output/vio.csv,76796d48c9a676ffca620f231afb8fda0678b72ffbad8f28b90bb1cb20f28d67,/media/ma/Data/AQUA-FE_WS_storage_offload/frontend_coverage_monotone_router_v2/backend_replays/h07_0_1000/klt/repeat1/vins.log,/media/ma/Data/AQUA-FE_WS_storage_offload/frontend_coverage_monotone_router_v2/backend_replays/h07_0_1000/klt/repeat1/replay_receipt.txt
aqualoc_harbor:H07:historical_0_1000,h07_0_1000,klt,klt,fresh_klt,2,True,PASS,489,48.820671797,195,50.019249439,0.976037672,PASS,,/media/ma/Data/AQUA-FE_WS_storage_offload/frontend_coverage_monotone_router_v2/shadow_root/logs/aqualoc_real_vins/external_klt_every2_gmrv2_h07_0_1000_klt/features.bag,d2572daad26a0a626cf4f013c3dfafd872edaffc3bf41c302ff1406c07246358,/media/ma/Data/AQUA-FE_WS_storage_offload/frontend_coverage_monotone_router_v2/backend_canonical/h07_0_1000/vins_same_backend.yaml,e5aa86735aec32e7e118947dc6d72935aceb93e27e4c33c4a595117d18e222ab,/media/ma/Data/AQUA-FE_WS_storage_offload/frontend_coverage_monotone_router_v2/backend_replays/h07_0_1000/klt/repeat2/vins_output/vio.csv,0d677ec1de5e49b56f92071c4aa90aa99cee87b329decda15a5aa526a094a233,/media/ma/Data/AQUA-FE_WS_storage_offload/frontend_coverage_monotone_router_v2/backend_replays/h07_0_1000/klt/repeat2/vins.log,/media/ma/Data/AQUA-FE_WS_storage_offload/frontend_coverage_monotone_router_v2/backend_replays/h07_0_1000/klt/repeat2/replay_receipt.txt
aqualoc_harbor:H07:historical_0_1000,h07_0_1000,klt,klt,fresh_klt,3,True,PASS,489,48.820671797,195,50.019249439,0.976037672,PASS,,/media/ma/Data/AQUA-FE_WS_storage_offload/frontend_coverage_monotone_router_v2/shadow_root/logs/aqualoc_real_vins/external_klt_every2_gmrv2_h07_0_1000_klt/features.bag,d2572daad26a0a626cf4f013c3dfafd872edaffc3bf41c302ff1406c07246358,/media/ma/Data/AQUA-FE_WS_storage_offload/frontend_coverage_monotone_router_v2/backend_canonical/h07_0_1000/vins_same_backend.yaml,e5aa86735aec32e7e118947dc6d72935aceb93e27e4c33c4a595117d18e222ab,/media/ma/Data/AQUA-FE_WS_storage_offload/frontend_coverage_monotone_router_v2/backend_replays/h07_0_1000/klt/repeat3/vins_output/vio.csv,4385475de11dd69d6c0a9aa044bdb8f70df2258cf2a5214f54c82b7c143a2852,/media/ma/Data/AQUA-FE_WS_storage_offload/frontend_coverage_monotone_router_v2/backend_replays/h07_0_1000/klt/repeat3/vins.log,/media/ma/Data/AQUA-FE_WS_storage_offload/frontend_coverage_monotone_router_v2/backend_replays/h07_0_1000/klt/repeat3/replay_receipt.txt
aqualoc_archaeology:A02:0000,a02_0_900,slot_splg,slot_splg,learned_active,1,True,PASS,430,42.892948627,46,44.992835283,0.953328421,PASS,,/media/ma/Data/AQUA-FE_WS_storage_offload/frontend_protected_prefill_slot_v1/shadow_root/logs/aqualoc_archaeo_vins/external_hybrid_superpoint_lightglue_every2_ppsv1_a02_0_900_slot_splg/features.bag,22ad515df63a71bf4f7b068f4c4b3d290e0b2d822544b04d191441d2ad6899ef,/media/ma/Data/AQUA-FE_WS_storage_offload/frontend_coverage_monotone_router_v2/backend_canonical/a02_0_900/vins_same_backend.yaml,a0d5aad32120b2ab419c3216fbbf908ee4cdbed4c5d7c483b131b3df67da5af1,/media/ma/Data/AQUA-FE_WS_storage_offload/frontend_protected_prefill_slot_v1/backend_replays/a02_0_900/slot_splg/repeat1/vins_output/vio.csv,198c8171b3b98c3d91a2d59424ba2440089a81fdb7f4446dd671b22c059269d0,/media/ma/Data/AQUA-FE_WS_storage_offload/frontend_protected_prefill_slot_v1/backend_replays/a02_0_900/slot_splg/repeat1/vins.log,/media/ma/Data/AQUA-FE_WS_storage_offload/frontend_protected_prefill_slot_v1/backend_replays/a02_0_900/slot_splg/repeat1/replay_receipt.txt
aqualoc_archaeology:A02:0000,a02_0_900,slot_splg,slot_splg,learned_active,2,True,PASS,430,42.892948627,46,44.992835283,0.953328421,PASS,,/media/ma/Data/AQUA-FE_WS_storage_offload/frontend_protected_prefill_slot_v1/shadow_root/logs/aqualoc_archaeo_vins/external_hybrid_superpoint_lightglue_every2_ppsv1_a02_0_900_slot_splg/features.bag,22ad515df63a71bf4f7b068f4c4b3d290e0b2d822544b04d191441d2ad6899ef,/media/ma/Data/AQUA-FE_WS_storage_offload/frontend_coverage_monotone_router_v2/backend_canonical/a02_0_900/vins_same_backend.yaml,a0d5aad32120b2ab419c3216fbbf908ee4cdbed4c5d7c483b131b3df67da5af1,/media/ma/Data/AQUA-FE_WS_storage_offload/frontend_protected_prefill_slot_v1/backend_replays/a02_0_900/slot_splg/repeat2/vins_output/vio.csv,b880967195d5923341230447887b97373fb1294f489ae0f3af9897a7e27b59ad,/media/ma/Data/AQUA-FE_WS_storage_offload/frontend_protected_prefill_slot_v1/backend_replays/a02_0_900/slot_splg/repeat2/vins.log,/media/ma/Data/AQUA-FE_WS_storage_offload/frontend_protected_prefill_slot_v1/backend_replays/a02_0_900/slot_splg/repeat2/replay_receipt.txt
aqualoc_archaeology:A02:0000,a02_0_900,slot_splg,slot_splg,learned_active,3,True,PASS,430,42.892948627,46,44.992835283,0.953328421,PASS,,/media/ma/Data/AQUA-FE_WS_storage_offload/frontend_protected_prefill_slot_v1/shadow_root/logs/aqualoc_archaeo_vins/external_hybrid_superpoint_lightglue_every2_ppsv1_a02_0_900_slot_splg/features.bag,22ad515df63a71bf4f7b068f4c4b3d290e0b2d822544b04d191441d2ad6899ef,/media/ma/Data/AQUA-FE_WS_storage_offload/frontend_coverage_monotone_router_v2/backend_canonical/a02_0_900/vins_same_backend.yaml,a0d5aad32120b2ab419c3216fbbf908ee4cdbed4c5d7c483b131b3df67da5af1,/media/ma/Data/AQUA-FE_WS_storage_offload/frontend_protected_prefill_slot_v1/backend_replays/a02_0_900/slot_splg/repeat3/vins_output/vio.csv,fd7be4e7851b3ab35af0e365f6c7f77f297ce83b3181832f81798e5f707557b9,/media/ma/Data/AQUA-FE_WS_storage_offload/frontend_protected_prefill_slot_v1/backend_replays/a02_0_900/slot_splg/repeat3/vins.log,/media/ma/Data/AQUA-FE_WS_storage_offload/frontend_protected_prefill_slot_v1/backend_replays/a02_0_900/slot_splg/repeat3/replay_receipt.txt
aqualoc_archaeology:A02:0000,a02_0_900,matched_gftt_for_slot_splg,slot_splg,matched_classical,1,True,PASS,430,42.892948627,46,44.992835283,0.953328421,PASS,,/media/ma/Data/AQUA-FE_WS_storage_offload/frontend_protected_prefill_slot_v1/matched_controls/a02_0_900/slot_splg/features_matched_gftt.bag,ba8770da7f7a9f6582e9ad3b2cfe95d94e916b03cbd09f476a48ef494f0bcc6e,/media/ma/Data/AQUA-FE_WS_storage_offload/frontend_coverage_monotone_router_v2/backend_canonical/a02_0_900/vins_same_backend.yaml,a0d5aad32120b2ab419c3216fbbf908ee4cdbed4c5d7c483b131b3df67da5af1,/media/ma/Data/AQUA-FE_WS_storage_offload/frontend_protected_prefill_slot_v1/backend_replays/a02_0_900/matched_gftt_for_slot_splg/repeat1/vins_output/vio.csv,e688c48e67bb2af4fc2854b9f4886003d9f747380054d3265fb1febfcd5879cb,/media/ma/Data/AQUA-FE_WS_storage_offload/frontend_protected_prefill_slot_v1/backend_replays/a02_0_900/matched_gftt_for_slot_splg/repeat1/vins.log,/media/ma/Data/AQUA-FE_WS_storage_offload/frontend_protected_prefill_slot_v1/backend_replays/a02_0_900/matched_gftt_for_slot_splg/repeat1/replay_receipt.txt
aqualoc_archaeology:A02:0000,a02_0_900,matched_gftt_for_slot_splg,slot_splg,matched_classical,2,True,PASS,430,42.892948627,46,44.992835283,0.953328421,PASS,,/media/ma/Data/AQUA-FE_WS_storage_offload/frontend_protected_prefill_slot_v1/matched_controls/a02_0_900/slot_splg/features_matched_gftt.bag,ba8770da7f7a9f6582e9ad3b2cfe95d94e916b03cbd09f476a48ef494f0bcc6e,/media/ma/Data/AQUA-FE_WS_storage_offload/frontend_coverage_monotone_router_v2/backend_canonical/a02_0_900/vins_same_backend.yaml,a0d5aad32120b2ab419c3216fbbf908ee4cdbed4c5d7c483b131b3df67da5af1,/media/ma/Data/AQUA-FE_WS_storage_offload/frontend_protected_prefill_slot_v1/backend_replays/a02_0_900/matched_gftt_for_slot_splg/repeat2/vins_output/vio.csv,4b4f69bfae15a1bc5495bb8c01ce8ad3191a108d0b433fd9a7614b1775172ac2,/media/ma/Data/AQUA-FE_WS_storage_offload/frontend_protected_prefill_slot_v1/backend_replays/a02_0_900/matched_gftt_for_slot_splg/repeat2/vins.log,/media/ma/Data/AQUA-FE_WS_storage_offload/frontend_protected_prefill_slot_v1/backend_replays/a02_0_900/matched_gftt_for_slot_splg/repeat2/replay_receipt.txt
aqualoc_archaeology:A02:0000,a02_0_900,matched_gftt_for_slot_splg,slot_splg,matched_classical,3,True,PASS,430,42.892948627,46,44.992835283,0.953328421,PASS,,/media/ma/Data/AQUA-FE_WS_storage_offload/frontend_protected_prefill_slot_v1/matched_controls/a02_0_900/slot_splg/features_matched_gftt.bag,ba8770da7f7a9f6582e9ad3b2cfe95d94e916b03cbd09f476a48ef494f0bcc6e,/media/ma/Data/AQUA-FE_WS_storage_offload/frontend_coverage_monotone_router_v2/backend_canonical/a02_0_900/vins_same_backend.yaml,a0d5aad32120b2ab419c3216fbbf908ee4cdbed4c5d7c483b131b3df67da5af1,/media/ma/Data/AQUA-FE_WS_storage_offload/frontend_protected_prefill_slot_v1/backend_replays/a02_0_900/matched_gftt_for_slot_splg/repeat3/vins_output/vio.csv,d2bb63f29dfb37aceeaba4cdbc4be4e250fbb27f4652e8ac82ee4d2daa5de1cc,/media/ma/Data/AQUA-FE_WS_storage_offload/frontend_protected_prefill_slot_v1/backend_replays/a02_0_900/matched_gftt_for_slot_splg/repeat3/vins.log,/media/ma/Data/AQUA-FE_WS_storage_offload/frontend_protected_prefill_slot_v1/backend_replays/a02_0_900/matched_gftt_for_slot_splg/repeat3/replay_receipt.txt
aqualoc_archaeology:A02:0000,a02_0_900,slot_xfeat,slot_xfeat,learned_active,1,True,PASS,430,42.892948627,46,44.992835283,0.953328421,PASS,,/media/ma/Data/AQUA-FE_WS_storage_offload/frontend_protected_prefill_slot_v1/shadow_root/logs/aqualoc_archaeo_vins/external_hybrid_xfeat_every2_ppsv1_a02_0_900_slot_xfeat/features.bag,ce364493e963963cac968d5bf796e0b365b1d6a20ba97753cc870a12360e5051,/media/ma/Data/AQUA-FE_WS_storage_offload/frontend_coverage_monotone_router_v2/backend_canonical/a02_0_900/vins_same_backend.yaml,a0d5aad32120b2ab419c3216fbbf908ee4cdbed4c5d7c483b131b3df67da5af1,/media/ma/Data/AQUA-FE_WS_storage_offload/frontend_protected_prefill_slot_v1/backend_replays/a02_0_900/slot_xfeat/repeat1/vins_output/vio.csv,11d0c13a75ae642b6d06934e0e944e94c07ec83054c086c72572ca96ea53c331,/media/ma/Data/AQUA-FE_WS_storage_offload/frontend_protected_prefill_slot_v1/backend_replays/a02_0_900/slot_xfeat/repeat1/vins.log,/media/ma/Data/AQUA-FE_WS_storage_offload/frontend_protected_prefill_slot_v1/backend_replays/a02_0_900/slot_xfeat/repeat1/replay_receipt.txt
aqualoc_archaeology:A02:0000,a02_0_900,slot_xfeat,slot_xfeat,learned_active,2,True,PASS,430,42.892948627,46,44.992835283,0.953328421,PASS,,/media/ma/Data/AQUA-FE_WS_storage_offload/frontend_protected_prefill_slot_v1/shadow_root/logs/aqualoc_archaeo_vins/external_hybrid_xfeat_every2_ppsv1_a02_0_900_slot_xfeat/features.bag,ce364493e963963cac968d5bf796e0b365b1d6a20ba97753cc870a12360e5051,/media/ma/Data/AQUA-FE_WS_storage_offload/frontend_coverage_monotone_router_v2/backend_canonical/a02_0_900/vins_same_backend.yaml,a0d5aad32120b2ab419c3216fbbf908ee4cdbed4c5d7c483b131b3df67da5af1,/media/ma/Data/AQUA-FE_WS_storage_offload/frontend_protected_prefill_slot_v1/backend_replays/a02_0_900/slot_xfeat/repeat2/vins_output/vio.csv,ed1ae7a50a89a802ac41c9208babb8223b9ae7c0d9c2f268d241436b7bbb5fd1,/media/ma/Data/AQUA-FE_WS_storage_offload/frontend_protected_prefill_slot_v1/backend_replays/a02_0_900/slot_xfeat/repeat2/vins.log,/media/ma/Data/AQUA-FE_WS_storage_offload/frontend_protected_prefill_slot_v1/backend_replays/a02_0_900/slot_xfeat/repeat2/replay_receipt.txt
aqualoc_archaeology:A02:0000,a02_0_900,slot_xfeat,slot_xfeat,learned_active,3,True,PASS,430,42.892948627,46,44.992835283,0.953328421,PASS,,/media/ma/Data/AQUA-FE_WS_storage_offload/frontend_protected_prefill_slot_v1/shadow_root/logs/aqualoc_archaeo_vins/external_hybrid_xfeat_every2_ppsv1_a02_0_900_slot_xfeat/features.bag,ce364493e963963cac968d5bf796e0b365b1d6a20ba97753cc870a12360e5051,/media/ma/Data/AQUA-FE_WS_storage_offload/frontend_coverage_monotone_router_v2/backend_canonical/a02_0_900/vins_same_backend.yaml,a0d5aad32120b2ab419c3216fbbf908ee4cdbed4c5d7c483b131b3df67da5af1,/media/ma/Data/AQUA-FE_WS_storage_offload/frontend_protected_prefill_slot_v1/backend_replays/a02_0_900/slot_xfeat/repeat3/vins_output/vio.csv,54bfc0172897d026ac76bfd95b7fd4b373d67fe0c5efa92d4ae30e681948a30f,/media/ma/Data/AQUA-FE_WS_storage_offload/frontend_protected_prefill_slot_v1/backend_replays/a02_0_900/slot_xfeat/repeat3/vins.log,/media/ma/Data/AQUA-FE_WS_storage_offload/frontend_protected_prefill_slot_v1/backend_replays/a02_0_900/slot_xfeat/repeat3/replay_receipt.txt
aqualoc_archaeology:A02:0000,a02_0_900,matched_gftt_for_slot_xfeat,slot_xfeat,matched_classical,1,True,PASS,430,42.892948627,46,44.992835283,0.953328421,PASS,,/media/ma/Data/AQUA-FE_WS_storage_offload/frontend_protected_prefill_slot_v1/matched_controls/a02_0_900/slot_xfeat/features_matched_gftt.bag,006b63bfbfaebbdd96fbdbfaaef15d984cbc2d447527b7c545057d6c3c2a57ed,/media/ma/Data/AQUA-FE_WS_storage_offload/frontend_coverage_monotone_router_v2/backend_canonical/a02_0_900/vins_same_backend.yaml,a0d5aad32120b2ab419c3216fbbf908ee4cdbed4c5d7c483b131b3df67da5af1,/media/ma/Data/AQUA-FE_WS_storage_offload/frontend_protected_prefill_slot_v1/backend_replays/a02_0_900/matched_gftt_for_slot_xfeat/repeat1/vins_output/vio.csv,9876c7ee879f95a84cd68016997ac9ddb4d026c21bc07b6db608094b2ed33c9a,/media/ma/Data/AQUA-FE_WS_storage_offload/frontend_protected_prefill_slot_v1/backend_replays/a02_0_900/matched_gftt_for_slot_xfeat/repeat1/vins.log,/media/ma/Data/AQUA-FE_WS_storage_offload/frontend_protected_prefill_slot_v1/backend_replays/a02_0_900/matched_gftt_for_slot_xfeat/repeat1/replay_receipt.txt
aqualoc_archaeology:A02:0000,a02_0_900,matched_gftt_for_slot_xfeat,slot_xfeat,matched_classical,2,True,PASS,430,42.892948627,46,44.992835283,0.953328421,PASS,,/media/ma/Data/AQUA-FE_WS_storage_offload/frontend_protected_prefill_slot_v1/matched_controls/a02_0_900/slot_xfeat/features_matched_gftt.bag,006b63bfbfaebbdd96fbdbfaaef15d984cbc2d447527b7c545057d6c3c2a57ed,/media/ma/Data/AQUA-FE_WS_storage_offload/frontend_coverage_monotone_router_v2/backend_canonical/a02_0_900/vins_same_backend.yaml,a0d5aad32120b2ab419c3216fbbf908ee4cdbed4c5d7c483b131b3df67da5af1,/media/ma/Data/AQUA-FE_WS_storage_offload/frontend_protected_prefill_slot_v1/backend_replays/a02_0_900/matched_gftt_for_slot_xfeat/repeat2/vins_output/vio.csv,7e485dba374fec3ad924cab6de9446effcdb711884a08839c6890962eb943e11,/media/ma/Data/AQUA-FE_WS_storage_offload/frontend_protected_prefill_slot_v1/backend_replays/a02_0_900/matched_gftt_for_slot_xfeat/repeat2/vins.log,/media/ma/Data/AQUA-FE_WS_storage_offload/frontend_protected_prefill_slot_v1/backend_replays/a02_0_900/matched_gftt_for_slot_xfeat/repeat2/replay_receipt.txt
aqualoc_archaeology:A02:0000,a02_0_900,matched_gftt_for_slot_xfeat,slot_xfeat,matched_classical,3,True,PASS,430,42.892948627,46,44.992835283,0.953328421,PASS,,/media/ma/Data/AQUA-FE_WS_storage_offload/frontend_protected_prefill_slot_v1/matched_controls/a02_0_900/slot_xfeat/features_matched_gftt.bag,006b63bfbfaebbdd96fbdbfaaef15d984cbc2d447527b7c545057d6c3c2a57ed,/media/ma/Data/AQUA-FE_WS_storage_offload/frontend_coverage_monotone_router_v2/backend_canonical/a02_0_900/vins_same_backend.yaml,a0d5aad32120b2ab419c3216fbbf908ee4cdbed4c5d7c483b131b3df67da5af1,/media/ma/Data/AQUA-FE_WS_storage_offload/frontend_protected_prefill_slot_v1/backend_replays/a02_0_900/matched_gftt_for_slot_xfeat/repeat3/vins_output/vio.csv,294b93d46715fe6be60a7c13305ab5cce226ace99a7ee386d9420a8a9058ebd3,/media/ma/Data/AQUA-FE_WS_storage_offload/frontend_protected_prefill_slot_v1/backend_replays/a02_0_900/matched_gftt_for_slot_xfeat/repeat3/vins.log,/media/ma/Data/AQUA-FE_WS_storage_offload/frontend_protected_prefill_slot_v1/backend_replays/a02_0_900/matched_gftt_for_slot_xfeat/repeat3/replay_receipt.txt
aqualoc_archaeology:A09:historical_6000_6800,a09_6000_6800,slot_xfeat,slot_xfeat,learned_active,1,True,PASS,388,38.693511248,41,39.993406296,0.967497266,PASS,,/media/ma/Data/AQUA-FE_WS_storage_offload/frontend_protected_prefill_slot_v1/shadow_root/logs/aqualoc_archaeo_vins/external_hybrid_xfeat_every2_ppsv1_a09_6000_6800_slot_xfeat/features.bag,0a6bc1845b347b3105f1bb1b8a85499ceea9377fe6d3ce2d5c6eae712677de17,/media/ma/Data/AQUA-FE_WS_storage_offload/frontend_coverage_monotone_router_v2/backend_canonical/a09_6000_6800/vins_same_backend.yaml,7ecf99b8c6540cc3c9ab4917b2453c1579afed96a928034c8e65e4f5f04532b1,/media/ma/Data/AQUA-FE_WS_storage_offload/frontend_protected_prefill_slot_v1/backend_replays/a09_6000_6800/slot_xfeat/repeat1/vins_output/vio.csv,40830facaba2d5ab3f7bbc8b80d94c65bcd923c8d9ebbf4ad2c3e03a5765cb3b,/media/ma/Data/AQUA-FE_WS_storage_offload/frontend_protected_prefill_slot_v1/backend_replays/a09_6000_6800/slot_xfeat/repeat1/vins.log,/media/ma/Data/AQUA-FE_WS_storage_offload/frontend_protected_prefill_slot_v1/backend_replays/a09_6000_6800/slot_xfeat/repeat1/replay_receipt.txt
aqualoc_archaeology:A09:historical_6000_6800,a09_6000_6800,slot_xfeat,slot_xfeat,learned_active,2,True,PASS,388,38.693511248,41,39.993406296,0.967497266,PASS,,/media/ma/Data/AQUA-FE_WS_storage_offload/frontend_protected_prefill_slot_v1/shadow_root/logs/aqualoc_archaeo_vins/external_hybrid_xfeat_every2_ppsv1_a09_6000_6800_slot_xfeat/features.bag,0a6bc1845b347b3105f1bb1b8a85499ceea9377fe6d3ce2d5c6eae712677de17,/media/ma/Data/AQUA-FE_WS_storage_offload/frontend_coverage_monotone_router_v2/backend_canonical/a09_6000_6800/vins_same_backend.yaml,7ecf99b8c6540cc3c9ab4917b2453c1579afed96a928034c8e65e4f5f04532b1,/media/ma/Data/AQUA-FE_WS_storage_offload/frontend_protected_prefill_slot_v1/backend_replays/a09_6000_6800/slot_xfeat/repeat2/vins_output/vio.csv,2af35125e9e437d575ecc910c4e2875f61539c57b4672de9472af3547bcb4c8a,/media/ma/Data/AQUA-FE_WS_storage_offload/frontend_protected_prefill_slot_v1/backend_replays/a09_6000_6800/slot_xfeat/repeat2/vins.log,/media/ma/Data/AQUA-FE_WS_storage_offload/frontend_protected_prefill_slot_v1/backend_replays/a09_6000_6800/slot_xfeat/repeat2/replay_receipt.txt
aqualoc_archaeology:A09:historical_6000_6800,a09_6000_6800,slot_xfeat,slot_xfeat,learned_active,3,True,PASS,388,38.693511248,41,39.993406296,0.967497266,PASS,,/media/ma/Data/AQUA-FE_WS_storage_offload/frontend_protected_prefill_slot_v1/shadow_root/logs/aqualoc_archaeo_vins/external_hybrid_xfeat_every2_ppsv1_a09_6000_6800_slot_xfeat/features.bag,0a6bc1845b347b3105f1bb1b8a85499ceea9377fe6d3ce2d5c6eae712677de17,/media/ma/Data/AQUA-FE_WS_storage_offload/frontend_coverage_monotone_router_v2/backend_canonical/a09_6000_6800/vins_same_backend.yaml,7ecf99b8c6540cc3c9ab4917b2453c1579afed96a928034c8e65e4f5f04532b1,/media/ma/Data/AQUA-FE_WS_storage_offload/frontend_protected_prefill_slot_v1/backend_replays/a09_6000_6800/slot_xfeat/repeat3/vins_output/vio.csv,e7feaacc724f334de832f87cd39c90b1a60244dbc9b3074f4d9502ad56218910,/media/ma/Data/AQUA-FE_WS_storage_offload/frontend_protected_prefill_slot_v1/backend_replays/a09_6000_6800/slot_xfeat/repeat3/vins.log,/media/ma/Data/AQUA-FE_WS_storage_offload/frontend_protected_prefill_slot_v1/backend_replays/a09_6000_6800/slot_xfeat/repeat3/replay_receipt.txt
aqualoc_archaeology:A09:historical_6000_6800,a09_6000_6800,matched_gftt_for_slot_xfeat,slot_xfeat,matched_classical,1,True,PASS,388,38.693511248,41,39.993406296,0.967497266,PASS,,/media/ma/Data/AQUA-FE_WS_storage_offload/frontend_protected_prefill_slot_v1/matched_controls/a09_6000_6800/slot_xfeat/features_matched_gftt.bag,9ac5040f91cbfcd980cf4262d8cb14c84f3b860ccfe012e8505acbb9e8cbafc7,/media/ma/Data/AQUA-FE_WS_storage_offload/frontend_coverage_monotone_router_v2/backend_canonical/a09_6000_6800/vins_same_backend.yaml,7ecf99b8c6540cc3c9ab4917b2453c1579afed96a928034c8e65e4f5f04532b1,/media/ma/Data/AQUA-FE_WS_storage_offload/frontend_protected_prefill_slot_v1/backend_replays/a09_6000_6800/matched_gftt_for_slot_xfeat/repeat1/vins_output/vio.csv,4e26d73fe67ace66ec4b1aa4b3dba0da9ca9a4b08f04687203f58af555db8ed0,/media/ma/Data/AQUA-FE_WS_storage_offload/frontend_protected_prefill_slot_v1/backend_replays/a09_6000_6800/matched_gftt_for_slot_xfeat/repeat1/vins.log,/media/ma/Data/AQUA-FE_WS_storage_offload/frontend_protected_prefill_slot_v1/backend_replays/a09_6000_6800/matched_gftt_for_slot_xfeat/repeat1/replay_receipt.txt
aqualoc_archaeology:A09:historical_6000_6800,a09_6000_6800,matched_gftt_for_slot_xfeat,slot_xfeat,matched_classical,2,True,PASS,388,38.693511248,41,39.993406296,0.967497266,PASS,,/media/ma/Data/AQUA-FE_WS_storage_offload/frontend_protected_prefill_slot_v1/matched_controls/a09_6000_6800/slot_xfeat/features_matched_gftt.bag,9ac5040f91cbfcd980cf4262d8cb14c84f3b860ccfe012e8505acbb9e8cbafc7,/media/ma/Data/AQUA-FE_WS_storage_offload/frontend_coverage_monotone_router_v2/backend_canonical/a09_6000_6800/vins_same_backend.yaml,7ecf99b8c6540cc3c9ab4917b2453c1579afed96a928034c8e65e4f5f04532b1,/media/ma/Data/AQUA-FE_WS_storage_offload/frontend_protected_prefill_slot_v1/backend_replays/a09_6000_6800/matched_gftt_for_slot_xfeat/repeat2/vins_output/vio.csv,cc53cde654b9ffe71c643479ddc4c047c921b7ae6cf9531b4b88848e2f6de9c9,/media/ma/Data/AQUA-FE_WS_storage_offload/frontend_protected_prefill_slot_v1/backend_replays/a09_6000_6800/matched_gftt_for_slot_xfeat/repeat2/vins.log,/media/ma/Data/AQUA-FE_WS_storage_offload/frontend_protected_prefill_slot_v1/backend_replays/a09_6000_6800/matched_gftt_for_slot_xfeat/repeat2/replay_receipt.txt
aqualoc_archaeology:A09:historical_6000_6800,a09_6000_6800,matched_gftt_for_slot_xfeat,slot_xfeat,matched_classical,3,True,PASS,388,38.693511248,41,39.993406296,0.967497266,PASS,,/media/ma/Data/AQUA-FE_WS_storage_offload/frontend_protected_prefill_slot_v1/matched_controls/a09_6000_6800/slot_xfeat/features_matched_gftt.bag,9ac5040f91cbfcd980cf4262d8cb14c84f3b860ccfe012e8505acbb9e8cbafc7,/media/ma/Data/AQUA-FE_WS_storage_offload/frontend_coverage_monotone_router_v2/backend_canonical/a09_6000_6800/vins_same_backend.yaml,7ecf99b8c6540cc3c9ab4917b2453c1579afed96a928034c8e65e4f5f04532b1,/media/ma/Data/AQUA-FE_WS_storage_offload/frontend_protected_prefill_slot_v1/backend_replays/a09_6000_6800/matched_gftt_for_slot_xfeat/repeat3/vins_output/vio.csv,a0fcf861652230c88c1225fe37f4ad2c7b983d50c1d59efa61cddddaf1bf9e72,/media/ma/Data/AQUA-FE_WS_storage_offload/frontend_protected_prefill_slot_v1/backend_replays/a09_6000_6800/matched_gftt_for_slot_xfeat/repeat3/vins.log,/media/ma/Data/AQUA-FE_WS_storage_offload/frontend_protected_prefill_slot_v1/backend_replays/a09_6000_6800/matched_gftt_for_slot_xfeat/repeat3/replay_receipt.txt
afrl:bus_outside:0004,afrl_bus_s180_d045,slot_xfeat,slot_xfeat,learned_active,1,True,PASS,267,42.405874968,564,44.878515244,0.944903697,PASS,,/media/ma/Data/AQUA-FE_WS_storage_offload/frontend_protected_prefill_slot_v1/shadow_root/logs/afrl_cave_v31/external_hybrid_xfeat_every2_ppsv1_afrl_bus_s180_d045_slot_xfeat/features.bag,ee4cd80ec33c955b3f133d2e2746239feb8d2199aff88e17d6238b079048905e,/media/ma/Data/AQUA-FE_WS_storage_offload/frontend_coverage_monotone_router_v2/backend_canonical/afrl_bus_s180_d045/vins_same_backend.yaml,cb9a252cdb0864aad843b7c6ad050f74ce0c1c07760df8963238d188364052f1,/media/ma/Data/AQUA-FE_WS_storage_offload/frontend_protected_prefill_slot_v1/backend_replays/afrl_bus_s180_d045/slot_xfeat/repeat1/vins_output/vio.csv,665015fb8cfbb447f03b1b515924caaedfa9f1cde7ca79e5335f327dc02b7a6c,/media/ma/Data/AQUA-FE_WS_storage_offload/frontend_protected_prefill_slot_v1/backend_replays/afrl_bus_s180_d045/slot_xfeat/repeat1/vins.log,/media/ma/Data/AQUA-FE_WS_storage_offload/frontend_protected_prefill_slot_v1/backend_replays/afrl_bus_s180_d045/slot_xfeat/repeat1/replay_receipt.txt
afrl:bus_outside:0004,afrl_bus_s180_d045,slot_xfeat,slot_xfeat,learned_active,2,True,PASS,267,42.405874968,564,44.878515244,0.944903697,PASS,,/media/ma/Data/AQUA-FE_WS_storage_offload/frontend_protected_prefill_slot_v1/shadow_root/logs/afrl_cave_v31/external_hybrid_xfeat_every2_ppsv1_afrl_bus_s180_d045_slot_xfeat/features.bag,ee4cd80ec33c955b3f133d2e2746239feb8d2199aff88e17d6238b079048905e,/media/ma/Data/AQUA-FE_WS_storage_offload/frontend_coverage_monotone_router_v2/backend_canonical/afrl_bus_s180_d045/vins_same_backend.yaml,cb9a252cdb0864aad843b7c6ad050f74ce0c1c07760df8963238d188364052f1,/media/ma/Data/AQUA-FE_WS_storage_offload/frontend_protected_prefill_slot_v1/backend_replays/afrl_bus_s180_d045/slot_xfeat/repeat2/vins_output/vio.csv,665015fb8cfbb447f03b1b515924caaedfa9f1cde7ca79e5335f327dc02b7a6c,/media/ma/Data/AQUA-FE_WS_storage_offload/frontend_protected_prefill_slot_v1/backend_replays/afrl_bus_s180_d045/slot_xfeat/repeat2/vins.log,/media/ma/Data/AQUA-FE_WS_storage_offload/frontend_protected_prefill_slot_v1/backend_replays/afrl_bus_s180_d045/slot_xfeat/repeat2/replay_receipt.txt
afrl:bus_outside:0004,afrl_bus_s180_d045,slot_xfeat,slot_xfeat,learned_active,3,True,PASS,267,42.405874968,564,44.878515244,0.944903697,PASS,,/media/ma/Data/AQUA-FE_WS_storage_offload/frontend_protected_prefill_slot_v1/shadow_root/logs/afrl_cave_v31/external_hybrid_xfeat_every2_ppsv1_afrl_bus_s180_d045_slot_xfeat/features.bag,ee4cd80ec33c955b3f133d2e2746239feb8d2199aff88e17d6238b079048905e,/media/ma/Data/AQUA-FE_WS_storage_offload/frontend_coverage_monotone_router_v2/backend_canonical/afrl_bus_s180_d045/vins_same_backend.yaml,cb9a252cdb0864aad843b7c6ad050f74ce0c1c07760df8963238d188364052f1,/media/ma/Data/AQUA-FE_WS_storage_offload/frontend_protected_prefill_slot_v1/backend_replays/afrl_bus_s180_d045/slot_xfeat/repeat3/vins_output/vio.csv,665015fb8cfbb447f03b1b515924caaedfa9f1cde7ca79e5335f327dc02b7a6c,/media/ma/Data/AQUA-FE_WS_storage_offload/frontend_protected_prefill_slot_v1/backend_replays/afrl_bus_s180_d045/slot_xfeat/repeat3/vins.log,/media/ma/Data/AQUA-FE_WS_storage_offload/frontend_protected_prefill_slot_v1/backend_replays/afrl_bus_s180_d045/slot_xfeat/repeat3/replay_receipt.txt
afrl:bus_outside:0004,afrl_bus_s180_d045,matched_gftt_for_slot_xfeat,slot_xfeat,matched_classical,1,True,PASS,267,42.405874968,564,44.878515244,0.944903697,PASS,,/media/ma/Data/AQUA-FE_WS_storage_offload/frontend_protected_prefill_slot_v1/matched_controls/afrl_bus_s180_d045/slot_xfeat/features_matched_gftt.bag,9394549f52938329ed5f3b73ce798cda487e4e8752fc535e971c249e155685bb,/media/ma/Data/AQUA-FE_WS_storage_offload/frontend_coverage_monotone_router_v2/backend_canonical/afrl_bus_s180_d045/vins_same_backend.yaml,cb9a252cdb0864aad843b7c6ad050f74ce0c1c07760df8963238d188364052f1,/media/ma/Data/AQUA-FE_WS_storage_offload/frontend_protected_prefill_slot_v1/backend_replays/afrl_bus_s180_d045/matched_gftt_for_slot_xfeat/repeat1/vins_output/vio.csv,665015fb8cfbb447f03b1b515924caaedfa9f1cde7ca79e5335f327dc02b7a6c,/media/ma/Data/AQUA-FE_WS_storage_offload/frontend_protected_prefill_slot_v1/backend_replays/afrl_bus_s180_d045/matched_gftt_for_slot_xfeat/repeat1/vins.log,/media/ma/Data/AQUA-FE_WS_storage_offload/frontend_protected_prefill_slot_v1/backend_replays/afrl_bus_s180_d045/matched_gftt_for_slot_xfeat/repeat1/replay_receipt.txt
afrl:bus_outside:0004,afrl_bus_s180_d045,matched_gftt_for_slot_xfeat,slot_xfeat,matched_classical,2,True,PASS,267,42.405874968,564,44.878515244,0.944903697,PASS,,/media/ma/Data/AQUA-FE_WS_storage_offload/frontend_protected_prefill_slot_v1/matched_controls/afrl_bus_s180_d045/slot_xfeat/features_matched_gftt.bag,9394549f52938329ed5f3b73ce798cda487e4e8752fc535e971c249e155685bb,/media/ma/Data/AQUA-FE_WS_storage_offload/frontend_coverage_monotone_router_v2/backend_canonical/afrl_bus_s180_d045/vins_same_backend.yaml,cb9a252cdb0864aad843b7c6ad050f74ce0c1c07760df8963238d188364052f1,/media/ma/Data/AQUA-FE_WS_storage_offload/frontend_protected_prefill_slot_v1/backend_replays/afrl_bus_s180_d045/matched_gftt_for_slot_xfeat/repeat2/vins_output/vio.csv,665015fb8cfbb447f03b1b515924caaedfa9f1cde7ca79e5335f327dc02b7a6c,/media/ma/Data/AQUA-FE_WS_storage_offload/frontend_protected_prefill_slot_v1/backend_replays/afrl_bus_s180_d045/matched_gftt_for_slot_xfeat/repeat2/vins.log,/media/ma/Data/AQUA-FE_WS_storage_offload/frontend_protected_prefill_slot_v1/backend_replays/afrl_bus_s180_d045/matched_gftt_for_slot_xfeat/repeat2/replay_receipt.txt
afrl:bus_outside:0004,afrl_bus_s180_d045,matched_gftt_for_slot_xfeat,slot_xfeat,matched_classical,3,True,PASS,267,42.405874968,564,44.878515244,0.944903697,PASS,,/media/ma/Data/AQUA-FE_WS_storage_offload/frontend_protected_prefill_slot_v1/matched_controls/afrl_bus_s180_d045/slot_xfeat/features_matched_gftt.bag,9394549f52938329ed5f3b73ce798cda487e4e8752fc535e971c249e155685bb,/media/ma/Data/AQUA-FE_WS_storage_offload/frontend_coverage_monotone_router_v2/backend_canonical/afrl_bus_s180_d045/vins_same_backend.yaml,cb9a252cdb0864aad843b7c6ad050f74ce0c1c07760df8963238d188364052f1,/media/ma/Data/AQUA-FE_WS_storage_offload/frontend_protected_prefill_slot_v1/backend_replays/afrl_bus_s180_d045/matched_gftt_for_slot_xfeat/repeat3/vins_output/vio.csv,665015fb8cfbb447f03b1b515924caaedfa9f1cde7ca79e5335f327dc02b7a6c,/media/ma/Data/AQUA-FE_WS_storage_offload/frontend_protected_prefill_slot_v1/backend_replays/afrl_bus_s180_d045/matched_gftt_for_slot_xfeat/repeat3/vins.log,/media/ma/Data/AQUA-FE_WS_storage_offload/frontend_protected_prefill_slot_v1/backend_replays/afrl_bus_s180_d045/matched_gftt_for_slot_xfeat/repeat3/replay_receipt.txt
