window_id,run_slug,arm,repeat,feature_bag_path,feature_bag_sha256,config_path,config_sha256,camera_path,camera_sha256,vins_node_sha256,vins_lib_sha256,source_contract,same_config_all_arms_repeats,status
afrl:bus_outside:0004,afrl_bus_s180_d045,klt,1,/media/ma/Data/AQUA-FE_WS_storage_offload/frontend_same_backend_confirmatory_v3/shadow_root/logs/afrl_cave_v31/external_klt_every2_fsbccv3_afrl_bus_s180_d045_klt/features.bag,9e4d546cb799f516d933944e9715d1551affe381ab2f0171876cebb95d01ae84,/media/ma/Data/AQUA-FE_WS_storage_offload/frontend_same_backend_confirmatory_v3/backend_canonical/afrl_bus_s180_d045/vins_same_backend.yaml,2eb2830dc1eec1baadb1fb6b687cf059198033df0f2c7af89acfe0408a819bbc,/media/ma/Data/AQUA-FE_WS_storage_offload/frontend_same_backend_confirmatory_v3/backend_canonical/afrl_bus_s180_d045/afrl_cave_cam0_pinhole.yaml,5856ee4b261d5b0d67021ef81ad0a0c5e8e6aa885184c68591530224b3645aee,4e91d8ac0735163fb6617e18d64ae0de91cc903d036f0e568a29bd3e5f5f4278,373a598c7ce591b4fe97ced9b3ee1de5bbf0322c105a54afcb03a91b810f71e8,/media/ma/Data/AQUA-FE_WS_storage_offload/frontend_same_backend_confirmatory_v3/shadow_root/logs/afrl_cave_v31/external_klt_every2_fsbccv3_afrl_bus_s180_d045_klt/vins_afrl_cave_external.yaml,PASS,COMPLETE
afrl:bus_outside:0004,afrl_bus_s180_d045,klt,2,/media/ma/Data/AQUA-FE_WS_storage_offload/frontend_same_backend_confirmatory_v3/shadow_root/logs/afrl_cave_v31/external_klt_every2_fsbccv3_afrl_bus_s180_d045_klt/features.bag,9e4d546cb799f516d933944e9715d1551affe381ab2f0171876cebb95d01ae84,/media/ma/Data/AQUA-FE_WS_storage_offload/frontend_same_backend_confirmatory_v3/backend_canonical/afrl_bus_s180_d045/vins_same_backend.yaml,2eb2830dc1eec1baadb1fb6b687cf059198033df0f2c7af89acfe0408a819bbc,/media/ma/Data/AQUA-FE_WS_storage_offload/frontend_same_backend_confirmatory_v3/backend_canonical/afrl_bus_s180_d045/afrl_cave_cam0_pinhole.yaml,5856ee4b261d5b0d67021ef81ad0a0c5e8e6aa885184c68591530224b3645aee,4e91d8ac0735163fb6617e18d64ae0de91cc903d036f0e568a29bd3e5f5f4278,373a598c7ce591b4fe97ced9b3ee1de5bbf0322c105a54afcb03a91b810f71e8,/media/ma/Data/AQUA-FE_WS_storage_offload/frontend_same_backend_confirmatory_v3/shadow_root/logs/afrl_cave_v31/external_klt_every2_fsbccv3_afrl_bus_s180_d045_klt/vins_afrl_cave_external.yaml,PASS,COMPLETE
afrl:bus_outside:0004,afrl_bus_s180_d045,klt,3,/media/ma/Data/AQUA-FE_WS_storage_offload/frontend_same_backend_confirmatory_v3/shadow_root/logs/afrl_cave_v31/external_klt_every2_fsbccv3_afrl_bus_s180_d045_klt/features.bag,9e4d546cb799f516d933944e9715d1551affe381ab2f0171876cebb95d01ae84,/media/ma/Data/AQUA-FE_WS_storage_offload/frontend_same_backend_confirmatory_v3/backend_canonical/afrl_bus_s180_d045/vins_same_backend.yaml,2eb2830dc1eec1baadb1fb6b687cf059198033df0f2c7af89acfe0408a819bbc,/media/ma/Data/AQUA-FE_WS_storage_offload/frontend_same_backend_confirmatory_v3/backend_canonical/afrl_bus_s180_d045/afrl_cave_cam0_pinhole.yaml,5856ee4b261d5b0d67021ef81ad0a0c5e8e6aa885184c68591530224b3645aee,4e91d8ac0735163fb6617e18d64ae0de91cc903d036f0e568a29bd3e5f5f4278,373a598c7ce591b4fe97ced9b3ee1de5bbf0322c105a54afcb03a91b810f71e8,/media/ma/Data/AQUA-FE_WS_storage_offload/frontend_same_backend_confirmatory_v3/shadow_root/logs/afrl_cave_v31/external_klt_every2_fsbccv3_afrl_bus_s180_d045_klt/vins_afrl_cave_external.yaml,PASS,COMPLETE
afrl:bus_outside:0004,afrl_bus_s180_d045,splg,1,/media/ma/Data/AQUA-FE_WS_storage_offload/frontend_same_backend_confirmatory_v3/shadow_root/logs/afrl_cave_v31/external_hybrid_superpoint_lightglue_every2_fsbccv3_afrl_bus_s180_d045_splg/features.bag,d3dd4a6814e63c19ab970506facc83a20d4799ba443ce698c67bdb5efdfff5ab,/media/ma/Data/AQUA-FE_WS_storage_offload/frontend_same_backend_confirmatory_v3/backend_canonical/afrl_bus_s180_d045/vins_same_backend.yaml,2eb2830dc1eec1baadb1fb6b687cf059198033df0f2c7af89acfe0408a819bbc,/media/ma/Data/AQUA-FE_WS_storage_offload/frontend_same_backend_confirmatory_v3/backend_canonical/afrl_bus_s180_d045/afrl_cave_cam0_pinhole.yaml,5856ee4b261d5b0d67021ef81ad0a0c5e8e6aa885184c68591530224b3645aee,4e91d8ac0735163fb6617e18d64ae0de91cc903d036f0e568a29bd3e5f5f4278,373a598c7ce591b4fe97ced9b3ee1de5bbf0322c105a54afcb03a91b810f71e8,/media/ma/Data/AQUA-FE_WS_storage_offload/frontend_same_backend_confirmatory_v3/shadow_root/logs/afrl_cave_v31/external_klt_every2_fsbccv3_afrl_bus_s180_d045_klt/vins_afrl_cave_external.yaml,PASS,COMPLETE
afrl:bus_outside:0004,afrl_bus_s180_d045,splg,2,/media/ma/Data/AQUA-FE_WS_storage_offload/frontend_same_backend_confirmatory_v3/shadow_root/logs/afrl_cave_v31/external_hybrid_superpoint_lightglue_every2_fsbccv3_afrl_bus_s180_d045_splg/features.bag,d3dd4a6814e63c19ab970506facc83a20d4799ba443ce698c67bdb5efdfff5ab,/media/ma/Data/AQUA-FE_WS_storage_offload/frontend_same_backend_confirmatory_v3/backend_canonical/afrl_bus_s180_d045/vins_same_backend.yaml,2eb2830dc1eec1baadb1fb6b687cf059198033df0f2c7af89acfe0408a819bbc,/media/ma/Data/AQUA-FE_WS_storage_offload/frontend_same_backend_confirmatory_v3/backend_canonical/afrl_bus_s180_d045/afrl_cave_cam0_pinhole.yaml,5856ee4b261d5b0d67021ef81ad0a0c5e8e6aa885184c68591530224b3645aee,4e91d8ac0735163fb6617e18d64ae0de91cc903d036f0e568a29bd3e5f5f4278,373a598c7ce591b4fe97ced9b3ee1de5bbf0322c105a54afcb03a91b810f71e8,/media/ma/Data/AQUA-FE_WS_storage_offload/frontend_same_backend_confirmatory_v3/shadow_root/logs/afrl_cave_v31/external_klt_every2_fsbccv3_afrl_bus_s180_d045_klt/vins_afrl_cave_external.yaml,PASS,COMPLETE
afrl:bus_outside:0004,afrl_bus_s180_d045,splg,3,/media/ma/Data/AQUA-FE_WS_storage_offload/frontend_same_backend_confirmatory_v3/shadow_root/logs/afrl_cave_v31/external_hybrid_superpoint_lightglue_every2_fsbccv3_afrl_bus_s180_d045_splg/features.bag,d3dd4a6814e63c19ab970506facc83a20d4799ba443ce698c67bdb5efdfff5ab,/media/ma/Data/AQUA-FE_WS_storage_offload/frontend_same_backend_confirmatory_v3/backend_canonical/afrl_bus_s180_d045/vins_same_backend.yaml,2eb2830dc1eec1baadb1fb6b687cf059198033df0f2c7af89acfe0408a819bbc,/media/ma/Data/AQUA-FE_WS_storage_offload/frontend_same_backend_confirmatory_v3/backend_canonical/afrl_bus_s180_d045/afrl_cave_cam0_pinhole.yaml,5856ee4b261d5b0d67021ef81ad0a0c5e8e6aa885184c68591530224b3645aee,4e91d8ac0735163fb6617e18d64ae0de91cc903d036f0e568a29bd3e5f5f4278,373a598c7ce591b4fe97ced9b3ee1de5bbf0322c105a54afcb03a91b810f71e8,/media/ma/Data/AQUA-FE_WS_storage_offload/frontend_same_backend_confirmatory_v3/shadow_root/logs/afrl_cave_v31/external_klt_every2_fsbccv3_afrl_bus_s180_d045_klt/vins_afrl_cave_external.yaml,PASS,COMPLETE
afrl:bus_outside:0004,afrl_bus_s180_d045,xfeat_v3,1,/media/ma/Data/AQUA-FE_WS_storage_offload/frontend_same_backend_confirmatory_v3/shadow_root/logs/afrl_cave_v31/external_hybrid_xfeat_every2_fsbccv3_afrl_bus_s180_d045_xfeat_v3/features.bag,3bce6af63a306f30ee3701d3b1bcb7c942d6199fa36bcf8d326d454971f042b9,/media/ma/Data/AQUA-FE_WS_storage_offload/frontend_same_backend_confirmatory_v3/backend_canonical/afrl_bus_s180_d045/vins_same_backend.yaml,2eb2830dc1eec1baadb1fb6b687cf059198033df0f2c7af89acfe0408a819bbc,/media/ma/Data/AQUA-FE_WS_storage_offload/frontend_same_backend_confirmatory_v3/backend_canonical/afrl_bus_s180_d045/afrl_cave_cam0_pinhole.yaml,5856ee4b261d5b0d67021ef81ad0a0c5e8e6aa885184c68591530224b3645aee,4e91d8ac0735163fb6617e18d64ae0de91cc903d036f0e568a29bd3e5f5f4278,373a598c7ce591b4fe97ced9b3ee1de5bbf0322c105a54afcb03a91b810f71e8,/media/ma/Data/AQUA-FE_WS_storage_offload/frontend_same_backend_confirmatory_v3/shadow_root/logs/afrl_cave_v31/external_klt_every2_fsbccv3_afrl_bus_s180_d045_klt/vins_afrl_cave_external.yaml,PASS,COMPLETE
afrl:bus_outside:0004,afrl_bus_s180_d045,xfeat_v3,2,/media/ma/Data/AQUA-FE_WS_storage_offload/frontend_same_backend_confirmatory_v3/shadow_root/logs/afrl_cave_v31/external_hybrid_xfeat_every2_fsbccv3_afrl_bus_s180_d045_xfeat_v3/features.bag,3bce6af63a306f30ee3701d3b1bcb7c942d6199fa36bcf8d326d454971f042b9,/media/ma/Data/AQUA-FE_WS_storage_offload/frontend_same_backend_confirmatory_v3/backend_canonical/afrl_bus_s180_d045/vins_same_backend.yaml,2eb2830dc1eec1baadb1fb6b687cf059198033df0f2c7af89acfe0408a819bbc,/media/ma/Data/AQUA-FE_WS_storage_offload/frontend_same_backend_confirmatory_v3/backend_canonical/afrl_bus_s180_d045/afrl_cave_cam0_pinhole.yaml,5856ee4b261d5b0d67021ef81ad0a0c5e8e6aa885184c68591530224b3645aee,4e91d8ac0735163fb6617e18d64ae0de91cc903d036f0e568a29bd3e5f5f4278,373a598c7ce591b4fe97ced9b3ee1de5bbf0322c105a54afcb03a91b810f71e8,/media/ma/Data/AQUA-FE_WS_storage_offload/frontend_same_backend_confirmatory_v3/shadow_root/logs/afrl_cave_v31/external_klt_every2_fsbccv3_afrl_bus_s180_d045_klt/vins_afrl_cave_external.yaml,PASS,COMPLETE
afrl:bus_outside:0004,afrl_bus_s180_d045,xfeat_v3,3,/media/ma/Data/AQUA-FE_WS_storage_offload/frontend_same_backend_confirmatory_v3/shadow_root/logs/afrl_cave_v31/external_hybrid_xfeat_every2_fsbccv3_afrl_bus_s180_d045_xfeat_v3/features.bag,3bce6af63a306f30ee3701d3b1bcb7c942d6199fa36bcf8d326d454971f042b9,/media/ma/Data/AQUA-FE_WS_storage_offload/frontend_same_backend_confirmatory_v3/backend_canonical/afrl_bus_s180_d045/vins_same_backend.yaml,2eb2830dc1eec1baadb1fb6b687cf059198033df0f2c7af89acfe0408a819bbc,/media/ma/Data/AQUA-FE_WS_storage_offload/frontend_same_backend_confirmatory_v3/backend_canonical/afrl_bus_s180_d045/afrl_cave_cam0_pinhole.yaml,5856ee4b261d5b0d67021ef81ad0a0c5e8e6aa885184c68591530224b3645aee,4e91d8ac0735163fb6617e18d64ae0de91cc903d036f0e568a29bd3e5f5f4278,373a598c7ce591b4fe97ced9b3ee1de5bbf0322c105a54afcb03a91b810f71e8,/media/ma/Data/AQUA-FE_WS_storage_offload/frontend_same_backend_confirmatory_v3/shadow_root/logs/afrl_cave_v31/external_klt_every2_fsbccv3_afrl_bus_s180_d045_klt/vins_afrl_cave_external.yaml,PASS,PENDING
afrl:cemetery:0003,afrl_cemetery_s135_d045,klt,1,/media/ma/Data/AQUA-FE_WS_storage_offload/frontend_same_backend_confirmatory_v3/shadow_root/logs/afrl_cave_v31/external_klt_every2_fsbccv3_afrl_cemetery_s135_d045_klt/features.bag,c144ba971b2d7fc1b73980f9d1336d508f823db26f448f803df747536688169e,/media/ma/Data/AQUA-FE_WS_storage_offload/frontend_same_backend_confirmatory_v3/backend_canonical/afrl_cemetery_s135_d045/vins_same_backend.yaml,51319b66095e8b7d4c7b423408bdc7bcac8b205c97e1330aec2371eb28016d5a,/media/ma/Data/AQUA-FE_WS_storage_offload/frontend_same_backend_confirmatory_v3/backend_canonical/afrl_cemetery_s135_d045/afrl_cave_cam0_pinhole.yaml,9580011fcaa23217407c1d1dbf616d57e95d81498293129f70bc0700e40e5154,4e91d8ac0735163fb6617e18d64ae0de91cc903d036f0e568a29bd3e5f5f4278,373a598c7ce591b4fe97ced9b3ee1de5bbf0322c105a54afcb03a91b810f71e8,/media/ma/Data/AQUA-FE_WS_storage_offload/frontend_same_backend_confirmatory_v3/shadow_root/logs/afrl_cave_v31/external_klt_every2_fsbccv3_afrl_cemetery_s135_d045_klt/vins_afrl_cave_external.yaml,PASS,PENDING
afrl:cemetery:0003,afrl_cemetery_s135_d045,klt,2,/media/ma/Data/AQUA-FE_WS_storage_offload/frontend_same_backend_confirmatory_v3/shadow_root/logs/afrl_cave_v31/external_klt_every2_fsbccv3_afrl_cemetery_s135_d045_klt/features.bag,c144ba971b2d7fc1b73980f9d1336d508f823db26f448f803df747536688169e,/media/ma/Data/AQUA-FE_WS_storage_offload/frontend_same_backend_confirmatory_v3/backend_canonical/afrl_cemetery_s135_d045/vins_same_backend.yaml,51319b66095e8b7d4c7b423408bdc7bcac8b205c97e1330aec2371eb28016d5a,/media/ma/Data/AQUA-FE_WS_storage_offload/frontend_same_backend_confirmatory_v3/backend_canonical/afrl_cemetery_s135_d045/afrl_cave_cam0_pinhole.yaml,9580011fcaa23217407c1d1dbf616d57e95d81498293129f70bc0700e40e5154,4e91d8ac0735163fb6617e18d64ae0de91cc903d036f0e568a29bd3e5f5f4278,373a598c7ce591b4fe97ced9b3ee1de5bbf0322c105a54afcb03a91b810f71e8,/media/ma/Data/AQUA-FE_WS_storage_offload/frontend_same_backend_confirmatory_v3/shadow_root/logs/afrl_cave_v31/external_klt_every2_fsbccv3_afrl_cemetery_s135_d045_klt/vins_afrl_cave_external.yaml,PASS,PENDING
afrl:cemetery:0003,afrl_cemetery_s135_d045,klt,3,/media/ma/Data/AQUA-FE_WS_storage_offload/frontend_same_backend_confirmatory_v3/shadow_root/logs/afrl_cave_v31/external_klt_every2_fsbccv3_afrl_cemetery_s135_d045_klt/features.bag,c144ba971b2d7fc1b73980f9d1336d508f823db26f448f803df747536688169e,/media/ma/Data/AQUA-FE_WS_storage_offload/frontend_same_backend_confirmatory_v3/backend_canonical/afrl_cemetery_s135_d045/vins_same_backend.yaml,51319b66095e8b7d4c7b423408bdc7bcac8b205c97e1330aec2371eb28016d5a,/media/ma/Data/AQUA-FE_WS_storage_offload/frontend_same_backend_confirmatory_v3/backend_canonical/afrl_cemetery_s135_d045/afrl_cave_cam0_pinhole.yaml,9580011fcaa23217407c1d1dbf616d57e95d81498293129f70bc0700e40e5154,4e91d8ac0735163fb6617e18d64ae0de91cc903d036f0e568a29bd3e5f5f4278,373a598c7ce591b4fe97ced9b3ee1de5bbf0322c105a54afcb03a91b810f71e8,/media/ma/Data/AQUA-FE_WS_storage_offload/frontend_same_backend_confirmatory_v3/shadow_root/logs/afrl_cave_v31/external_klt_every2_fsbccv3_afrl_cemetery_s135_d045_klt/vins_afrl_cave_external.yaml,PASS,PENDING
afrl:cemetery:0003,afrl_cemetery_s135_d045,splg,1,/media/ma/Data/AQUA-FE_WS_storage_offload/frontend_same_backend_confirmatory_v3/shadow_root/logs/afrl_cave_v31/external_hybrid_superpoint_lightglue_every2_fsbccv3_afrl_cemetery_s135_d045_splg/features.bag,a57d498bbe8d5fa845cb0444aef7dc73a4cb08e3b6cc149a81862550479583dd,/media/ma/Data/AQUA-FE_WS_storage_offload/frontend_same_backend_confirmatory_v3/backend_canonical/afrl_cemetery_s135_d045/vins_same_backend.yaml,51319b66095e8b7d4c7b423408bdc7bcac8b205c97e1330aec2371eb28016d5a,/media/ma/Data/AQUA-FE_WS_storage_offload/frontend_same_backend_confirmatory_v3/backend_canonical/afrl_cemetery_s135_d045/afrl_cave_cam0_pinhole.yaml,9580011fcaa23217407c1d1dbf616d57e95d81498293129f70bc0700e40e5154,4e91d8ac0735163fb6617e18d64ae0de91cc903d036f0e568a29bd3e5f5f4278,373a598c7ce591b4fe97ced9b3ee1de5bbf0322c105a54afcb03a91b810f71e8,/media/ma/Data/AQUA-FE_WS_storage_offload/frontend_same_backend_confirmatory_v3/shadow_root/logs/afrl_cave_v31/external_klt_every2_fsbccv3_afrl_cemetery_s135_d045_klt/vins_afrl_cave_external.yaml,PASS,COMPLETE
afrl:cemetery:0003,afrl_cemetery_s135_d045,splg,2,/media/ma/Data/AQUA-FE_WS_storage_offload/frontend_same_backend_confirmatory_v3/shadow_root/logs/afrl_cave_v31/external_hybrid_superpoint_lightglue_every2_fsbccv3_afrl_cemetery_s135_d045_splg/features.bag,a57d498bbe8d5fa845cb0444aef7dc73a4cb08e3b6cc149a81862550479583dd,/media/ma/Data/AQUA-FE_WS_storage_offload/frontend_same_backend_confirmatory_v3/backend_canonical/afrl_cemetery_s135_d045/vins_same_backend.yaml,51319b66095e8b7d4c7b423408bdc7bcac8b205c97e1330aec2371eb28016d5a,/media/ma/Data/AQUA-FE_WS_storage_offload/frontend_same_backend_confirmatory_v3/backend_canonical/afrl_cemetery_s135_d045/afrl_cave_cam0_pinhole.yaml,9580011fcaa23217407c1d1dbf616d57e95d81498293129f70bc0700e40e5154,4e91d8ac0735163fb6617e18d64ae0de91cc903d036f0e568a29bd3e5f5f4278,373a598c7ce591b4fe97ced9b3ee1de5bbf0322c105a54afcb03a91b810f71e8,/media/ma/Data/AQUA-FE_WS_storage_offload/frontend_same_backend_confirmatory_v3/shadow_root/logs/afrl_cave_v31/external_klt_every2_fsbccv3_afrl_cemetery_s135_d045_klt/vins_afrl_cave_external.yaml,PASS,COMPLETE
afrl:cemetery:0003,afrl_cemetery_s135_d045,splg,3,/media/ma/Data/AQUA-FE_WS_storage_offload/frontend_same_backend_confirmatory_v3/shadow_root/logs/afrl_cave_v31/external_hybrid_superpoint_lightglue_every2_fsbccv3_afrl_cemetery_s135_d045_splg/features.bag,a57d498bbe8d5fa845cb0444aef7dc73a4cb08e3b6cc149a81862550479583dd,/media/ma/Data/AQUA-FE_WS_storage_offload/frontend_same_backend_confirmatory_v3/backend_canonical/afrl_cemetery_s135_d045/vins_same_backend.yaml,51319b66095e8b7d4c7b423408bdc7bcac8b205c97e1330aec2371eb28016d5a,/media/ma/Data/AQUA-FE_WS_storage_offload/frontend_same_backend_confirmatory_v3/backend_canonical/afrl_cemetery_s135_d045/afrl_cave_cam0_pinhole.yaml,9580011fcaa23217407c1d1dbf616d57e95d81498293129f70bc0700e40e5154,4e91d8ac0735163fb6617e18d64ae0de91cc903d036f0e568a29bd3e5f5f4278,373a598c7ce591b4fe97ced9b3ee1de5bbf0322c105a54afcb03a91b810f71e8,/media/ma/Data/AQUA-FE_WS_storage_offload/frontend_same_backend_confirmatory_v3/shadow_root/logs/afrl_cave_v31/external_klt_every2_fsbccv3_afrl_cemetery_s135_d045_klt/vins_afrl_cave_external.yaml,PASS,COMPLETE
afrl:cemetery:0003,afrl_cemetery_s135_d045,xfeat_v3,1,/media/ma/Data/AQUA-FE_WS_storage_offload/frontend_same_backend_confirmatory_v3/shadow_root/logs/afrl_cave_v31/external_hybrid_xfeat_every2_fsbccv3_afrl_cemetery_s135_d045_xfeat_v3/features.bag,c144ba971b2d7fc1b73980f9d1336d508f823db26f448f803df747536688169e,/media/ma/Data/AQUA-FE_WS_storage_offload/frontend_same_backend_confirmatory_v3/backend_canonical/afrl_cemetery_s135_d045/vins_same_backend.yaml,51319b66095e8b7d4c7b423408bdc7bcac8b205c97e1330aec2371eb28016d5a,/media/ma/Data/AQUA-FE_WS_storage_offload/frontend_same_backend_confirmatory_v3/backend_canonical/afrl_cemetery_s135_d045/afrl_cave_cam0_pinhole.yaml,9580011fcaa23217407c1d1dbf616d57e95d81498293129f70bc0700e40e5154,4e91d8ac0735163fb6617e18d64ae0de91cc903d036f0e568a29bd3e5f5f4278,373a598c7ce591b4fe97ced9b3ee1de5bbf0322c105a54afcb03a91b810f71e8,/media/ma/Data/AQUA-FE_WS_storage_offload/frontend_same_backend_confirmatory_v3/shadow_root/logs/afrl_cave_v31/external_klt_every2_fsbccv3_afrl_cemetery_s135_d045_klt/vins_afrl_cave_external.yaml,PASS,COMPLETE
afrl:cemetery:0003,afrl_cemetery_s135_d045,xfeat_v3,2,/media/ma/Data/AQUA-FE_WS_storage_offload/frontend_same_backend_confirmatory_v3/shadow_root/logs/afrl_cave_v31/external_hybrid_xfeat_every2_fsbccv3_afrl_cemetery_s135_d045_xfeat_v3/features.bag,c144ba971b2d7fc1b73980f9d1336d508f823db26f448f803df747536688169e,/media/ma/Data/AQUA-FE_WS_storage_offload/frontend_same_backend_confirmatory_v3/backend_canonical/afrl_cemetery_s135_d045/vins_same_backend.yaml,51319b66095e8b7d4c7b423408bdc7bcac8b205c97e1330aec2371eb28016d5a,/media/ma/Data/AQUA-FE_WS_storage_offload/frontend_same_backend_confirmatory_v3/backend_canonical/afrl_cemetery_s135_d045/afrl_cave_cam0_pinhole.yaml,9580011fcaa23217407c1d1dbf616d57e95d81498293129f70bc0700e40e5154,4e91d8ac0735163fb6617e18d64ae0de91cc903d036f0e568a29bd3e5f5f4278,373a598c7ce591b4fe97ced9b3ee1de5bbf0322c105a54afcb03a91b810f71e8,/media/ma/Data/AQUA-FE_WS_storage_offload/frontend_same_backend_confirmatory_v3/shadow_root/logs/afrl_cave_v31/external_klt_every2_fsbccv3_afrl_cemetery_s135_d045_klt/vins_afrl_cave_external.yaml,PASS,COMPLETE
afrl:cemetery:0003,afrl_cemetery_s135_d045,xfeat_v3,3,/media/ma/Data/AQUA-FE_WS_storage_offload/frontend_same_backend_confirmatory_v3/shadow_root/logs/afrl_cave_v31/external_hybrid_xfeat_every2_fsbccv3_afrl_cemetery_s135_d045_xfeat_v3/features.bag,c144ba971b2d7fc1b73980f9d1336d508f823db26f448f803df747536688169e,/media/ma/Data/AQUA-FE_WS_storage_offload/frontend_same_backend_confirmatory_v3/backend_canonical/afrl_cemetery_s135_d045/vins_same_backend.yaml,51319b66095e8b7d4c7b423408bdc7bcac8b205c97e1330aec2371eb28016d5a,/media/ma/Data/AQUA-FE_WS_storage_offload/frontend_same_backend_confirmatory_v3/backend_canonical/afrl_cemetery_s135_d045/afrl_cave_cam0_pinhole.yaml,9580011fcaa23217407c1d1dbf616d57e95d81498293129f70bc0700e40e5154,4e91d8ac0735163fb6617e18d64ae0de91cc903d036f0e568a29bd3e5f5f4278,373a598c7ce591b4fe97ced9b3ee1de5bbf0322c105a54afcb03a91b810f71e8,/media/ma/Data/AQUA-FE_WS_storage_offload/frontend_same_backend_confirmatory_v3/shadow_root/logs/afrl_cave_v31/external_klt_every2_fsbccv3_afrl_cemetery_s135_d045_klt/vins_afrl_cave_external.yaml,PASS,COMPLETE
aqualoc_archaeology:A02:0000,a02_0_900,klt,1,/media/ma/Data/AQUA-FE_WS_storage_offload/frontend_same_backend_confirmatory_v3/shadow_root/logs/aqualoc_archaeo_vins/external_klt_every2_fsbccv3_a02_0_900_klt/features.bag,5ebe451810a735ee37b40f244aca0162e37e398e2f5de13d76222d3d1e616520,/media/ma/Data/AQUA-FE_WS_storage_offload/frontend_same_backend_confirmatory_v3/backend_canonical/a02_0_900/vins_same_backend.yaml,83ad5845099cc9741dab7adf3772b9b770bc7bf69c12f9a3dbc697df77a3ef31,/media/ma/Data/AQUA-FE_WS_storage_offload/frontend_same_backend_confirmatory_v3/backend_canonical/a02_0_900/aqualoc_archaeo02_pinhole.yaml,045505013a5dbfb629bad8d3463bbbdacad965ebdcf3c590598121bd884e50a5,4e91d8ac0735163fb6617e18d64ae0de91cc903d036f0e568a29bd3e5f5f4278,373a598c7ce591b4fe97ced9b3ee1de5bbf0322c105a54afcb03a91b810f71e8,/home/ma/AQUA-FE_WS/scripts/run_aqualoc_archaeo_vins_eval.sh,PASS,COMPLETE
aqualoc_archaeology:A02:0000,a02_0_900,klt,2,/media/ma/Data/AQUA-FE_WS_storage_offload/frontend_same_backend_confirmatory_v3/shadow_root/logs/aqualoc_archaeo_vins/external_klt_every2_fsbccv3_a02_0_900_klt/features.bag,5ebe451810a735ee37b40f244aca0162e37e398e2f5de13d76222d3d1e616520,/media/ma/Data/AQUA-FE_WS_storage_offload/frontend_same_backend_confirmatory_v3/backend_canonical/a02_0_900/vins_same_backend.yaml,83ad5845099cc9741dab7adf3772b9b770bc7bf69c12f9a3dbc697df77a3ef31,/media/ma/Data/AQUA-FE_WS_storage_offload/frontend_same_backend_confirmatory_v3/backend_canonical/a02_0_900/aqualoc_archaeo02_pinhole.yaml,045505013a5dbfb629bad8d3463bbbdacad965ebdcf3c590598121bd884e50a5,4e91d8ac0735163fb6617e18d64ae0de91cc903d036f0e568a29bd3e5f5f4278,373a598c7ce591b4fe97ced9b3ee1de5bbf0322c105a54afcb03a91b810f71e8,/home/ma/AQUA-FE_WS/scripts/run_aqualoc_archaeo_vins_eval.sh,PASS,COMPLETE
aqualoc_archaeology:A02:0000,a02_0_900,klt,3,/media/ma/Data/AQUA-FE_WS_storage_offload/frontend_same_backend_confirmatory_v3/shadow_root/logs/aqualoc_archaeo_vins/external_klt_every2_fsbccv3_a02_0_900_klt/features.bag,5ebe451810a735ee37b40f244aca0162e37e398e2f5de13d76222d3d1e616520,/media/ma/Data/AQUA-FE_WS_storage_offload/frontend_same_backend_confirmatory_v3/backend_canonical/a02_0_900/vins_same_backend.yaml,83ad5845099cc9741dab7adf3772b9b770bc7bf69c12f9a3dbc697df77a3ef31,/media/ma/Data/AQUA-FE_WS_storage_offload/frontend_same_backend_confirmatory_v3/backend_canonical/a02_0_900/aqualoc_archaeo02_pinhole.yaml,045505013a5dbfb629bad8d3463bbbdacad965ebdcf3c590598121bd884e50a5,4e91d8ac0735163fb6617e18d64ae0de91cc903d036f0e568a29bd3e5f5f4278,373a598c7ce591b4fe97ced9b3ee1de5bbf0322c105a54afcb03a91b810f71e8,/home/ma/AQUA-FE_WS/scripts/run_aqualoc_archaeo_vins_eval.sh,PASS,COMPLETE
aqualoc_archaeology:A02:0000,a02_0_900,splg,1,/media/ma/Data/AQUA-FE_WS_storage_offload/frontend_same_backend_confirmatory_v3/shadow_root/logs/aqualoc_archaeo_vins/external_hybrid_superpoint_lightglue_every2_fsbccv3_a02_0_900_splg/features.bag,adadab2fe4aa3d4960a7216f39abc43c7abe5213cdcc0c23988ca964fd25b12a,/media/ma/Data/AQUA-FE_WS_storage_offload/frontend_same_backend_confirmatory_v3/backend_canonical/a02_0_900/vins_same_backend.yaml,83ad5845099cc9741dab7adf3772b9b770bc7bf69c12f9a3dbc697df77a3ef31,/media/ma/Data/AQUA-FE_WS_storage_offload/frontend_same_backend_confirmatory_v3/backend_canonical/a02_0_900/aqualoc_archaeo02_pinhole.yaml,045505013a5dbfb629bad8d3463bbbdacad965ebdcf3c590598121bd884e50a5,4e91d8ac0735163fb6617e18d64ae0de91cc903d036f0e568a29bd3e5f5f4278,373a598c7ce591b4fe97ced9b3ee1de5bbf0322c105a54afcb03a91b810f71e8,/home/ma/AQUA-FE_WS/scripts/run_aqualoc_archaeo_vins_eval.sh,PASS,COMPLETE
aqualoc_archaeology:A02:0000,a02_0_900,splg,2,/media/ma/Data/AQUA-FE_WS_storage_offload/frontend_same_backend_confirmatory_v3/shadow_root/logs/aqualoc_archaeo_vins/external_hybrid_superpoint_lightglue_every2_fsbccv3_a02_0_900_splg/features.bag,adadab2fe4aa3d4960a7216f39abc43c7abe5213cdcc0c23988ca964fd25b12a,/media/ma/Data/AQUA-FE_WS_storage_offload/frontend_same_backend_confirmatory_v3/backend_canonical/a02_0_900/vins_same_backend.yaml,83ad5845099cc9741dab7adf3772b9b770bc7bf69c12f9a3dbc697df77a3ef31,/media/ma/Data/AQUA-FE_WS_storage_offload/frontend_same_backend_confirmatory_v3/backend_canonical/a02_0_900/aqualoc_archaeo02_pinhole.yaml,045505013a5dbfb629bad8d3463bbbdacad965ebdcf3c590598121bd884e50a5,4e91d8ac0735163fb6617e18d64ae0de91cc903d036f0e568a29bd3e5f5f4278,373a598c7ce591b4fe97ced9b3ee1de5bbf0322c105a54afcb03a91b810f71e8,/home/ma/AQUA-FE_WS/scripts/run_aqualoc_archaeo_vins_eval.sh,PASS,COMPLETE
aqualoc_archaeology:A02:0000,a02_0_900,splg,3,/media/ma/Data/AQUA-FE_WS_storage_offload/frontend_same_backend_confirmatory_v3/shadow_root/logs/aqualoc_archaeo_vins/external_hybrid_superpoint_lightglue_every2_fsbccv3_a02_0_900_splg/features.bag,adadab2fe4aa3d4960a7216f39abc43c7abe5213cdcc0c23988ca964fd25b12a,/media/ma/Data/AQUA-FE_WS_storage_offload/frontend_same_backend_confirmatory_v3/backend_canonical/a02_0_900/vins_same_backend.yaml,83ad5845099cc9741dab7adf3772b9b770bc7bf69c12f9a3dbc697df77a3ef31,/media/ma/Data/AQUA-FE_WS_storage_offload/frontend_same_backend_confirmatory_v3/backend_canonical/a02_0_900/aqualoc_archaeo02_pinhole.yaml,045505013a5dbfb629bad8d3463bbbdacad965ebdcf3c590598121bd884e50a5,4e91d8ac0735163fb6617e18d64ae0de91cc903d036f0e568a29bd3e5f5f4278,373a598c7ce591b4fe97ced9b3ee1de5bbf0322c105a54afcb03a91b810f71e8,/home/ma/AQUA-FE_WS/scripts/run_aqualoc_archaeo_vins_eval.sh,PASS,COMPLETE
aqualoc_archaeology:A02:0000,a02_0_900,xfeat_v3,1,/media/ma/Data/AQUA-FE_WS_storage_offload/frontend_same_backend_confirmatory_v3/shadow_root/logs/aqualoc_archaeo_vins/external_hybrid_xfeat_every2_fsbccv3_a02_0_900_xfeat_v3/features.bag,5ebe451810a735ee37b40f244aca0162e37e398e2f5de13d76222d3d1e616520,/media/ma/Data/AQUA-FE_WS_storage_offload/frontend_same_backend_confirmatory_v3/backend_canonical/a02_0_900/vins_same_backend.yaml,83ad5845099cc9741dab7adf3772b9b770bc7bf69c12f9a3dbc697df77a3ef31,/media/ma/Data/AQUA-FE_WS_storage_offload/frontend_same_backend_confirmatory_v3/backend_canonical/a02_0_900/aqualoc_archaeo02_pinhole.yaml,045505013a5dbfb629bad8d3463bbbdacad965ebdcf3c590598121bd884e50a5,4e91d8ac0735163fb6617e18d64ae0de91cc903d036f0e568a29bd3e5f5f4278,373a598c7ce591b4fe97ced9b3ee1de5bbf0322c105a54afcb03a91b810f71e8,/home/ma/AQUA-FE_WS/scripts/run_aqualoc_archaeo_vins_eval.sh,PASS,COMPLETE
aqualoc_archaeology:A02:0000,a02_0_900,xfeat_v3,2,/media/ma/Data/AQUA-FE_WS_storage_offload/frontend_same_backend_confirmatory_v3/shadow_root/logs/aqualoc_archaeo_vins/external_hybrid_xfeat_every2_fsbccv3_a02_0_900_xfeat_v3/features.bag,5ebe451810a735ee37b40f244aca0162e37e398e2f5de13d76222d3d1e616520,/media/ma/Data/AQUA-FE_WS_storage_offload/frontend_same_backend_confirmatory_v3/backend_canonical/a02_0_900/vins_same_backend.yaml,83ad5845099cc9741dab7adf3772b9b770bc7bf69c12f9a3dbc697df77a3ef31,/media/ma/Data/AQUA-FE_WS_storage_offload/frontend_same_backend_confirmatory_v3/backend_canonical/a02_0_900/aqualoc_archaeo02_pinhole.yaml,045505013a5dbfb629bad8d3463bbbdacad965ebdcf3c590598121bd884e50a5,4e91d8ac0735163fb6617e18d64ae0de91cc903d036f0e568a29bd3e5f5f4278,373a598c7ce591b4fe97ced9b3ee1de5bbf0322c105a54afcb03a91b810f71e8,/home/ma/AQUA-FE_WS/scripts/run_aqualoc_archaeo_vins_eval.sh,PASS,COMPLETE
aqualoc_archaeology:A02:0000,a02_0_900,xfeat_v3,3,/media/ma/Data/AQUA-FE_WS_storage_offload/frontend_same_backend_confirmatory_v3/shadow_root/logs/aqualoc_archaeo_vins/external_hybrid_xfeat_every2_fsbccv3_a02_0_900_xfeat_v3/features.bag,5ebe451810a735ee37b40f244aca0162e37e398e2f5de13d76222d3d1e616520,/media/ma/Data/AQUA-FE_WS_storage_offload/frontend_same_backend_confirmatory_v3/backend_canonical/a02_0_900/vins_same_backend.yaml,83ad5845099cc9741dab7adf3772b9b770bc7bf69c12f9a3dbc697df77a3ef31,/media/ma/Data/AQUA-FE_WS_storage_offload/frontend_same_backend_confirmatory_v3/backend_canonical/a02_0_900/aqualoc_archaeo02_pinhole.yaml,045505013a5dbfb629bad8d3463bbbdacad965ebdcf3c590598121bd884e50a5,4e91d8ac0735163fb6617e18d64ae0de91cc903d036f0e568a29bd3e5f5f4278,373a598c7ce591b4fe97ced9b3ee1de5bbf0322c105a54afcb03a91b810f71e8,/home/ma/AQUA-FE_WS/scripts/run_aqualoc_archaeo_vins_eval.sh,PASS,COMPLETE
aqualoc_archaeology:A04:0006,a04_5400_6300,klt,1,/media/ma/Data/AQUA-FE_WS_storage_offload/frontend_same_backend_confirmatory_v3/shadow_root/logs/aqualoc_archaeo_vins/external_klt_every2_fsbccv3_a04_5400_6300_klt/features.bag,695f090d920cc749839dd5a53b4a7eced5ffcb3b5fb7baf144c05fcfb73a60b4,/media/ma/Data/AQUA-FE_WS_storage_offload/frontend_same_backend_confirmatory_v3/backend_canonical/a04_5400_6300/vins_same_backend.yaml,ca4d4260afafaebb64da19dd5bf31c230c897a2fa4884842567580b9525317cd,/media/ma/Data/AQUA-FE_WS_storage_offload/frontend_same_backend_confirmatory_v3/backend_canonical/a04_5400_6300/aqualoc_archaeo04_pinhole.yaml,045505013a5dbfb629bad8d3463bbbdacad965ebdcf3c590598121bd884e50a5,4e91d8ac0735163fb6617e18d64ae0de91cc903d036f0e568a29bd3e5f5f4278,373a598c7ce591b4fe97ced9b3ee1de5bbf0322c105a54afcb03a91b810f71e8,/home/ma/AQUA-FE_WS/scripts/run_aqualoc_archaeo_vins_eval.sh,PASS,COMPLETE
aqualoc_archaeology:A04:0006,a04_5400_6300,klt,2,/media/ma/Data/AQUA-FE_WS_storage_offload/frontend_same_backend_confirmatory_v3/shadow_root/logs/aqualoc_archaeo_vins/external_klt_every2_fsbccv3_a04_5400_6300_klt/features.bag,695f090d920cc749839dd5a53b4a7eced5ffcb3b5fb7baf144c05fcfb73a60b4,/media/ma/Data/AQUA-FE_WS_storage_offload/frontend_same_backend_confirmatory_v3/backend_canonical/a04_5400_6300/vins_same_backend.yaml,ca4d4260afafaebb64da19dd5bf31c230c897a2fa4884842567580b9525317cd,/media/ma/Data/AQUA-FE_WS_storage_offload/frontend_same_backend_confirmatory_v3/backend_canonical/a04_5400_6300/aqualoc_archaeo04_pinhole.yaml,045505013a5dbfb629bad8d3463bbbdacad965ebdcf3c590598121bd884e50a5,4e91d8ac0735163fb6617e18d64ae0de91cc903d036f0e568a29bd3e5f5f4278,373a598c7ce591b4fe97ced9b3ee1de5bbf0322c105a54afcb03a91b810f71e8,/home/ma/AQUA-FE_WS/scripts/run_aqualoc_archaeo_vins_eval.sh,PASS,PENDING
aqualoc_archaeology:A04:0006,a04_5400_6300,klt,3,/media/ma/Data/AQUA-FE_WS_storage_offload/frontend_same_backend_confirmatory_v3/shadow_root/logs/aqualoc_archaeo_vins/external_klt_every2_fsbccv3_a04_5400_6300_klt/features.bag,695f090d920cc749839dd5a53b4a7eced5ffcb3b5fb7baf144c05fcfb73a60b4,/media/ma/Data/AQUA-FE_WS_storage_offload/frontend_same_backend_confirmatory_v3/backend_canonical/a04_5400_6300/vins_same_backend.yaml,ca4d4260afafaebb64da19dd5bf31c230c897a2fa4884842567580b9525317cd,/media/ma/Data/AQUA-FE_WS_storage_offload/frontend_same_backend_confirmatory_v3/backend_canonical/a04_5400_6300/aqualoc_archaeo04_pinhole.yaml,045505013a5dbfb629bad8d3463bbbdacad965ebdcf3c590598121bd884e50a5,4e91d8ac0735163fb6617e18d64ae0de91cc903d036f0e568a29bd3e5f5f4278,373a598c7ce591b4fe97ced9b3ee1de5bbf0322c105a54afcb03a91b810f71e8,/home/ma/AQUA-FE_WS/scripts/run_aqualoc_archaeo_vins_eval.sh,PASS,PENDING
aqualoc_archaeology:A04:0006,a04_5400_6300,splg,1,/media/ma/Data/AQUA-FE_WS_storage_offload/frontend_same_backend_confirmatory_v3/shadow_root/logs/aqualoc_archaeo_vins/external_hybrid_superpoint_lightglue_every2_fsbccv3_a04_5400_6300_splg/features.bag,b021a811992a495e9c0b6867cbf4c202cddafad23350bb43ac382788dbdd00fd,/media/ma/Data/AQUA-FE_WS_storage_offload/frontend_same_backend_confirmatory_v3/backend_canonical/a04_5400_6300/vins_same_backend.yaml,ca4d4260afafaebb64da19dd5bf31c230c897a2fa4884842567580b9525317cd,/media/ma/Data/AQUA-FE_WS_storage_offload/frontend_same_backend_confirmatory_v3/backend_canonical/a04_5400_6300/aqualoc_archaeo04_pinhole.yaml,045505013a5dbfb629bad8d3463bbbdacad965ebdcf3c590598121bd884e50a5,4e91d8ac0735163fb6617e18d64ae0de91cc903d036f0e568a29bd3e5f5f4278,373a598c7ce591b4fe97ced9b3ee1de5bbf0322c105a54afcb03a91b810f71e8,/home/ma/AQUA-FE_WS/scripts/run_aqualoc_archaeo_vins_eval.sh,PASS,COMPLETE
aqualoc_archaeology:A04:0006,a04_5400_6300,splg,2,/media/ma/Data/AQUA-FE_WS_storage_offload/frontend_same_backend_confirmatory_v3/shadow_root/logs/aqualoc_archaeo_vins/external_hybrid_superpoint_lightglue_every2_fsbccv3_a04_5400_6300_splg/features.bag,b021a811992a495e9c0b6867cbf4c202cddafad23350bb43ac382788dbdd00fd,/media/ma/Data/AQUA-FE_WS_storage_offload/frontend_same_backend_confirmatory_v3/backend_canonical/a04_5400_6300/vins_same_backend.yaml,ca4d4260afafaebb64da19dd5bf31c230c897a2fa4884842567580b9525317cd,/media/ma/Data/AQUA-FE_WS_storage_offload/frontend_same_backend_confirmatory_v3/backend_canonical/a04_5400_6300/aqualoc_archaeo04_pinhole.yaml,045505013a5dbfb629bad8d3463bbbdacad965ebdcf3c590598121bd884e50a5,4e91d8ac0735163fb6617e18d64ae0de91cc903d036f0e568a29bd3e5f5f4278,373a598c7ce591b4fe97ced9b3ee1de5bbf0322c105a54afcb03a91b810f71e8,/home/ma/AQUA-FE_WS/scripts/run_aqualoc_archaeo_vins_eval.sh,PASS,COMPLETE
aqualoc_archaeology:A04:0006,a04_5400_6300,splg,3,/media/ma/Data/AQUA-FE_WS_storage_offload/frontend_same_backend_confirmatory_v3/shadow_root/logs/aqualoc_archaeo_vins/external_hybrid_superpoint_lightglue_every2_fsbccv3_a04_5400_6300_splg/features.bag,b021a811992a495e9c0b6867cbf4c202cddafad23350bb43ac382788dbdd00fd,/media/ma/Data/AQUA-FE_WS_storage_offload/frontend_same_backend_confirmatory_v3/backend_canonical/a04_5400_6300/vins_same_backend.yaml,ca4d4260afafaebb64da19dd5bf31c230c897a2fa4884842567580b9525317cd,/media/ma/Data/AQUA-FE_WS_storage_offload/frontend_same_backend_confirmatory_v3/backend_canonical/a04_5400_6300/aqualoc_archaeo04_pinhole.yaml,045505013a5dbfb629bad8d3463bbbdacad965ebdcf3c590598121bd884e50a5,4e91d8ac0735163fb6617e18d64ae0de91cc903d036f0e568a29bd3e5f5f4278,373a598c7ce591b4fe97ced9b3ee1de5bbf0322c105a54afcb03a91b810f71e8,/home/ma/AQUA-FE_WS/scripts/run_aqualoc_archaeo_vins_eval.sh,PASS,COMPLETE
aqualoc_archaeology:A04:0006,a04_5400_6300,xfeat_v3,1,/media/ma/Data/AQUA-FE_WS_storage_offload/frontend_same_backend_confirmatory_v3/shadow_root/logs/aqualoc_archaeo_vins/external_hybrid_xfeat_every2_fsbccv3_a04_5400_6300_xfeat_v3/features.bag,695f090d920cc749839dd5a53b4a7eced5ffcb3b5fb7baf144c05fcfb73a60b4,/media/ma/Data/AQUA-FE_WS_storage_offload/frontend_same_backend_confirmatory_v3/backend_canonical/a04_5400_6300/vins_same_backend.yaml,ca4d4260afafaebb64da19dd5bf31c230c897a2fa4884842567580b9525317cd,/media/ma/Data/AQUA-FE_WS_storage_offload/frontend_same_backend_confirmatory_v3/backend_canonical/a04_5400_6300/aqualoc_archaeo04_pinhole.yaml,045505013a5dbfb629bad8d3463bbbdacad965ebdcf3c590598121bd884e50a5,4e91d8ac0735163fb6617e18d64ae0de91cc903d036f0e568a29bd3e5f5f4278,373a598c7ce591b4fe97ced9b3ee1de5bbf0322c105a54afcb03a91b810f71e8,/home/ma/AQUA-FE_WS/scripts/run_aqualoc_archaeo_vins_eval.sh,PASS,COMPLETE
aqualoc_archaeology:A04:0006,a04_5400_6300,xfeat_v3,2,/media/ma/Data/AQUA-FE_WS_storage_offload/frontend_same_backend_confirmatory_v3/shadow_root/logs/aqualoc_archaeo_vins/external_hybrid_xfeat_every2_fsbccv3_a04_5400_6300_xfeat_v3/features.bag,695f090d920cc749839dd5a53b4a7eced5ffcb3b5fb7baf144c05fcfb73a60b4,/media/ma/Data/AQUA-FE_WS_storage_offload/frontend_same_backend_confirmatory_v3/backend_canonical/a04_5400_6300/vins_same_backend.yaml,ca4d4260afafaebb64da19dd5bf31c230c897a2fa4884842567580b9525317cd,/media/ma/Data/AQUA-FE_WS_storage_offload/frontend_same_backend_confirmatory_v3/backend_canonical/a04_5400_6300/aqualoc_archaeo04_pinhole.yaml,045505013a5dbfb629bad8d3463bbbdacad965ebdcf3c590598121bd884e50a5,4e91d8ac0735163fb6617e18d64ae0de91cc903d036f0e568a29bd3e5f5f4278,373a598c7ce591b4fe97ced9b3ee1de5bbf0322c105a54afcb03a91b810f71e8,/home/ma/AQUA-FE_WS/scripts/run_aqualoc_archaeo_vins_eval.sh,PASS,COMPLETE
aqualoc_archaeology:A04:0006,a04_5400_6300,xfeat_v3,3,/media/ma/Data/AQUA-FE_WS_storage_offload/frontend_same_backend_confirmatory_v3/shadow_root/logs/aqualoc_archaeo_vins/external_hybrid_xfeat_every2_fsbccv3_a04_5400_6300_xfeat_v3/features.bag,695f090d920cc749839dd5a53b4a7eced5ffcb3b5fb7baf144c05fcfb73a60b4,/media/ma/Data/AQUA-FE_WS_storage_offload/frontend_same_backend_confirmatory_v3/backend_canonical/a04_5400_6300/vins_same_backend.yaml,ca4d4260afafaebb64da19dd5bf31c230c897a2fa4884842567580b9525317cd,/media/ma/Data/AQUA-FE_WS_storage_offload/frontend_same_backend_confirmatory_v3/backend_canonical/a04_5400_6300/aqualoc_archaeo04_pinhole.yaml,045505013a5dbfb629bad8d3463bbbdacad965ebdcf3c590598121bd884e50a5,4e91d8ac0735163fb6617e18d64ae0de91cc903d036f0e568a29bd3e5f5f4278,373a598c7ce591b4fe97ced9b3ee1de5bbf0322c105a54afcb03a91b810f71e8,/home/ma/AQUA-FE_WS/scripts/run_aqualoc_archaeo_vins_eval.sh,PASS,COMPLETE
aqualoc_archaeology:A07:0007,a07_6300_7200,klt,1,/media/ma/Data/AQUA-FE_WS_storage_offload/frontend_same_backend_confirmatory_v3/shadow_root/logs/aqualoc_archaeo_vins/external_klt_every2_fsbccv3_a07_6300_7200_klt/features.bag,d63a8ddd0de4375c7ac4dd5cd83ae076f42fbe3079bf50a747c807ea5b97d633,/media/ma/Data/AQUA-FE_WS_storage_offload/frontend_same_backend_confirmatory_v3/backend_canonical/a07_6300_7200/vins_same_backend.yaml,0e0e2cbae3a3a22b9588e3a3a883b49ff67a1f609bcc5bffa7d2559b1c0a6dd2,/media/ma/Data/AQUA-FE_WS_storage_offload/frontend_same_backend_confirmatory_v3/backend_canonical/a07_6300_7200/aqualoc_archaeo07_pinhole.yaml,045505013a5dbfb629bad8d3463bbbdacad965ebdcf3c590598121bd884e50a5,4e91d8ac0735163fb6617e18d64ae0de91cc903d036f0e568a29bd3e5f5f4278,373a598c7ce591b4fe97ced9b3ee1de5bbf0322c105a54afcb03a91b810f71e8,/home/ma/AQUA-FE_WS/scripts/run_aqualoc_archaeo_vins_eval.sh,PASS,PENDING
aqualoc_archaeology:A07:0007,a07_6300_7200,klt,2,/media/ma/Data/AQUA-FE_WS_storage_offload/frontend_same_backend_confirmatory_v3/shadow_root/logs/aqualoc_archaeo_vins/external_klt_every2_fsbccv3_a07_6300_7200_klt/features.bag,d63a8ddd0de4375c7ac4dd5cd83ae076f42fbe3079bf50a747c807ea5b97d633,/media/ma/Data/AQUA-FE_WS_storage_offload/frontend_same_backend_confirmatory_v3/backend_canonical/a07_6300_7200/vins_same_backend.yaml,0e0e2cbae3a3a22b9588e3a3a883b49ff67a1f609bcc5bffa7d2559b1c0a6dd2,/media/ma/Data/AQUA-FE_WS_storage_offload/frontend_same_backend_confirmatory_v3/backend_canonical/a07_6300_7200/aqualoc_archaeo07_pinhole.yaml,045505013a5dbfb629bad8d3463bbbdacad965ebdcf3c590598121bd884e50a5,4e91d8ac0735163fb6617e18d64ae0de91cc903d036f0e568a29bd3e5f5f4278,373a598c7ce591b4fe97ced9b3ee1de5bbf0322c105a54afcb03a91b810f71e8,/home/ma/AQUA-FE_WS/scripts/run_aqualoc_archaeo_vins_eval.sh,PASS,PENDING
aqualoc_archaeology:A07:0007,a07_6300_7200,klt,3,/media/ma/Data/AQUA-FE_WS_storage_offload/frontend_same_backend_confirmatory_v3/shadow_root/logs/aqualoc_archaeo_vins/external_klt_every2_fsbccv3_a07_6300_7200_klt/features.bag,d63a8ddd0de4375c7ac4dd5cd83ae076f42fbe3079bf50a747c807ea5b97d633,/media/ma/Data/AQUA-FE_WS_storage_offload/frontend_same_backend_confirmatory_v3/backend_canonical/a07_6300_7200/vins_same_backend.yaml,0e0e2cbae3a3a22b9588e3a3a883b49ff67a1f609bcc5bffa7d2559b1c0a6dd2,/media/ma/Data/AQUA-FE_WS_storage_offload/frontend_same_backend_confirmatory_v3/backend_canonical/a07_6300_7200/aqualoc_archaeo07_pinhole.yaml,045505013a5dbfb629bad8d3463bbbdacad965ebdcf3c590598121bd884e50a5,4e91d8ac0735163fb6617e18d64ae0de91cc903d036f0e568a29bd3e5f5f4278,373a598c7ce591b4fe97ced9b3ee1de5bbf0322c105a54afcb03a91b810f71e8,/home/ma/AQUA-FE_WS/scripts/run_aqualoc_archaeo_vins_eval.sh,PASS,PENDING
aqualoc_archaeology:A07:0007,a07_6300_7200,splg,1,/media/ma/Data/AQUA-FE_WS_storage_offload/frontend_same_backend_confirmatory_v3/shadow_root/logs/aqualoc_archaeo_vins/external_hybrid_superpoint_lightglue_every2_fsbccv3_a07_6300_7200_splg/features.bag,261b95cd759f511d3ce34b945e280cff0d909a87b0207427dc1aeeb50cf8fe7d,/media/ma/Data/AQUA-FE_WS_storage_offload/frontend_same_backend_confirmatory_v3/backend_canonical/a07_6300_7200/vins_same_backend.yaml,0e0e2cbae3a3a22b9588e3a3a883b49ff67a1f609bcc5bffa7d2559b1c0a6dd2,/media/ma/Data/AQUA-FE_WS_storage_offload/frontend_same_backend_confirmatory_v3/backend_canonical/a07_6300_7200/aqualoc_archaeo07_pinhole.yaml,045505013a5dbfb629bad8d3463bbbdacad965ebdcf3c590598121bd884e50a5,4e91d8ac0735163fb6617e18d64ae0de91cc903d036f0e568a29bd3e5f5f4278,373a598c7ce591b4fe97ced9b3ee1de5bbf0322c105a54afcb03a91b810f71e8,/home/ma/AQUA-FE_WS/scripts/run_aqualoc_archaeo_vins_eval.sh,PASS,PENDING
aqualoc_archaeology:A07:0007,a07_6300_7200,splg,2,/media/ma/Data/AQUA-FE_WS_storage_offload/frontend_same_backend_confirmatory_v3/shadow_root/logs/aqualoc_archaeo_vins/external_hybrid_superpoint_lightglue_every2_fsbccv3_a07_6300_7200_splg/features.bag,261b95cd759f511d3ce34b945e280cff0d909a87b0207427dc1aeeb50cf8fe7d,/media/ma/Data/AQUA-FE_WS_storage_offload/frontend_same_backend_confirmatory_v3/backend_canonical/a07_6300_7200/vins_same_backend.yaml,0e0e2cbae3a3a22b9588e3a3a883b49ff67a1f609bcc5bffa7d2559b1c0a6dd2,/media/ma/Data/AQUA-FE_WS_storage_offload/frontend_same_backend_confirmatory_v3/backend_canonical/a07_6300_7200/aqualoc_archaeo07_pinhole.yaml,045505013a5dbfb629bad8d3463bbbdacad965ebdcf3c590598121bd884e50a5,4e91d8ac0735163fb6617e18d64ae0de91cc903d036f0e568a29bd3e5f5f4278,373a598c7ce591b4fe97ced9b3ee1de5bbf0322c105a54afcb03a91b810f71e8,/home/ma/AQUA-FE_WS/scripts/run_aqualoc_archaeo_vins_eval.sh,PASS,PENDING
aqualoc_archaeology:A07:0007,a07_6300_7200,splg,3,/media/ma/Data/AQUA-FE_WS_storage_offload/frontend_same_backend_confirmatory_v3/shadow_root/logs/aqualoc_archaeo_vins/external_hybrid_superpoint_lightglue_every2_fsbccv3_a07_6300_7200_splg/features.bag,261b95cd759f511d3ce34b945e280cff0d909a87b0207427dc1aeeb50cf8fe7d,/media/ma/Data/AQUA-FE_WS_storage_offload/frontend_same_backend_confirmatory_v3/backend_canonical/a07_6300_7200/vins_same_backend.yaml,0e0e2cbae3a3a22b9588e3a3a883b49ff67a1f609bcc5bffa7d2559b1c0a6dd2,/media/ma/Data/AQUA-FE_WS_storage_offload/frontend_same_backend_confirmatory_v3/backend_canonical/a07_6300_7200/aqualoc_archaeo07_pinhole.yaml,045505013a5dbfb629bad8d3463bbbdacad965ebdcf3c590598121bd884e50a5,4e91d8ac0735163fb6617e18d64ae0de91cc903d036f0e568a29bd3e5f5f4278,373a598c7ce591b4fe97ced9b3ee1de5bbf0322c105a54afcb03a91b810f71e8,/home/ma/AQUA-FE_WS/scripts/run_aqualoc_archaeo_vins_eval.sh,PASS,COMPLETE
aqualoc_archaeology:A07:0007,a07_6300_7200,xfeat_v3,1,/media/ma/Data/AQUA-FE_WS_storage_offload/frontend_same_backend_confirmatory_v3/shadow_root/logs/aqualoc_archaeo_vins/external_hybrid_xfeat_every2_fsbccv3_a07_6300_7200_xfeat_v3/features.bag,d63a8ddd0de4375c7ac4dd5cd83ae076f42fbe3079bf50a747c807ea5b97d633,/media/ma/Data/AQUA-FE_WS_storage_offload/frontend_same_backend_confirmatory_v3/backend_canonical/a07_6300_7200/vins_same_backend.yaml,0e0e2cbae3a3a22b9588e3a3a883b49ff67a1f609bcc5bffa7d2559b1c0a6dd2,/media/ma/Data/AQUA-FE_WS_storage_offload/frontend_same_backend_confirmatory_v3/backend_canonical/a07_6300_7200/aqualoc_archaeo07_pinhole.yaml,045505013a5dbfb629bad8d3463bbbdacad965ebdcf3c590598121bd884e50a5,4e91d8ac0735163fb6617e18d64ae0de91cc903d036f0e568a29bd3e5f5f4278,373a598c7ce591b4fe97ced9b3ee1de5bbf0322c105a54afcb03a91b810f71e8,/home/ma/AQUA-FE_WS/scripts/run_aqualoc_archaeo_vins_eval.sh,PASS,PENDING
aqualoc_archaeology:A07:0007,a07_6300_7200,xfeat_v3,2,/media/ma/Data/AQUA-FE_WS_storage_offload/frontend_same_backend_confirmatory_v3/shadow_root/logs/aqualoc_archaeo_vins/external_hybrid_xfeat_every2_fsbccv3_a07_6300_7200_xfeat_v3/features.bag,d63a8ddd0de4375c7ac4dd5cd83ae076f42fbe3079bf50a747c807ea5b97d633,/media/ma/Data/AQUA-FE_WS_storage_offload/frontend_same_backend_confirmatory_v3/backend_canonical/a07_6300_7200/vins_same_backend.yaml,0e0e2cbae3a3a22b9588e3a3a883b49ff67a1f609bcc5bffa7d2559b1c0a6dd2,/media/ma/Data/AQUA-FE_WS_storage_offload/frontend_same_backend_confirmatory_v3/backend_canonical/a07_6300_7200/aqualoc_archaeo07_pinhole.yaml,045505013a5dbfb629bad8d3463bbbdacad965ebdcf3c590598121bd884e50a5,4e91d8ac0735163fb6617e18d64ae0de91cc903d036f0e568a29bd3e5f5f4278,373a598c7ce591b4fe97ced9b3ee1de5bbf0322c105a54afcb03a91b810f71e8,/home/ma/AQUA-FE_WS/scripts/run_aqualoc_archaeo_vins_eval.sh,PASS,PENDING
aqualoc_archaeology:A07:0007,a07_6300_7200,xfeat_v3,3,/media/ma/Data/AQUA-FE_WS_storage_offload/frontend_same_backend_confirmatory_v3/shadow_root/logs/aqualoc_archaeo_vins/external_hybrid_xfeat_every2_fsbccv3_a07_6300_7200_xfeat_v3/features.bag,d63a8ddd0de4375c7ac4dd5cd83ae076f42fbe3079bf50a747c807ea5b97d633,/media/ma/Data/AQUA-FE_WS_storage_offload/frontend_same_backend_confirmatory_v3/backend_canonical/a07_6300_7200/vins_same_backend.yaml,0e0e2cbae3a3a22b9588e3a3a883b49ff67a1f609bcc5bffa7d2559b1c0a6dd2,/media/ma/Data/AQUA-FE_WS_storage_offload/frontend_same_backend_confirmatory_v3/backend_canonical/a07_6300_7200/aqualoc_archaeo07_pinhole.yaml,045505013a5dbfb629bad8d3463bbbdacad965ebdcf3c590598121bd884e50a5,4e91d8ac0735163fb6617e18d64ae0de91cc903d036f0e568a29bd3e5f5f4278,373a598c7ce591b4fe97ced9b3ee1de5bbf0322c105a54afcb03a91b810f71e8,/home/ma/AQUA-FE_WS/scripts/run_aqualoc_archaeo_vins_eval.sh,PASS,COMPLETE
aqualoc_archaeology:A08:0003,a08_2700_3600,klt,1,/media/ma/Data/AQUA-FE_WS_storage_offload/frontend_same_backend_confirmatory_v3/shadow_root/logs/aqualoc_archaeo_vins/external_klt_every2_fsbccv3_a08_2700_3600_klt/features.bag,17305db38262a2ed4c7fa05b6269c9ea50592de07387517dfec798cf086ceae9,/media/ma/Data/AQUA-FE_WS_storage_offload/frontend_same_backend_confirmatory_v3/backend_canonical/a08_2700_3600/vins_same_backend.yaml,78cf7142d7747be86dcc96e1f3e495055c785c53fa4158d0e831bf47bbfcea22,/media/ma/Data/AQUA-FE_WS_storage_offload/frontend_same_backend_confirmatory_v3/backend_canonical/a08_2700_3600/aqualoc_archaeo08_pinhole.yaml,045505013a5dbfb629bad8d3463bbbdacad965ebdcf3c590598121bd884e50a5,4e91d8ac0735163fb6617e18d64ae0de91cc903d036f0e568a29bd3e5f5f4278,373a598c7ce591b4fe97ced9b3ee1de5bbf0322c105a54afcb03a91b810f71e8,/home/ma/AQUA-FE_WS/scripts/run_aqualoc_archaeo_vins_eval.sh,PASS,COMPLETE
aqualoc_archaeology:A08:0003,a08_2700_3600,klt,2,/media/ma/Data/AQUA-FE_WS_storage_offload/frontend_same_backend_confirmatory_v3/shadow_root/logs/aqualoc_archaeo_vins/external_klt_every2_fsbccv3_a08_2700_3600_klt/features.bag,17305db38262a2ed4c7fa05b6269c9ea50592de07387517dfec798cf086ceae9,/media/ma/Data/AQUA-FE_WS_storage_offload/frontend_same_backend_confirmatory_v3/backend_canonical/a08_2700_3600/vins_same_backend.yaml,78cf7142d7747be86dcc96e1f3e495055c785c53fa4158d0e831bf47bbfcea22,/media/ma/Data/AQUA-FE_WS_storage_offload/frontend_same_backend_confirmatory_v3/backend_canonical/a08_2700_3600/aqualoc_archaeo08_pinhole.yaml,045505013a5dbfb629bad8d3463bbbdacad965ebdcf3c590598121bd884e50a5,4e91d8ac0735163fb6617e18d64ae0de91cc903d036f0e568a29bd3e5f5f4278,373a598c7ce591b4fe97ced9b3ee1de5bbf0322c105a54afcb03a91b810f71e8,/home/ma/AQUA-FE_WS/scripts/run_aqualoc_archaeo_vins_eval.sh,PASS,COMPLETE
aqualoc_archaeology:A08:0003,a08_2700_3600,klt,3,/media/ma/Data/AQUA-FE_WS_storage_offload/frontend_same_backend_confirmatory_v3/shadow_root/logs/aqualoc_archaeo_vins/external_klt_every2_fsbccv3_a08_2700_3600_klt/features.bag,17305db38262a2ed4c7fa05b6269c9ea50592de07387517dfec798cf086ceae9,/media/ma/Data/AQUA-FE_WS_storage_offload/frontend_same_backend_confirmatory_v3/backend_canonical/a08_2700_3600/vins_same_backend.yaml,78cf7142d7747be86dcc96e1f3e495055c785c53fa4158d0e831bf47bbfcea22,/media/ma/Data/AQUA-FE_WS_storage_offload/frontend_same_backend_confirmatory_v3/backend_canonical/a08_2700_3600/aqualoc_archaeo08_pinhole.yaml,045505013a5dbfb629bad8d3463bbbdacad965ebdcf3c590598121bd884e50a5,4e91d8ac0735163fb6617e18d64ae0de91cc903d036f0e568a29bd3e5f5f4278,373a598c7ce591b4fe97ced9b3ee1de5bbf0322c105a54afcb03a91b810f71e8,/home/ma/AQUA-FE_WS/scripts/run_aqualoc_archaeo_vins_eval.sh,PASS,COMPLETE
aqualoc_archaeology:A08:0003,a08_2700_3600,splg,1,/media/ma/Data/AQUA-FE_WS_storage_offload/frontend_same_backend_confirmatory_v3/shadow_root/logs/aqualoc_archaeo_vins/external_hybrid_superpoint_lightglue_every2_fsbccv3_a08_2700_3600_splg/features.bag,536c5ceadfcd0f6b2439b973320fd6d14132e8328411b20ff0209aee840263b0,/media/ma/Data/AQUA-FE_WS_storage_offload/frontend_same_backend_confirmatory_v3/backend_canonical/a08_2700_3600/vins_same_backend.yaml,78cf7142d7747be86dcc96e1f3e495055c785c53fa4158d0e831bf47bbfcea22,/media/ma/Data/AQUA-FE_WS_storage_offload/frontend_same_backend_confirmatory_v3/backend_canonical/a08_2700_3600/aqualoc_archaeo08_pinhole.yaml,045505013a5dbfb629bad8d3463bbbdacad965ebdcf3c590598121bd884e50a5,4e91d8ac0735163fb6617e18d64ae0de91cc903d036f0e568a29bd3e5f5f4278,373a598c7ce591b4fe97ced9b3ee1de5bbf0322c105a54afcb03a91b810f71e8,/home/ma/AQUA-FE_WS/scripts/run_aqualoc_archaeo_vins_eval.sh,PASS,COMPLETE
aqualoc_archaeology:A08:0003,a08_2700_3600,splg,2,/media/ma/Data/AQUA-FE_WS_storage_offload/frontend_same_backend_confirmatory_v3/shadow_root/logs/aqualoc_archaeo_vins/external_hybrid_superpoint_lightglue_every2_fsbccv3_a08_2700_3600_splg/features.bag,536c5ceadfcd0f6b2439b973320fd6d14132e8328411b20ff0209aee840263b0,/media/ma/Data/AQUA-FE_WS_storage_offload/frontend_same_backend_confirmatory_v3/backend_canonical/a08_2700_3600/vins_same_backend.yaml,78cf7142d7747be86dcc96e1f3e495055c785c53fa4158d0e831bf47bbfcea22,/media/ma/Data/AQUA-FE_WS_storage_offload/frontend_same_backend_confirmatory_v3/backend_canonical/a08_2700_3600/aqualoc_archaeo08_pinhole.yaml,045505013a5dbfb629bad8d3463bbbdacad965ebdcf3c590598121bd884e50a5,4e91d8ac0735163fb6617e18d64ae0de91cc903d036f0e568a29bd3e5f5f4278,373a598c7ce591b4fe97ced9b3ee1de5bbf0322c105a54afcb03a91b810f71e8,/home/ma/AQUA-FE_WS/scripts/run_aqualoc_archaeo_vins_eval.sh,PASS,COMPLETE
aqualoc_archaeology:A08:0003,a08_2700_3600,splg,3,/media/ma/Data/AQUA-FE_WS_storage_offload/frontend_same_backend_confirmatory_v3/shadow_root/logs/aqualoc_archaeo_vins/external_hybrid_superpoint_lightglue_every2_fsbccv3_a08_2700_3600_splg/features.bag,536c5ceadfcd0f6b2439b973320fd6d14132e8328411b20ff0209aee840263b0,/media/ma/Data/AQUA-FE_WS_storage_offload/frontend_same_backend_confirmatory_v3/backend_canonical/a08_2700_3600/vins_same_backend.yaml,78cf7142d7747be86dcc96e1f3e495055c785c53fa4158d0e831bf47bbfcea22,/media/ma/Data/AQUA-FE_WS_storage_offload/frontend_same_backend_confirmatory_v3/backend_canonical/a08_2700_3600/aqualoc_archaeo08_pinhole.yaml,045505013a5dbfb629bad8d3463bbbdacad965ebdcf3c590598121bd884e50a5,4e91d8ac0735163fb6617e18d64ae0de91cc903d036f0e568a29bd3e5f5f4278,373a598c7ce591b4fe97ced9b3ee1de5bbf0322c105a54afcb03a91b810f71e8,/home/ma/AQUA-FE_WS/scripts/run_aqualoc_archaeo_vins_eval.sh,PASS,COMPLETE
aqualoc_archaeology:A08:0003,a08_2700_3600,xfeat_v3,1,/media/ma/Data/AQUA-FE_WS_storage_offload/frontend_same_backend_confirmatory_v3/shadow_root/logs/aqualoc_archaeo_vins/external_hybrid_xfeat_every2_fsbccv3_a08_2700_3600_xfeat_v3/features.bag,17305db38262a2ed4c7fa05b6269c9ea50592de07387517dfec798cf086ceae9,/media/ma/Data/AQUA-FE_WS_storage_offload/frontend_same_backend_confirmatory_v3/backend_canonical/a08_2700_3600/vins_same_backend.yaml,78cf7142d7747be86dcc96e1f3e495055c785c53fa4158d0e831bf47bbfcea22,/media/ma/Data/AQUA-FE_WS_storage_offload/frontend_same_backend_confirmatory_v3/backend_canonical/a08_2700_3600/aqualoc_archaeo08_pinhole.yaml,045505013a5dbfb629bad8d3463bbbdacad965ebdcf3c590598121bd884e50a5,4e91d8ac0735163fb6617e18d64ae0de91cc903d036f0e568a29bd3e5f5f4278,373a598c7ce591b4fe97ced9b3ee1de5bbf0322c105a54afcb03a91b810f71e8,/home/ma/AQUA-FE_WS/scripts/run_aqualoc_archaeo_vins_eval.sh,PASS,COMPLETE
aqualoc_archaeology:A08:0003,a08_2700_3600,xfeat_v3,2,/media/ma/Data/AQUA-FE_WS_storage_offload/frontend_same_backend_confirmatory_v3/shadow_root/logs/aqualoc_archaeo_vins/external_hybrid_xfeat_every2_fsbccv3_a08_2700_3600_xfeat_v3/features.bag,17305db38262a2ed4c7fa05b6269c9ea50592de07387517dfec798cf086ceae9,/media/ma/Data/AQUA-FE_WS_storage_offload/frontend_same_backend_confirmatory_v3/backend_canonical/a08_2700_3600/vins_same_backend.yaml,78cf7142d7747be86dcc96e1f3e495055c785c53fa4158d0e831bf47bbfcea22,/media/ma/Data/AQUA-FE_WS_storage_offload/frontend_same_backend_confirmatory_v3/backend_canonical/a08_2700_3600/aqualoc_archaeo08_pinhole.yaml,045505013a5dbfb629bad8d3463bbbdacad965ebdcf3c590598121bd884e50a5,4e91d8ac0735163fb6617e18d64ae0de91cc903d036f0e568a29bd3e5f5f4278,373a598c7ce591b4fe97ced9b3ee1de5bbf0322c105a54afcb03a91b810f71e8,/home/ma/AQUA-FE_WS/scripts/run_aqualoc_archaeo_vins_eval.sh,PASS,COMPLETE
aqualoc_archaeology:A08:0003,a08_2700_3600,xfeat_v3,3,/media/ma/Data/AQUA-FE_WS_storage_offload/frontend_same_backend_confirmatory_v3/shadow_root/logs/aqualoc_archaeo_vins/external_hybrid_xfeat_every2_fsbccv3_a08_2700_3600_xfeat_v3/features.bag,17305db38262a2ed4c7fa05b6269c9ea50592de07387517dfec798cf086ceae9,/media/ma/Data/AQUA-FE_WS_storage_offload/frontend_same_backend_confirmatory_v3/backend_canonical/a08_2700_3600/vins_same_backend.yaml,78cf7142d7747be86dcc96e1f3e495055c785c53fa4158d0e831bf47bbfcea22,/media/ma/Data/AQUA-FE_WS_storage_offload/frontend_same_backend_confirmatory_v3/backend_canonical/a08_2700_3600/aqualoc_archaeo08_pinhole.yaml,045505013a5dbfb629bad8d3463bbbdacad965ebdcf3c590598121bd884e50a5,4e91d8ac0735163fb6617e18d64ae0de91cc903d036f0e568a29bd3e5f5f4278,373a598c7ce591b4fe97ced9b3ee1de5bbf0322c105a54afcb03a91b810f71e8,/home/ma/AQUA-FE_WS/scripts/run_aqualoc_archaeo_vins_eval.sh,PASS,COMPLETE
aqualoc_archaeology:A10:0012,a10_10800_11700,klt,1,/media/ma/Data/AQUA-FE_WS_storage_offload/frontend_same_backend_confirmatory_v3/shadow_root/logs/aqualoc_archaeo_vins/external_klt_every2_fsbccv3_a10_10800_11700_klt/features.bag,cc6848755ccea87208e10ec9c13f22bad9e6848040f0343b61cf6c7e65e13b43,/media/ma/Data/AQUA-FE_WS_storage_offload/frontend_same_backend_confirmatory_v3/backend_canonical/a10_10800_11700/vins_same_backend.yaml,0068845584e4c58c4f4fe673f5c201f41688a7a9a4c962ee5c9dc14fc40a0fcd,/media/ma/Data/AQUA-FE_WS_storage_offload/frontend_same_backend_confirmatory_v3/backend_canonical/a10_10800_11700/aqualoc_archaeo10_pinhole.yaml,045505013a5dbfb629bad8d3463bbbdacad965ebdcf3c590598121bd884e50a5,4e91d8ac0735163fb6617e18d64ae0de91cc903d036f0e568a29bd3e5f5f4278,373a598c7ce591b4fe97ced9b3ee1de5bbf0322c105a54afcb03a91b810f71e8,/home/ma/AQUA-FE_WS/scripts/run_aqualoc_archaeo_vins_eval.sh,PASS,COMPLETE
aqualoc_archaeology:A10:0012,a10_10800_11700,klt,2,/media/ma/Data/AQUA-FE_WS_storage_offload/frontend_same_backend_confirmatory_v3/shadow_root/logs/aqualoc_archaeo_vins/external_klt_every2_fsbccv3_a10_10800_11700_klt/features.bag,cc6848755ccea87208e10ec9c13f22bad9e6848040f0343b61cf6c7e65e13b43,/media/ma/Data/AQUA-FE_WS_storage_offload/frontend_same_backend_confirmatory_v3/backend_canonical/a10_10800_11700/vins_same_backend.yaml,0068845584e4c58c4f4fe673f5c201f41688a7a9a4c962ee5c9dc14fc40a0fcd,/media/ma/Data/AQUA-FE_WS_storage_offload/frontend_same_backend_confirmatory_v3/backend_canonical/a10_10800_11700/aqualoc_archaeo10_pinhole.yaml,045505013a5dbfb629bad8d3463bbbdacad965ebdcf3c590598121bd884e50a5,4e91d8ac0735163fb6617e18d64ae0de91cc903d036f0e568a29bd3e5f5f4278,373a598c7ce591b4fe97ced9b3ee1de5bbf0322c105a54afcb03a91b810f71e8,/home/ma/AQUA-FE_WS/scripts/run_aqualoc_archaeo_vins_eval.sh,PASS,COMPLETE
aqualoc_archaeology:A10:0012,a10_10800_11700,klt,3,/media/ma/Data/AQUA-FE_WS_storage_offload/frontend_same_backend_confirmatory_v3/shadow_root/logs/aqualoc_archaeo_vins/external_klt_every2_fsbccv3_a10_10800_11700_klt/features.bag,cc6848755ccea87208e10ec9c13f22bad9e6848040f0343b61cf6c7e65e13b43,/media/ma/Data/AQUA-FE_WS_storage_offload/frontend_same_backend_confirmatory_v3/backend_canonical/a10_10800_11700/vins_same_backend.yaml,0068845584e4c58c4f4fe673f5c201f41688a7a9a4c962ee5c9dc14fc40a0fcd,/media/ma/Data/AQUA-FE_WS_storage_offload/frontend_same_backend_confirmatory_v3/backend_canonical/a10_10800_11700/aqualoc_archaeo10_pinhole.yaml,045505013a5dbfb629bad8d3463bbbdacad965ebdcf3c590598121bd884e50a5,4e91d8ac0735163fb6617e18d64ae0de91cc903d036f0e568a29bd3e5f5f4278,373a598c7ce591b4fe97ced9b3ee1de5bbf0322c105a54afcb03a91b810f71e8,/home/ma/AQUA-FE_WS/scripts/run_aqualoc_archaeo_vins_eval.sh,PASS,COMPLETE
aqualoc_archaeology:A10:0012,a10_10800_11700,splg,1,/media/ma/Data/AQUA-FE_WS_storage_offload/frontend_same_backend_confirmatory_v3/shadow_root/logs/aqualoc_archaeo_vins/external_hybrid_superpoint_lightglue_every2_fsbccv3_a10_10800_11700_splg/features.bag,857ff270a1a81ae963cc3cb6ccc6232e7dd6b20f5de3fedd95e2bbb387118866,/media/ma/Data/AQUA-FE_WS_storage_offload/frontend_same_backend_confirmatory_v3/backend_canonical/a10_10800_11700/vins_same_backend.yaml,0068845584e4c58c4f4fe673f5c201f41688a7a9a4c962ee5c9dc14fc40a0fcd,/media/ma/Data/AQUA-FE_WS_storage_offload/frontend_same_backend_confirmatory_v3/backend_canonical/a10_10800_11700/aqualoc_archaeo10_pinhole.yaml,045505013a5dbfb629bad8d3463bbbdacad965ebdcf3c590598121bd884e50a5,4e91d8ac0735163fb6617e18d64ae0de91cc903d036f0e568a29bd3e5f5f4278,373a598c7ce591b4fe97ced9b3ee1de5bbf0322c105a54afcb03a91b810f71e8,/home/ma/AQUA-FE_WS/scripts/run_aqualoc_archaeo_vins_eval.sh,PASS,COMPLETE
aqualoc_archaeology:A10:0012,a10_10800_11700,splg,2,/media/ma/Data/AQUA-FE_WS_storage_offload/frontend_same_backend_confirmatory_v3/shadow_root/logs/aqualoc_archaeo_vins/external_hybrid_superpoint_lightglue_every2_fsbccv3_a10_10800_11700_splg/features.bag,857ff270a1a81ae963cc3cb6ccc6232e7dd6b20f5de3fedd95e2bbb387118866,/media/ma/Data/AQUA-FE_WS_storage_offload/frontend_same_backend_confirmatory_v3/backend_canonical/a10_10800_11700/vins_same_backend.yaml,0068845584e4c58c4f4fe673f5c201f41688a7a9a4c962ee5c9dc14fc40a0fcd,/media/ma/Data/AQUA-FE_WS_storage_offload/frontend_same_backend_confirmatory_v3/backend_canonical/a10_10800_11700/aqualoc_archaeo10_pinhole.yaml,045505013a5dbfb629bad8d3463bbbdacad965ebdcf3c590598121bd884e50a5,4e91d8ac0735163fb6617e18d64ae0de91cc903d036f0e568a29bd3e5f5f4278,373a598c7ce591b4fe97ced9b3ee1de5bbf0322c105a54afcb03a91b810f71e8,/home/ma/AQUA-FE_WS/scripts/run_aqualoc_archaeo_vins_eval.sh,PASS,COMPLETE
aqualoc_archaeology:A10:0012,a10_10800_11700,splg,3,/media/ma/Data/AQUA-FE_WS_storage_offload/frontend_same_backend_confirmatory_v3/shadow_root/logs/aqualoc_archaeo_vins/external_hybrid_superpoint_lightglue_every2_fsbccv3_a10_10800_11700_splg/features.bag,857ff270a1a81ae963cc3cb6ccc6232e7dd6b20f5de3fedd95e2bbb387118866,/media/ma/Data/AQUA-FE_WS_storage_offload/frontend_same_backend_confirmatory_v3/backend_canonical/a10_10800_11700/vins_same_backend.yaml,0068845584e4c58c4f4fe673f5c201f41688a7a9a4c962ee5c9dc14fc40a0fcd,/media/ma/Data/AQUA-FE_WS_storage_offload/frontend_same_backend_confirmatory_v3/backend_canonical/a10_10800_11700/aqualoc_archaeo10_pinhole.yaml,045505013a5dbfb629bad8d3463bbbdacad965ebdcf3c590598121bd884e50a5,4e91d8ac0735163fb6617e18d64ae0de91cc903d036f0e568a29bd3e5f5f4278,373a598c7ce591b4fe97ced9b3ee1de5bbf0322c105a54afcb03a91b810f71e8,/home/ma/AQUA-FE_WS/scripts/run_aqualoc_archaeo_vins_eval.sh,PASS,COMPLETE
aqualoc_archaeology:A10:0012,a10_10800_11700,xfeat_v3,1,/media/ma/Data/AQUA-FE_WS_storage_offload/frontend_same_backend_confirmatory_v3/shadow_root/logs/aqualoc_archaeo_vins/external_hybrid_xfeat_every2_fsbccv3_a10_10800_11700_xfeat_v3/features.bag,cc6848755ccea87208e10ec9c13f22bad9e6848040f0343b61cf6c7e65e13b43,/media/ma/Data/AQUA-FE_WS_storage_offload/frontend_same_backend_confirmatory_v3/backend_canonical/a10_10800_11700/vins_same_backend.yaml,0068845584e4c58c4f4fe673f5c201f41688a7a9a4c962ee5c9dc14fc40a0fcd,/media/ma/Data/AQUA-FE_WS_storage_offload/frontend_same_backend_confirmatory_v3/backend_canonical/a10_10800_11700/aqualoc_archaeo10_pinhole.yaml,045505013a5dbfb629bad8d3463bbbdacad965ebdcf3c590598121bd884e50a5,4e91d8ac0735163fb6617e18d64ae0de91cc903d036f0e568a29bd3e5f5f4278,373a598c7ce591b4fe97ced9b3ee1de5bbf0322c105a54afcb03a91b810f71e8,/home/ma/AQUA-FE_WS/scripts/run_aqualoc_archaeo_vins_eval.sh,PASS,COMPLETE
aqualoc_archaeology:A10:0012,a10_10800_11700,xfeat_v3,2,/media/ma/Data/AQUA-FE_WS_storage_offload/frontend_same_backend_confirmatory_v3/shadow_root/logs/aqualoc_archaeo_vins/external_hybrid_xfeat_every2_fsbccv3_a10_10800_11700_xfeat_v3/features.bag,cc6848755ccea87208e10ec9c13f22bad9e6848040f0343b61cf6c7e65e13b43,/media/ma/Data/AQUA-FE_WS_storage_offload/frontend_same_backend_confirmatory_v3/backend_canonical/a10_10800_11700/vins_same_backend.yaml,0068845584e4c58c4f4fe673f5c201f41688a7a9a4c962ee5c9dc14fc40a0fcd,/media/ma/Data/AQUA-FE_WS_storage_offload/frontend_same_backend_confirmatory_v3/backend_canonical/a10_10800_11700/aqualoc_archaeo10_pinhole.yaml,045505013a5dbfb629bad8d3463bbbdacad965ebdcf3c590598121bd884e50a5,4e91d8ac0735163fb6617e18d64ae0de91cc903d036f0e568a29bd3e5f5f4278,373a598c7ce591b4fe97ced9b3ee1de5bbf0322c105a54afcb03a91b810f71e8,/home/ma/AQUA-FE_WS/scripts/run_aqualoc_archaeo_vins_eval.sh,PASS,COMPLETE
aqualoc_archaeology:A10:0012,a10_10800_11700,xfeat_v3,3,/media/ma/Data/AQUA-FE_WS_storage_offload/frontend_same_backend_confirmatory_v3/shadow_root/logs/aqualoc_archaeo_vins/external_hybrid_xfeat_every2_fsbccv3_a10_10800_11700_xfeat_v3/features.bag,cc6848755ccea87208e10ec9c13f22bad9e6848040f0343b61cf6c7e65e13b43,/media/ma/Data/AQUA-FE_WS_storage_offload/frontend_same_backend_confirmatory_v3/backend_canonical/a10_10800_11700/vins_same_backend.yaml,0068845584e4c58c4f4fe673f5c201f41688a7a9a4c962ee5c9dc14fc40a0fcd,/media/ma/Data/AQUA-FE_WS_storage_offload/frontend_same_backend_confirmatory_v3/backend_canonical/a10_10800_11700/aqualoc_archaeo10_pinhole.yaml,045505013a5dbfb629bad8d3463bbbdacad965ebdcf3c590598121bd884e50a5,4e91d8ac0735163fb6617e18d64ae0de91cc903d036f0e568a29bd3e5f5f4278,373a598c7ce591b4fe97ced9b3ee1de5bbf0322c105a54afcb03a91b810f71e8,/home/ma/AQUA-FE_WS/scripts/run_aqualoc_archaeo_vins_eval.sh,PASS,COMPLETE
aqualoc_harbor:H06:0001,h06_900_1800,klt,1,/media/ma/Data/AQUA-FE_WS_storage_offload/frontend_same_backend_confirmatory_v3/shadow_root/logs/aqualoc_real_vins/external_klt_every2_fsbccv3_h06_900_1800_klt/features.bag,0d1ea08820024a1a6dfc045db053645596bf17f6507b922e91b1c04ff182a9f0,/media/ma/Data/AQUA-FE_WS_storage_offload/frontend_same_backend_confirmatory_v3/backend_canonical/h06_900_1800/vins_same_backend.yaml,5fa9108edc54df3385ae00ab489077288f1a63ee86f3352ae203fa0931779949,/media/ma/Data/AQUA-FE_WS_storage_offload/frontend_same_backend_confirmatory_v3/backend_canonical/h06_900_1800/aqualoc_harbor07_kannala.yaml,40b62d139ef4246589b5cbafaa04619c0ebb9da0218a332e62706cfeda3d0242,4e91d8ac0735163fb6617e18d64ae0de91cc903d036f0e568a29bd3e5f5f4278,373a598c7ce591b4fe97ced9b3ee1de5bbf0322c105a54afcb03a91b810f71e8,/home/ma/AQUA-FE_WS/scripts/run_aqualoc_real_vins_eval.sh,PASS,COMPLETE
aqualoc_harbor:H06:0001,h06_900_1800,klt,2,/media/ma/Data/AQUA-FE_WS_storage_offload/frontend_same_backend_confirmatory_v3/shadow_root/logs/aqualoc_real_vins/external_klt_every2_fsbccv3_h06_900_1800_klt/features.bag,0d1ea08820024a1a6dfc045db053645596bf17f6507b922e91b1c04ff182a9f0,/media/ma/Data/AQUA-FE_WS_storage_offload/frontend_same_backend_confirmatory_v3/backend_canonical/h06_900_1800/vins_same_backend.yaml,5fa9108edc54df3385ae00ab489077288f1a63ee86f3352ae203fa0931779949,/media/ma/Data/AQUA-FE_WS_storage_offload/frontend_same_backend_confirmatory_v3/backend_canonical/h06_900_1800/aqualoc_harbor07_kannala.yaml,40b62d139ef4246589b5cbafaa04619c0ebb9da0218a332e62706cfeda3d0242,4e91d8ac0735163fb6617e18d64ae0de91cc903d036f0e568a29bd3e5f5f4278,373a598c7ce591b4fe97ced9b3ee1de5bbf0322c105a54afcb03a91b810f71e8,/home/ma/AQUA-FE_WS/scripts/run_aqualoc_real_vins_eval.sh,PASS,COMPLETE
aqualoc_harbor:H06:0001,h06_900_1800,klt,3,/media/ma/Data/AQUA-FE_WS_storage_offload/frontend_same_backend_confirmatory_v3/shadow_root/logs/aqualoc_real_vins/external_klt_every2_fsbccv3_h06_900_1800_klt/features.bag,0d1ea08820024a1a6dfc045db053645596bf17f6507b922e91b1c04ff182a9f0,/media/ma/Data/AQUA-FE_WS_storage_offload/frontend_same_backend_confirmatory_v3/backend_canonical/h06_900_1800/vins_same_backend.yaml,5fa9108edc54df3385ae00ab489077288f1a63ee86f3352ae203fa0931779949,/media/ma/Data/AQUA-FE_WS_storage_offload/frontend_same_backend_confirmatory_v3/backend_canonical/h06_900_1800/aqualoc_harbor07_kannala.yaml,40b62d139ef4246589b5cbafaa04619c0ebb9da0218a332e62706cfeda3d0242,4e91d8ac0735163fb6617e18d64ae0de91cc903d036f0e568a29bd3e5f5f4278,373a598c7ce591b4fe97ced9b3ee1de5bbf0322c105a54afcb03a91b810f71e8,/home/ma/AQUA-FE_WS/scripts/run_aqualoc_real_vins_eval.sh,PASS,COMPLETE
aqualoc_harbor:H06:0001,h06_900_1800,splg,1,/media/ma/Data/AQUA-FE_WS_storage_offload/frontend_same_backend_confirmatory_v3/shadow_root/logs/aqualoc_real_vins/external_hybrid_superpoint_lightglue_every2_fsbccv3_h06_900_1800_splg/features.bag,912878a08e7a1e9877f549529e194e60d687d4e74e57aa313958537d328f0461,/media/ma/Data/AQUA-FE_WS_storage_offload/frontend_same_backend_confirmatory_v3/backend_canonical/h06_900_1800/vins_same_backend.yaml,5fa9108edc54df3385ae00ab489077288f1a63ee86f3352ae203fa0931779949,/media/ma/Data/AQUA-FE_WS_storage_offload/frontend_same_backend_confirmatory_v3/backend_canonical/h06_900_1800/aqualoc_harbor07_kannala.yaml,40b62d139ef4246589b5cbafaa04619c0ebb9da0218a332e62706cfeda3d0242,4e91d8ac0735163fb6617e18d64ae0de91cc903d036f0e568a29bd3e5f5f4278,373a598c7ce591b4fe97ced9b3ee1de5bbf0322c105a54afcb03a91b810f71e8,/home/ma/AQUA-FE_WS/scripts/run_aqualoc_real_vins_eval.sh,PASS,COMPLETE
aqualoc_harbor:H06:0001,h06_900_1800,splg,2,/media/ma/Data/AQUA-FE_WS_storage_offload/frontend_same_backend_confirmatory_v3/shadow_root/logs/aqualoc_real_vins/external_hybrid_superpoint_lightglue_every2_fsbccv3_h06_900_1800_splg/features.bag,912878a08e7a1e9877f549529e194e60d687d4e74e57aa313958537d328f0461,/media/ma/Data/AQUA-FE_WS_storage_offload/frontend_same_backend_confirmatory_v3/backend_canonical/h06_900_1800/vins_same_backend.yaml,5fa9108edc54df3385ae00ab489077288f1a63ee86f3352ae203fa0931779949,/media/ma/Data/AQUA-FE_WS_storage_offload/frontend_same_backend_confirmatory_v3/backend_canonical/h06_900_1800/aqualoc_harbor07_kannala.yaml,40b62d139ef4246589b5cbafaa04619c0ebb9da0218a332e62706cfeda3d0242,4e91d8ac0735163fb6617e18d64ae0de91cc903d036f0e568a29bd3e5f5f4278,373a598c7ce591b4fe97ced9b3ee1de5bbf0322c105a54afcb03a91b810f71e8,/home/ma/AQUA-FE_WS/scripts/run_aqualoc_real_vins_eval.sh,PASS,COMPLETE
aqualoc_harbor:H06:0001,h06_900_1800,splg,3,/media/ma/Data/AQUA-FE_WS_storage_offload/frontend_same_backend_confirmatory_v3/shadow_root/logs/aqualoc_real_vins/external_hybrid_superpoint_lightglue_every2_fsbccv3_h06_900_1800_splg/features.bag,912878a08e7a1e9877f549529e194e60d687d4e74e57aa313958537d328f0461,/media/ma/Data/AQUA-FE_WS_storage_offload/frontend_same_backend_confirmatory_v3/backend_canonical/h06_900_1800/vins_same_backend.yaml,5fa9108edc54df3385ae00ab489077288f1a63ee86f3352ae203fa0931779949,/media/ma/Data/AQUA-FE_WS_storage_offload/frontend_same_backend_confirmatory_v3/backend_canonical/h06_900_1800/aqualoc_harbor07_kannala.yaml,40b62d139ef4246589b5cbafaa04619c0ebb9da0218a332e62706cfeda3d0242,4e91d8ac0735163fb6617e18d64ae0de91cc903d036f0e568a29bd3e5f5f4278,373a598c7ce591b4fe97ced9b3ee1de5bbf0322c105a54afcb03a91b810f71e8,/home/ma/AQUA-FE_WS/scripts/run_aqualoc_real_vins_eval.sh,PASS,COMPLETE
aqualoc_harbor:H06:0001,h06_900_1800,xfeat_v3,1,/media/ma/Data/AQUA-FE_WS_storage_offload/frontend_same_backend_confirmatory_v3/shadow_root/logs/aqualoc_real_vins/external_hybrid_xfeat_every2_fsbccv3_h06_900_1800_xfeat_v3/features.bag,0d1ea08820024a1a6dfc045db053645596bf17f6507b922e91b1c04ff182a9f0,/media/ma/Data/AQUA-FE_WS_storage_offload/frontend_same_backend_confirmatory_v3/backend_canonical/h06_900_1800/vins_same_backend.yaml,5fa9108edc54df3385ae00ab489077288f1a63ee86f3352ae203fa0931779949,/media/ma/Data/AQUA-FE_WS_storage_offload/frontend_same_backend_confirmatory_v3/backend_canonical/h06_900_1800/aqualoc_harbor07_kannala.yaml,40b62d139ef4246589b5cbafaa04619c0ebb9da0218a332e62706cfeda3d0242,4e91d8ac0735163fb6617e18d64ae0de91cc903d036f0e568a29bd3e5f5f4278,373a598c7ce591b4fe97ced9b3ee1de5bbf0322c105a54afcb03a91b810f71e8,/home/ma/AQUA-FE_WS/scripts/run_aqualoc_real_vins_eval.sh,PASS,COMPLETE
aqualoc_harbor:H06:0001,h06_900_1800,xfeat_v3,2,/media/ma/Data/AQUA-FE_WS_storage_offload/frontend_same_backend_confirmatory_v3/shadow_root/logs/aqualoc_real_vins/external_hybrid_xfeat_every2_fsbccv3_h06_900_1800_xfeat_v3/features.bag,0d1ea08820024a1a6dfc045db053645596bf17f6507b922e91b1c04ff182a9f0,/media/ma/Data/AQUA-FE_WS_storage_offload/frontend_same_backend_confirmatory_v3/backend_canonical/h06_900_1800/vins_same_backend.yaml,5fa9108edc54df3385ae00ab489077288f1a63ee86f3352ae203fa0931779949,/media/ma/Data/AQUA-FE_WS_storage_offload/frontend_same_backend_confirmatory_v3/backend_canonical/h06_900_1800/aqualoc_harbor07_kannala.yaml,40b62d139ef4246589b5cbafaa04619c0ebb9da0218a332e62706cfeda3d0242,4e91d8ac0735163fb6617e18d64ae0de91cc903d036f0e568a29bd3e5f5f4278,373a598c7ce591b4fe97ced9b3ee1de5bbf0322c105a54afcb03a91b810f71e8,/home/ma/AQUA-FE_WS/scripts/run_aqualoc_real_vins_eval.sh,PASS,COMPLETE
aqualoc_harbor:H06:0001,h06_900_1800,xfeat_v3,3,/media/ma/Data/AQUA-FE_WS_storage_offload/frontend_same_backend_confirmatory_v3/shadow_root/logs/aqualoc_real_vins/external_hybrid_xfeat_every2_fsbccv3_h06_900_1800_xfeat_v3/features.bag,0d1ea08820024a1a6dfc045db053645596bf17f6507b922e91b1c04ff182a9f0,/media/ma/Data/AQUA-FE_WS_storage_offload/frontend_same_backend_confirmatory_v3/backend_canonical/h06_900_1800/vins_same_backend.yaml,5fa9108edc54df3385ae00ab489077288f1a63ee86f3352ae203fa0931779949,/media/ma/Data/AQUA-FE_WS_storage_offload/frontend_same_backend_confirmatory_v3/backend_canonical/h06_900_1800/aqualoc_harbor07_kannala.yaml,40b62d139ef4246589b5cbafaa04619c0ebb9da0218a332e62706cfeda3d0242,4e91d8ac0735163fb6617e18d64ae0de91cc903d036f0e568a29bd3e5f5f4278,373a598c7ce591b4fe97ced9b3ee1de5bbf0322c105a54afcb03a91b810f71e8,/home/ma/AQUA-FE_WS/scripts/run_aqualoc_real_vins_eval.sh,PASS,COMPLETE
