window,arm,arm_display,repeat,status,exit_code,init,poses,coverage,first_output_delay_s,expected_duration_s,failure_reason,run_dir,vio_csv,vins_log,frontend_metrics,feature_bag,feature_bag_sha256
a03_5000_5900,klt,KLT,1,PASS,0,1,403,0.893299,4.749193,44.993014,NONE,/media/ma/Data/AQUA-FE_WS_storage_offload/frontend_same_backend_supplemental_v1/runs/aqualoc_archaeo/external_klt_every2_fsbcs1_a03_5000_5900_klt_r1,/media/ma/Data/AQUA-FE_WS_storage_offload/frontend_same_backend_supplemental_v1/runs/aqualoc_archaeo/external_klt_every2_fsbcs1_a03_5000_5900_klt_r1/vins_output/vio.csv,/media/ma/Data/AQUA-FE_WS_storage_offload/frontend_same_backend_supplemental_v1/runs/aqualoc_archaeo/external_klt_every2_fsbcs1_a03_5000_5900_klt_r1/vins.log,/media/ma/Data/AQUA-FE_WS_storage_offload/frontend_same_backend_supplemental_v1/runs/aqualoc_archaeo/external_klt_every2_fsbcs1_a03_5000_5900_klt_r1/frontend_metrics.csv,/media/ma/Data/AQUA-FE_WS_storage_offload/frontend_same_backend_supplemental_v1/runs/aqualoc_archaeo/external_klt_every2_fsbcs1_a03_5000_5900_klt_r1/features.bag,d34d9730d7496b03ccff18c58cc6e6badce748ca11a61d0042797a3532a1c6be
a03_5000_5900,klt,KLT,2,PASS,0,1,378,0.837736,7.249139,44.993014,NONE,/media/ma/Data/AQUA-FE_WS_storage_offload/frontend_same_backend_supplemental_v1/runs/aqualoc_archaeo/external_klt_every2_fsbcs1_a03_5000_5900_klt_r2,/media/ma/Data/AQUA-FE_WS_storage_offload/frontend_same_backend_supplemental_v1/runs/aqualoc_archaeo/external_klt_every2_fsbcs1_a03_5000_5900_klt_r2/vins_output/vio.csv,/media/ma/Data/AQUA-FE_WS_storage_offload/frontend_same_backend_supplemental_v1/runs/aqualoc_archaeo/external_klt_every2_fsbcs1_a03_5000_5900_klt_r2/vins.log,/media/ma/Data/AQUA-FE_WS_storage_offload/frontend_same_backend_supplemental_v1/runs/aqualoc_archaeo/external_klt_every2_fsbcs1_a03_5000_5900_klt_r2/frontend_metrics.csv,/media/ma/Data/AQUA-FE_WS_storage_offload/frontend_same_backend_supplemental_v1/runs/aqualoc_archaeo/external_klt_every2_fsbcs1_a03_5000_5900_klt_r1/features.bag,d34d9730d7496b03ccff18c58cc6e6badce748ca11a61d0042797a3532a1c6be
a03_5000_5900,klt,KLT,3,PASS,0,1,403,0.893299,4.749193,44.993014,NONE,/media/ma/Data/AQUA-FE_WS_storage_offload/frontend_same_backend_supplemental_v1/runs/aqualoc_archaeo/external_klt_every2_fsbcs1_a03_5000_5900_klt_r3,/media/ma/Data/AQUA-FE_WS_storage_offload/frontend_same_backend_supplemental_v1/runs/aqualoc_archaeo/external_klt_every2_fsbcs1_a03_5000_5900_klt_r3/vins_output/vio.csv,/media/ma/Data/AQUA-FE_WS_storage_offload/frontend_same_backend_supplemental_v1/runs/aqualoc_archaeo/external_klt_every2_fsbcs1_a03_5000_5900_klt_r3/vins.log,/media/ma/Data/AQUA-FE_WS_storage_offload/frontend_same_backend_supplemental_v1/runs/aqualoc_archaeo/external_klt_every2_fsbcs1_a03_5000_5900_klt_r3/frontend_metrics.csv,/media/ma/Data/AQUA-FE_WS_storage_offload/frontend_same_backend_supplemental_v1/runs/aqualoc_archaeo/external_klt_every2_fsbcs1_a03_5000_5900_klt_r1/features.bag,d34d9730d7496b03ccff18c58cc6e6badce748ca11a61d0042797a3532a1c6be
a03_5000_5900,splg,SP+LG,1,PASS,0,1,403,0.893299,4.749193,44.993014,NONE,/media/ma/Data/AQUA-FE_WS_storage_offload/frontend_same_backend_supplemental_v1/runs/aqualoc_archaeo/external_hybrid_superpoint_lightglue_every2_fsbcs1_a03_5000_5900_splg_r1,/media/ma/Data/AQUA-FE_WS_storage_offload/frontend_same_backend_supplemental_v1/runs/aqualoc_archaeo/external_hybrid_superpoint_lightglue_every2_fsbcs1_a03_5000_5900_splg_r1/vins_output/vio.csv,/media/ma/Data/AQUA-FE_WS_storage_offload/frontend_same_backend_supplemental_v1/runs/aqualoc_archaeo/external_hybrid_superpoint_lightglue_every2_fsbcs1_a03_5000_5900_splg_r1/vins.log,/media/ma/Data/AQUA-FE_WS_storage_offload/frontend_same_backend_supplemental_v1/runs/aqualoc_archaeo/external_hybrid_superpoint_lightglue_every2_fsbcs1_a03_5000_5900_splg_r1/frontend_metrics.csv,/media/ma/Data/AQUA-FE_WS_storage_offload/frontend_same_backend_supplemental_v1/runs/aqualoc_archaeo/external_hybrid_superpoint_lightglue_every2_fsbcs1_a03_5000_5900_splg_r1/features.bag,d34d9730d7496b03ccff18c58cc6e6badce748ca11a61d0042797a3532a1c6be
a03_5000_5900,splg,SP+LG,2,PASS,0,1,403,0.893299,4.749193,44.993014,NONE,/media/ma/Data/AQUA-FE_WS_storage_offload/frontend_same_backend_supplemental_v1/runs/aqualoc_archaeo/external_hybrid_superpoint_lightglue_every2_fsbcs1_a03_5000_5900_splg_r2,/media/ma/Data/AQUA-FE_WS_storage_offload/frontend_same_backend_supplemental_v1/runs/aqualoc_archaeo/external_hybrid_superpoint_lightglue_every2_fsbcs1_a03_5000_5900_splg_r2/vins_output/vio.csv,/media/ma/Data/AQUA-FE_WS_storage_offload/frontend_same_backend_supplemental_v1/runs/aqualoc_archaeo/external_hybrid_superpoint_lightglue_every2_fsbcs1_a03_5000_5900_splg_r2/vins.log,/media/ma/Data/AQUA-FE_WS_storage_offload/frontend_same_backend_supplemental_v1/runs/aqualoc_archaeo/external_hybrid_superpoint_lightglue_every2_fsbcs1_a03_5000_5900_splg_r2/frontend_metrics.csv,/media/ma/Data/AQUA-FE_WS_storage_offload/frontend_same_backend_supplemental_v1/runs/aqualoc_archaeo/external_hybrid_superpoint_lightglue_every2_fsbcs1_a03_5000_5900_splg_r1/features.bag,d34d9730d7496b03ccff18c58cc6e6badce748ca11a61d0042797a3532a1c6be
a03_5000_5900,splg,SP+LG,3,PASS,0,1,403,0.893299,4.749193,44.993014,NONE,/media/ma/Data/AQUA-FE_WS_storage_offload/frontend_same_backend_supplemental_v1/runs/aqualoc_archaeo/external_hybrid_superpoint_lightglue_every2_fsbcs1_a03_5000_5900_splg_r3,/media/ma/Data/AQUA-FE_WS_storage_offload/frontend_same_backend_supplemental_v1/runs/aqualoc_archaeo/external_hybrid_superpoint_lightglue_every2_fsbcs1_a03_5000_5900_splg_r3/vins_output/vio.csv,/media/ma/Data/AQUA-FE_WS_storage_offload/frontend_same_backend_supplemental_v1/runs/aqualoc_archaeo/external_hybrid_superpoint_lightglue_every2_fsbcs1_a03_5000_5900_splg_r3/vins.log,/media/ma/Data/AQUA-FE_WS_storage_offload/frontend_same_backend_supplemental_v1/runs/aqualoc_archaeo/external_hybrid_superpoint_lightglue_every2_fsbcs1_a03_5000_5900_splg_r3/frontend_metrics.csv,/media/ma/Data/AQUA-FE_WS_storage_offload/frontend_same_backend_supplemental_v1/runs/aqualoc_archaeo/external_hybrid_superpoint_lightglue_every2_fsbcs1_a03_5000_5900_splg_r1/features.bag,d34d9730d7496b03ccff18c58cc6e6badce748ca11a61d0042797a3532a1c6be
a03_5000_5900,xfeat_seed,XFeat-seed,1,PASS,0,1,403,0.893299,4.749193,44.993014,NONE,/media/ma/Data/AQUA-FE_WS_storage_offload/frontend_same_backend_supplemental_v1/runs/aqualoc_archaeo/external_hybrid_xfeat_every2_fsbcs1_a03_5000_5900_xfeat_seed_r1,/media/ma/Data/AQUA-FE_WS_storage_offload/frontend_same_backend_supplemental_v1/runs/aqualoc_archaeo/external_hybrid_xfeat_every2_fsbcs1_a03_5000_5900_xfeat_seed_r1/vins_output/vio.csv,/media/ma/Data/AQUA-FE_WS_storage_offload/frontend_same_backend_supplemental_v1/runs/aqualoc_archaeo/external_hybrid_xfeat_every2_fsbcs1_a03_5000_5900_xfeat_seed_r1/vins.log,/media/ma/Data/AQUA-FE_WS_storage_offload/frontend_same_backend_supplemental_v1/runs/aqualoc_archaeo/external_hybrid_xfeat_every2_fsbcs1_a03_5000_5900_xfeat_seed_r1/frontend_metrics.csv,/media/ma/Data/AQUA-FE_WS_storage_offload/frontend_same_backend_supplemental_v1/runs/aqualoc_archaeo/external_hybrid_xfeat_every2_fsbcs1_a03_5000_5900_xfeat_seed_r1/features.bag,d34d9730d7496b03ccff18c58cc6e6badce748ca11a61d0042797a3532a1c6be
a03_5000_5900,xfeat_seed,XFeat-seed,2,PASS,0,1,403,0.893299,4.749193,44.993014,NONE,/media/ma/Data/AQUA-FE_WS_storage_offload/frontend_same_backend_supplemental_v1/runs/aqualoc_archaeo/external_hybrid_xfeat_every2_fsbcs1_a03_5000_5900_xfeat_seed_r2,/media/ma/Data/AQUA-FE_WS_storage_offload/frontend_same_backend_supplemental_v1/runs/aqualoc_archaeo/external_hybrid_xfeat_every2_fsbcs1_a03_5000_5900_xfeat_seed_r2/vins_output/vio.csv,/media/ma/Data/AQUA-FE_WS_storage_offload/frontend_same_backend_supplemental_v1/runs/aqualoc_archaeo/external_hybrid_xfeat_every2_fsbcs1_a03_5000_5900_xfeat_seed_r2/vins.log,/media/ma/Data/AQUA-FE_WS_storage_offload/frontend_same_backend_supplemental_v1/runs/aqualoc_archaeo/external_hybrid_xfeat_every2_fsbcs1_a03_5000_5900_xfeat_seed_r2/frontend_metrics.csv,/media/ma/Data/AQUA-FE_WS_storage_offload/frontend_same_backend_supplemental_v1/runs/aqualoc_archaeo/external_hybrid_xfeat_every2_fsbcs1_a03_5000_5900_xfeat_seed_r1/features.bag,d34d9730d7496b03ccff18c58cc6e6badce748ca11a61d0042797a3532a1c6be
a03_5000_5900,xfeat_seed,XFeat-seed,3,PASS,0,1,403,0.893299,4.749193,44.993014,NONE,/media/ma/Data/AQUA-FE_WS_storage_offload/frontend_same_backend_supplemental_v1/runs/aqualoc_archaeo/external_hybrid_xfeat_every2_fsbcs1_a03_5000_5900_xfeat_seed_r3,/media/ma/Data/AQUA-FE_WS_storage_offload/frontend_same_backend_supplemental_v1/runs/aqualoc_archaeo/external_hybrid_xfeat_every2_fsbcs1_a03_5000_5900_xfeat_seed_r3/vins_output/vio.csv,/media/ma/Data/AQUA-FE_WS_storage_offload/frontend_same_backend_supplemental_v1/runs/aqualoc_archaeo/external_hybrid_xfeat_every2_fsbcs1_a03_5000_5900_xfeat_seed_r3/vins.log,/media/ma/Data/AQUA-FE_WS_storage_offload/frontend_same_backend_supplemental_v1/runs/aqualoc_archaeo/external_hybrid_xfeat_every2_fsbcs1_a03_5000_5900_xfeat_seed_r3/frontend_metrics.csv,/media/ma/Data/AQUA-FE_WS_storage_offload/frontend_same_backend_supplemental_v1/runs/aqualoc_archaeo/external_hybrid_xfeat_every2_fsbcs1_a03_5000_5900_xfeat_seed_r1/features.bag,d34d9730d7496b03ccff18c58cc6e6badce748ca11a61d0042797a3532a1c6be
a01_16200_17100,klt,KLT,1,PASS,0,1,439,0.973318,1.150606,44.991521,NONE,/media/ma/Data/AQUA-FE_WS_storage_offload/frontend_same_backend_supplemental_v1/runs/aqualoc_archaeo/external_klt_every2_fsbcs1_a01_16200_17100_klt_r1,/media/ma/Data/AQUA-FE_WS_storage_offload/frontend_same_backend_supplemental_v1/runs/aqualoc_archaeo/external_klt_every2_fsbcs1_a01_16200_17100_klt_r1/vins_output/vio.csv,/media/ma/Data/AQUA-FE_WS_storage_offload/frontend_same_backend_supplemental_v1/runs/aqualoc_archaeo/external_klt_every2_fsbcs1_a01_16200_17100_klt_r1/vins.log,/media/ma/Data/AQUA-FE_WS_storage_offload/frontend_same_backend_supplemental_v1/runs/aqualoc_archaeo/external_klt_every2_fsbcs1_a01_16200_17100_klt_r1/frontend_metrics.csv,/media/ma/Data/AQUA-FE_WS_storage_offload/frontend_same_backend_supplemental_v1/runs/aqualoc_archaeo/external_klt_every2_fsbcs1_a01_16200_17100_klt_r1/features.bag,fee3985a7a3a9e960e71d26b825582756633c431fa849414ebe995818f12879b
a01_16200_17100,klt,KLT,2,PASS,0,1,439,0.973318,1.150606,44.991521,NONE,/media/ma/Data/AQUA-FE_WS_storage_offload/frontend_same_backend_supplemental_v1/runs/aqualoc_archaeo/external_klt_every2_fsbcs1_a01_16200_17100_klt_r2,/media/ma/Data/AQUA-FE_WS_storage_offload/frontend_same_backend_supplemental_v1/runs/aqualoc_archaeo/external_klt_every2_fsbcs1_a01_16200_17100_klt_r2/vins_output/vio.csv,/media/ma/Data/AQUA-FE_WS_storage_offload/frontend_same_backend_supplemental_v1/runs/aqualoc_archaeo/external_klt_every2_fsbcs1_a01_16200_17100_klt_r2/vins.log,/media/ma/Data/AQUA-FE_WS_storage_offload/frontend_same_backend_supplemental_v1/runs/aqualoc_archaeo/external_klt_every2_fsbcs1_a01_16200_17100_klt_r2/frontend_metrics.csv,/media/ma/Data/AQUA-FE_WS_storage_offload/frontend_same_backend_supplemental_v1/runs/aqualoc_archaeo/external_klt_every2_fsbcs1_a01_16200_17100_klt_r1/features.bag,fee3985a7a3a9e960e71d26b825582756633c431fa849414ebe995818f12879b
a01_16200_17100,klt,KLT,3,PASS,0,1,439,0.973318,1.150606,44.991521,NONE,/media/ma/Data/AQUA-FE_WS_storage_offload/frontend_same_backend_supplemental_v1/runs/aqualoc_archaeo/external_klt_every2_fsbcs1_a01_16200_17100_klt_r3,/media/ma/Data/AQUA-FE_WS_storage_offload/frontend_same_backend_supplemental_v1/runs/aqualoc_archaeo/external_klt_every2_fsbcs1_a01_16200_17100_klt_r3/vins_output/vio.csv,/media/ma/Data/AQUA-FE_WS_storage_offload/frontend_same_backend_supplemental_v1/runs/aqualoc_archaeo/external_klt_every2_fsbcs1_a01_16200_17100_klt_r3/vins.log,/media/ma/Data/AQUA-FE_WS_storage_offload/frontend_same_backend_supplemental_v1/runs/aqualoc_archaeo/external_klt_every2_fsbcs1_a01_16200_17100_klt_r3/frontend_metrics.csv,/media/ma/Data/AQUA-FE_WS_storage_offload/frontend_same_backend_supplemental_v1/runs/aqualoc_archaeo/external_klt_every2_fsbcs1_a01_16200_17100_klt_r1/features.bag,fee3985a7a3a9e960e71d26b825582756633c431fa849414ebe995818f12879b
a01_16200_17100,splg,SP+LG,1,PASS,0,1,439,0.973318,1.150606,44.991521,NONE,/media/ma/Data/AQUA-FE_WS_storage_offload/frontend_same_backend_supplemental_v1/runs/aqualoc_archaeo/external_hybrid_superpoint_lightglue_every2_fsbcs1_a01_16200_17100_splg_r1,/media/ma/Data/AQUA-FE_WS_storage_offload/frontend_same_backend_supplemental_v1/runs/aqualoc_archaeo/external_hybrid_superpoint_lightglue_every2_fsbcs1_a01_16200_17100_splg_r1/vins_output/vio.csv,/media/ma/Data/AQUA-FE_WS_storage_offload/frontend_same_backend_supplemental_v1/runs/aqualoc_archaeo/external_hybrid_superpoint_lightglue_every2_fsbcs1_a01_16200_17100_splg_r1/vins.log,/media/ma/Data/AQUA-FE_WS_storage_offload/frontend_same_backend_supplemental_v1/runs/aqualoc_archaeo/external_hybrid_superpoint_lightglue_every2_fsbcs1_a01_16200_17100_splg_r1/frontend_metrics.csv,/media/ma/Data/AQUA-FE_WS_storage_offload/frontend_same_backend_supplemental_v1/runs/aqualoc_archaeo/external_hybrid_superpoint_lightglue_every2_fsbcs1_a01_16200_17100_splg_r1/features.bag,270eb82d0640816937de993ed67d4ee49d8b442326fc1dc7c43b7c0d9efac9f2
a01_16200_17100,splg,SP+LG,2,PASS,0,1,439,0.973318,1.150606,44.991521,NONE,/media/ma/Data/AQUA-FE_WS_storage_offload/frontend_same_backend_supplemental_v1/runs/aqualoc_archaeo/external_hybrid_superpoint_lightglue_every2_fsbcs1_a01_16200_17100_splg_r2,/media/ma/Data/AQUA-FE_WS_storage_offload/frontend_same_backend_supplemental_v1/runs/aqualoc_archaeo/external_hybrid_superpoint_lightglue_every2_fsbcs1_a01_16200_17100_splg_r2/vins_output/vio.csv,/media/ma/Data/AQUA-FE_WS_storage_offload/frontend_same_backend_supplemental_v1/runs/aqualoc_archaeo/external_hybrid_superpoint_lightglue_every2_fsbcs1_a01_16200_17100_splg_r2/vins.log,/media/ma/Data/AQUA-FE_WS_storage_offload/frontend_same_backend_supplemental_v1/runs/aqualoc_archaeo/external_hybrid_superpoint_lightglue_every2_fsbcs1_a01_16200_17100_splg_r2/frontend_metrics.csv,/media/ma/Data/AQUA-FE_WS_storage_offload/frontend_same_backend_supplemental_v1/runs/aqualoc_archaeo/external_hybrid_superpoint_lightglue_every2_fsbcs1_a01_16200_17100_splg_r1/features.bag,270eb82d0640816937de993ed67d4ee49d8b442326fc1dc7c43b7c0d9efac9f2
a01_16200_17100,splg,SP+LG,3,PASS,0,1,439,0.973318,1.150606,44.991521,NONE,/media/ma/Data/AQUA-FE_WS_storage_offload/frontend_same_backend_supplemental_v1/runs/aqualoc_archaeo/external_hybrid_superpoint_lightglue_every2_fsbcs1_a01_16200_17100_splg_r3,/media/ma/Data/AQUA-FE_WS_storage_offload/frontend_same_backend_supplemental_v1/runs/aqualoc_archaeo/external_hybrid_superpoint_lightglue_every2_fsbcs1_a01_16200_17100_splg_r3/vins_output/vio.csv,/media/ma/Data/AQUA-FE_WS_storage_offload/frontend_same_backend_supplemental_v1/runs/aqualoc_archaeo/external_hybrid_superpoint_lightglue_every2_fsbcs1_a01_16200_17100_splg_r3/vins.log,/media/ma/Data/AQUA-FE_WS_storage_offload/frontend_same_backend_supplemental_v1/runs/aqualoc_archaeo/external_hybrid_superpoint_lightglue_every2_fsbcs1_a01_16200_17100_splg_r3/frontend_metrics.csv,/media/ma/Data/AQUA-FE_WS_storage_offload/frontend_same_backend_supplemental_v1/runs/aqualoc_archaeo/external_hybrid_superpoint_lightglue_every2_fsbcs1_a01_16200_17100_splg_r1/features.bag,270eb82d0640816937de993ed67d4ee49d8b442326fc1dc7c43b7c0d9efac9f2
a01_16200_17100,xfeat_seed,XFeat-seed,1,PASS,0,1,439,0.973318,1.150606,44.991521,NONE,/media/ma/Data/AQUA-FE_WS_storage_offload/frontend_same_backend_supplemental_v1/runs/aqualoc_archaeo/external_hybrid_xfeat_every2_fsbcs1_a01_16200_17100_xfeat_seed_r1,/media/ma/Data/AQUA-FE_WS_storage_offload/frontend_same_backend_supplemental_v1/runs/aqualoc_archaeo/external_hybrid_xfeat_every2_fsbcs1_a01_16200_17100_xfeat_seed_r1/vins_output/vio.csv,/media/ma/Data/AQUA-FE_WS_storage_offload/frontend_same_backend_supplemental_v1/runs/aqualoc_archaeo/external_hybrid_xfeat_every2_fsbcs1_a01_16200_17100_xfeat_seed_r1/vins.log,/media/ma/Data/AQUA-FE_WS_storage_offload/frontend_same_backend_supplemental_v1/runs/aqualoc_archaeo/external_hybrid_xfeat_every2_fsbcs1_a01_16200_17100_xfeat_seed_r1/frontend_metrics.csv,/media/ma/Data/AQUA-FE_WS_storage_offload/frontend_same_backend_supplemental_v1/runs/aqualoc_archaeo/external_hybrid_xfeat_every2_fsbcs1_a01_16200_17100_xfeat_seed_r1/features.bag,fee3985a7a3a9e960e71d26b825582756633c431fa849414ebe995818f12879b
a01_16200_17100,xfeat_seed,XFeat-seed,2,PASS,0,1,439,0.973318,1.150606,44.991521,NONE,/media/ma/Data/AQUA-FE_WS_storage_offload/frontend_same_backend_supplemental_v1/runs/aqualoc_archaeo/external_hybrid_xfeat_every2_fsbcs1_a01_16200_17100_xfeat_seed_r2,/media/ma/Data/AQUA-FE_WS_storage_offload/frontend_same_backend_supplemental_v1/runs/aqualoc_archaeo/external_hybrid_xfeat_every2_fsbcs1_a01_16200_17100_xfeat_seed_r2/vins_output/vio.csv,/media/ma/Data/AQUA-FE_WS_storage_offload/frontend_same_backend_supplemental_v1/runs/aqualoc_archaeo/external_hybrid_xfeat_every2_fsbcs1_a01_16200_17100_xfeat_seed_r2/vins.log,/media/ma/Data/AQUA-FE_WS_storage_offload/frontend_same_backend_supplemental_v1/runs/aqualoc_archaeo/external_hybrid_xfeat_every2_fsbcs1_a01_16200_17100_xfeat_seed_r2/frontend_metrics.csv,/media/ma/Data/AQUA-FE_WS_storage_offload/frontend_same_backend_supplemental_v1/runs/aqualoc_archaeo/external_hybrid_xfeat_every2_fsbcs1_a01_16200_17100_xfeat_seed_r1/features.bag,fee3985a7a3a9e960e71d26b825582756633c431fa849414ebe995818f12879b
a01_16200_17100,xfeat_seed,XFeat-seed,3,PASS,0,1,439,0.973318,1.150606,44.991521,NONE,/media/ma/Data/AQUA-FE_WS_storage_offload/frontend_same_backend_supplemental_v1/runs/aqualoc_archaeo/external_hybrid_xfeat_every2_fsbcs1_a01_16200_17100_xfeat_seed_r3,/media/ma/Data/AQUA-FE_WS_storage_offload/frontend_same_backend_supplemental_v1/runs/aqualoc_archaeo/external_hybrid_xfeat_every2_fsbcs1_a01_16200_17100_xfeat_seed_r3/vins_output/vio.csv,/media/ma/Data/AQUA-FE_WS_storage_offload/frontend_same_backend_supplemental_v1/runs/aqualoc_archaeo/external_hybrid_xfeat_every2_fsbcs1_a01_16200_17100_xfeat_seed_r3/vins.log,/media/ma/Data/AQUA-FE_WS_storage_offload/frontend_same_backend_supplemental_v1/runs/aqualoc_archaeo/external_hybrid_xfeat_every2_fsbcs1_a01_16200_17100_xfeat_seed_r3/frontend_metrics.csv,/media/ma/Data/AQUA-FE_WS_storage_offload/frontend_same_backend_supplemental_v1/runs/aqualoc_archaeo/external_hybrid_xfeat_every2_fsbcs1_a01_16200_17100_xfeat_seed_r1/features.bag,fee3985a7a3a9e960e71d26b825582756633c431fa849414ebe995818f12879b
a07_900_1800,klt,KLT,1,PASS,0,1,392,0.870938,5.849734,45.745555,NONE,/media/ma/Data/AQUA-FE_WS_storage_offload/frontend_same_backend_supplemental_v1/runs/aqualoc_archaeo/external_klt_every2_fsbcs1_a07_900_1800_klt_r1,/media/ma/Data/AQUA-FE_WS_storage_offload/frontend_same_backend_supplemental_v1/runs/aqualoc_archaeo/external_klt_every2_fsbcs1_a07_900_1800_klt_r1/vins_output/vio.csv,/media/ma/Data/AQUA-FE_WS_storage_offload/frontend_same_backend_supplemental_v1/runs/aqualoc_archaeo/external_klt_every2_fsbcs1_a07_900_1800_klt_r1/vins.log,/media/ma/Data/AQUA-FE_WS_storage_offload/frontend_same_backend_supplemental_v1/runs/aqualoc_archaeo/external_klt_every2_fsbcs1_a07_900_1800_klt_r1/frontend_metrics.csv,/media/ma/Data/AQUA-FE_WS_storage_offload/frontend_same_backend_supplemental_v1/runs/aqualoc_archaeo/external_klt_every2_fsbcs1_a07_900_1800_klt_r1/features.bag,c5c68e001dd4e33edf80aecc3e7f7e51f172b066b79462243a657e10e5057f67
a07_900_1800,klt,KLT,2,PASS,0,1,407,0.903749,4.348791,45.745555,NONE,/media/ma/Data/AQUA-FE_WS_storage_offload/frontend_same_backend_supplemental_v1/runs/aqualoc_archaeo/external_klt_every2_fsbcs1_a07_900_1800_klt_r2,/media/ma/Data/AQUA-FE_WS_storage_offload/frontend_same_backend_supplemental_v1/runs/aqualoc_archaeo/external_klt_every2_fsbcs1_a07_900_1800_klt_r2/vins_output/vio.csv,/media/ma/Data/AQUA-FE_WS_storage_offload/frontend_same_backend_supplemental_v1/runs/aqualoc_archaeo/external_klt_every2_fsbcs1_a07_900_1800_klt_r2/vins.log,/media/ma/Data/AQUA-FE_WS_storage_offload/frontend_same_backend_supplemental_v1/runs/aqualoc_archaeo/external_klt_every2_fsbcs1_a07_900_1800_klt_r2/frontend_metrics.csv,/media/ma/Data/AQUA-FE_WS_storage_offload/frontend_same_backend_supplemental_v1/runs/aqualoc_archaeo/external_klt_every2_fsbcs1_a07_900_1800_klt_r1/features.bag,c5c68e001dd4e33edf80aecc3e7f7e51f172b066b79462243a657e10e5057f67
a07_900_1800,klt,KLT,3,PASS,0,1,392,0.870938,5.849734,45.745555,NONE,/media/ma/Data/AQUA-FE_WS_storage_offload/frontend_same_backend_supplemental_v1/runs/aqualoc_archaeo/external_klt_every2_fsbcs1_a07_900_1800_klt_r3,/media/ma/Data/AQUA-FE_WS_storage_offload/frontend_same_backend_supplemental_v1/runs/aqualoc_archaeo/external_klt_every2_fsbcs1_a07_900_1800_klt_r3/vins_output/vio.csv,/media/ma/Data/AQUA-FE_WS_storage_offload/frontend_same_backend_supplemental_v1/runs/aqualoc_archaeo/external_klt_every2_fsbcs1_a07_900_1800_klt_r3/vins.log,/media/ma/Data/AQUA-FE_WS_storage_offload/frontend_same_backend_supplemental_v1/runs/aqualoc_archaeo/external_klt_every2_fsbcs1_a07_900_1800_klt_r3/frontend_metrics.csv,/media/ma/Data/AQUA-FE_WS_storage_offload/frontend_same_backend_supplemental_v1/runs/aqualoc_archaeo/external_klt_every2_fsbcs1_a07_900_1800_klt_r1/features.bag,c5c68e001dd4e33edf80aecc3e7f7e51f172b066b79462243a657e10e5057f67
a07_900_1800,splg,SP+LG,1,PASS,0,1,433,0.960584,1.748827,45.745555,NONE,/media/ma/Data/AQUA-FE_WS_storage_offload/frontend_same_backend_supplemental_v1/runs/aqualoc_archaeo/external_hybrid_superpoint_lightglue_every2_fsbcs1_a07_900_1800_splg_r1,/media/ma/Data/AQUA-FE_WS_storage_offload/frontend_same_backend_supplemental_v1/runs/aqualoc_archaeo/external_hybrid_superpoint_lightglue_every2_fsbcs1_a07_900_1800_splg_r1/vins_output/vio.csv,/media/ma/Data/AQUA-FE_WS_storage_offload/frontend_same_backend_supplemental_v1/runs/aqualoc_archaeo/external_hybrid_superpoint_lightglue_every2_fsbcs1_a07_900_1800_splg_r1/vins.log,/media/ma/Data/AQUA-FE_WS_storage_offload/frontend_same_backend_supplemental_v1/runs/aqualoc_archaeo/external_hybrid_superpoint_lightglue_every2_fsbcs1_a07_900_1800_splg_r1/frontend_metrics.csv,/media/ma/Data/AQUA-FE_WS_storage_offload/frontend_same_backend_supplemental_v1/runs/aqualoc_archaeo/external_hybrid_superpoint_lightglue_every2_fsbcs1_a07_900_1800_splg_r1/features.bag,fd752994587788e36194c9cf336bc942201ca4f9179ab21f2badab60e51e17c1
a07_900_1800,splg,SP+LG,2,PASS,0,1,420,0.932118,3.051037,45.745555,NONE,/media/ma/Data/AQUA-FE_WS_storage_offload/frontend_same_backend_supplemental_v1/runs/aqualoc_archaeo/external_hybrid_superpoint_lightglue_every2_fsbcs1_a07_900_1800_splg_r2,/media/ma/Data/AQUA-FE_WS_storage_offload/frontend_same_backend_supplemental_v1/runs/aqualoc_archaeo/external_hybrid_superpoint_lightglue_every2_fsbcs1_a07_900_1800_splg_r2/vins_output/vio.csv,/media/ma/Data/AQUA-FE_WS_storage_offload/frontend_same_backend_supplemental_v1/runs/aqualoc_archaeo/external_hybrid_superpoint_lightglue_every2_fsbcs1_a07_900_1800_splg_r2/vins.log,/media/ma/Data/AQUA-FE_WS_storage_offload/frontend_same_backend_supplemental_v1/runs/aqualoc_archaeo/external_hybrid_superpoint_lightglue_every2_fsbcs1_a07_900_1800_splg_r2/frontend_metrics.csv,/media/ma/Data/AQUA-FE_WS_storage_offload/frontend_same_backend_supplemental_v1/runs/aqualoc_archaeo/external_hybrid_superpoint_lightglue_every2_fsbcs1_a07_900_1800_splg_r1/features.bag,fd752994587788e36194c9cf336bc942201ca4f9179ab21f2badab60e51e17c1
a07_900_1800,splg,SP+LG,3,PASS,0,1,420,0.932118,3.051037,45.745555,NONE,/media/ma/Data/AQUA-FE_WS_storage_offload/frontend_same_backend_supplemental_v1/runs/aqualoc_archaeo/external_hybrid_superpoint_lightglue_every2_fsbcs1_a07_900_1800_splg_r3,/media/ma/Data/AQUA-FE_WS_storage_offload/frontend_same_backend_supplemental_v1/runs/aqualoc_archaeo/external_hybrid_superpoint_lightglue_every2_fsbcs1_a07_900_1800_splg_r3/vins_output/vio.csv,/media/ma/Data/AQUA-FE_WS_storage_offload/frontend_same_backend_supplemental_v1/runs/aqualoc_archaeo/external_hybrid_superpoint_lightglue_every2_fsbcs1_a07_900_1800_splg_r3/vins.log,/media/ma/Data/AQUA-FE_WS_storage_offload/frontend_same_backend_supplemental_v1/runs/aqualoc_archaeo/external_hybrid_superpoint_lightglue_every2_fsbcs1_a07_900_1800_splg_r3/frontend_metrics.csv,/media/ma/Data/AQUA-FE_WS_storage_offload/frontend_same_backend_supplemental_v1/runs/aqualoc_archaeo/external_hybrid_superpoint_lightglue_every2_fsbcs1_a07_900_1800_splg_r1/features.bag,fd752994587788e36194c9cf336bc942201ca4f9179ab21f2badab60e51e17c1
a07_900_1800,xfeat_seed,XFeat-seed,1,PASS,0,1,420,0.932118,3.051037,45.745555,NONE,/media/ma/Data/AQUA-FE_WS_storage_offload/frontend_same_backend_supplemental_v1/runs/aqualoc_archaeo/external_hybrid_xfeat_every2_fsbcs1_a07_900_1800_xfeat_seed_r1,/media/ma/Data/AQUA-FE_WS_storage_offload/frontend_same_backend_supplemental_v1/runs/aqualoc_archaeo/external_hybrid_xfeat_every2_fsbcs1_a07_900_1800_xfeat_seed_r1/vins_output/vio.csv,/media/ma/Data/AQUA-FE_WS_storage_offload/frontend_same_backend_supplemental_v1/runs/aqualoc_archaeo/external_hybrid_xfeat_every2_fsbcs1_a07_900_1800_xfeat_seed_r1/vins.log,/media/ma/Data/AQUA-FE_WS_storage_offload/frontend_same_backend_supplemental_v1/runs/aqualoc_archaeo/external_hybrid_xfeat_every2_fsbcs1_a07_900_1800_xfeat_seed_r1/frontend_metrics.csv,/media/ma/Data/AQUA-FE_WS_storage_offload/frontend_same_backend_supplemental_v1/runs/aqualoc_archaeo/external_hybrid_xfeat_every2_fsbcs1_a07_900_1800_xfeat_seed_r1/features.bag,1c54028687d934ae55caae0e7403e715acec3d6f974e4691a7ceab644803c250
a07_900_1800,xfeat_seed,XFeat-seed,2,PASS,0,1,420,0.932118,3.051037,45.745555,NONE,/media/ma/Data/AQUA-FE_WS_storage_offload/frontend_same_backend_supplemental_v1/runs/aqualoc_archaeo/external_hybrid_xfeat_every2_fsbcs1_a07_900_1800_xfeat_seed_r2,/media/ma/Data/AQUA-FE_WS_storage_offload/frontend_same_backend_supplemental_v1/runs/aqualoc_archaeo/external_hybrid_xfeat_every2_fsbcs1_a07_900_1800_xfeat_seed_r2/vins_output/vio.csv,/media/ma/Data/AQUA-FE_WS_storage_offload/frontend_same_backend_supplemental_v1/runs/aqualoc_archaeo/external_hybrid_xfeat_every2_fsbcs1_a07_900_1800_xfeat_seed_r2/vins.log,/media/ma/Data/AQUA-FE_WS_storage_offload/frontend_same_backend_supplemental_v1/runs/aqualoc_archaeo/external_hybrid_xfeat_every2_fsbcs1_a07_900_1800_xfeat_seed_r2/frontend_metrics.csv,/media/ma/Data/AQUA-FE_WS_storage_offload/frontend_same_backend_supplemental_v1/runs/aqualoc_archaeo/external_hybrid_xfeat_every2_fsbcs1_a07_900_1800_xfeat_seed_r1/features.bag,1c54028687d934ae55caae0e7403e715acec3d6f974e4691a7ceab644803c250
a07_900_1800,xfeat_seed,XFeat-seed,3,PASS,0,1,420,0.932118,3.051037,45.745555,NONE,/media/ma/Data/AQUA-FE_WS_storage_offload/frontend_same_backend_supplemental_v1/runs/aqualoc_archaeo/external_hybrid_xfeat_every2_fsbcs1_a07_900_1800_xfeat_seed_r3,/media/ma/Data/AQUA-FE_WS_storage_offload/frontend_same_backend_supplemental_v1/runs/aqualoc_archaeo/external_hybrid_xfeat_every2_fsbcs1_a07_900_1800_xfeat_seed_r3/vins_output/vio.csv,/media/ma/Data/AQUA-FE_WS_storage_offload/frontend_same_backend_supplemental_v1/runs/aqualoc_archaeo/external_hybrid_xfeat_every2_fsbcs1_a07_900_1800_xfeat_seed_r3/vins.log,/media/ma/Data/AQUA-FE_WS_storage_offload/frontend_same_backend_supplemental_v1/runs/aqualoc_archaeo/external_hybrid_xfeat_every2_fsbcs1_a07_900_1800_xfeat_seed_r3/frontend_metrics.csv,/media/ma/Data/AQUA-FE_WS_storage_offload/frontend_same_backend_supplemental_v1/runs/aqualoc_archaeo/external_hybrid_xfeat_every2_fsbcs1_a07_900_1800_xfeat_seed_r1/features.bag,1c54028687d934ae55caae0e7403e715acec3d6f974e4691a7ceab644803c250
a07_1800_2700,klt,KLT,1,PASS,0,1,417,0.922811,3.347245,43.982344,NONE,/media/ma/Data/AQUA-FE_WS_storage_offload/frontend_same_backend_supplemental_v1/runs/aqualoc_archaeo/external_klt_every2_fsbcs1_a07_1800_2700_klt_r1,/media/ma/Data/AQUA-FE_WS_storage_offload/frontend_same_backend_supplemental_v1/runs/aqualoc_archaeo/external_klt_every2_fsbcs1_a07_1800_2700_klt_r1/vins_output/vio.csv,/media/ma/Data/AQUA-FE_WS_storage_offload/frontend_same_backend_supplemental_v1/runs/aqualoc_archaeo/external_klt_every2_fsbcs1_a07_1800_2700_klt_r1/vins.log,/media/ma/Data/AQUA-FE_WS_storage_offload/frontend_same_backend_supplemental_v1/runs/aqualoc_archaeo/external_klt_every2_fsbcs1_a07_1800_2700_klt_r1/frontend_metrics.csv,/media/ma/Data/AQUA-FE_WS_storage_offload/frontend_same_backend_supplemental_v1/runs/aqualoc_archaeo/external_klt_every2_fsbcs1_a07_1800_2700_klt_r1/features.bag,b50c0c16f6840df6f19bb9547674f4d38d8ef5b7b700a2d389750fc9d26b4e19
a07_1800_2700,klt,KLT,2,PASS,0,1,417,0.922811,3.347245,43.982344,NONE,/media/ma/Data/AQUA-FE_WS_storage_offload/frontend_same_backend_supplemental_v1/runs/aqualoc_archaeo/external_klt_every2_fsbcs1_a07_1800_2700_klt_r2,/media/ma/Data/AQUA-FE_WS_storage_offload/frontend_same_backend_supplemental_v1/runs/aqualoc_archaeo/external_klt_every2_fsbcs1_a07_1800_2700_klt_r2/vins_output/vio.csv,/media/ma/Data/AQUA-FE_WS_storage_offload/frontend_same_backend_supplemental_v1/runs/aqualoc_archaeo/external_klt_every2_fsbcs1_a07_1800_2700_klt_r2/vins.log,/media/ma/Data/AQUA-FE_WS_storage_offload/frontend_same_backend_supplemental_v1/runs/aqualoc_archaeo/external_klt_every2_fsbcs1_a07_1800_2700_klt_r2/frontend_metrics.csv,/media/ma/Data/AQUA-FE_WS_storage_offload/frontend_same_backend_supplemental_v1/runs/aqualoc_archaeo/external_klt_every2_fsbcs1_a07_1800_2700_klt_r1/features.bag,b50c0c16f6840df6f19bb9547674f4d38d8ef5b7b700a2d389750fc9d26b4e19
a07_1800_2700,klt,KLT,3,PASS,0,1,417,0.922811,3.347245,43.982344,NONE,/media/ma/Data/AQUA-FE_WS_storage_offload/frontend_same_backend_supplemental_v1/runs/aqualoc_archaeo/external_klt_every2_fsbcs1_a07_1800_2700_klt_r3,/media/ma/Data/AQUA-FE_WS_storage_offload/frontend_same_backend_supplemental_v1/runs/aqualoc_archaeo/external_klt_every2_fsbcs1_a07_1800_2700_klt_r3/vins_output/vio.csv,/media/ma/Data/AQUA-FE_WS_storage_offload/frontend_same_backend_supplemental_v1/runs/aqualoc_archaeo/external_klt_every2_fsbcs1_a07_1800_2700_klt_r3/vins.log,/media/ma/Data/AQUA-FE_WS_storage_offload/frontend_same_backend_supplemental_v1/runs/aqualoc_archaeo/external_klt_every2_fsbcs1_a07_1800_2700_klt_r3/frontend_metrics.csv,/media/ma/Data/AQUA-FE_WS_storage_offload/frontend_same_backend_supplemental_v1/runs/aqualoc_archaeo/external_klt_every2_fsbcs1_a07_1800_2700_klt_r1/features.bag,b50c0c16f6840df6f19bb9547674f4d38d8ef5b7b700a2d389750fc9d26b4e19
a07_1800_2700,splg,SP+LG,1,PASS,0,1,417,0.922811,3.347245,43.982344,NONE,/media/ma/Data/AQUA-FE_WS_storage_offload/frontend_same_backend_supplemental_v1/runs/aqualoc_archaeo/external_hybrid_superpoint_lightglue_every2_fsbcs1_a07_1800_2700_splg_r1,/media/ma/Data/AQUA-FE_WS_storage_offload/frontend_same_backend_supplemental_v1/runs/aqualoc_archaeo/external_hybrid_superpoint_lightglue_every2_fsbcs1_a07_1800_2700_splg_r1/vins_output/vio.csv,/media/ma/Data/AQUA-FE_WS_storage_offload/frontend_same_backend_supplemental_v1/runs/aqualoc_archaeo/external_hybrid_superpoint_lightglue_every2_fsbcs1_a07_1800_2700_splg_r1/vins.log,/media/ma/Data/AQUA-FE_WS_storage_offload/frontend_same_backend_supplemental_v1/runs/aqualoc_archaeo/external_hybrid_superpoint_lightglue_every2_fsbcs1_a07_1800_2700_splg_r1/frontend_metrics.csv,/media/ma/Data/AQUA-FE_WS_storage_offload/frontend_same_backend_supplemental_v1/runs/aqualoc_archaeo/external_hybrid_superpoint_lightglue_every2_fsbcs1_a07_1800_2700_splg_r1/features.bag,a6c89894f0e9da0c0430eff10de21b091069c737d01e79d09e4ee3dce58b905f
a07_1800_2700,splg,SP+LG,2,PASS,0,1,417,0.922811,3.347245,43.982344,NONE,/media/ma/Data/AQUA-FE_WS_storage_offload/frontend_same_backend_supplemental_v1/runs/aqualoc_archaeo/external_hybrid_superpoint_lightglue_every2_fsbcs1_a07_1800_2700_splg_r2,/media/ma/Data/AQUA-FE_WS_storage_offload/frontend_same_backend_supplemental_v1/runs/aqualoc_archaeo/external_hybrid_superpoint_lightglue_every2_fsbcs1_a07_1800_2700_splg_r2/vins_output/vio.csv,/media/ma/Data/AQUA-FE_WS_storage_offload/frontend_same_backend_supplemental_v1/runs/aqualoc_archaeo/external_hybrid_superpoint_lightglue_every2_fsbcs1_a07_1800_2700_splg_r2/vins.log,/media/ma/Data/AQUA-FE_WS_storage_offload/frontend_same_backend_supplemental_v1/runs/aqualoc_archaeo/external_hybrid_superpoint_lightglue_every2_fsbcs1_a07_1800_2700_splg_r2/frontend_metrics.csv,/media/ma/Data/AQUA-FE_WS_storage_offload/frontend_same_backend_supplemental_v1/runs/aqualoc_archaeo/external_hybrid_superpoint_lightglue_every2_fsbcs1_a07_1800_2700_splg_r1/features.bag,a6c89894f0e9da0c0430eff10de21b091069c737d01e79d09e4ee3dce58b905f
a07_1800_2700,splg,SP+LG,3,PASS,0,1,417,0.922811,3.347245,43.982344,NONE,/media/ma/Data/AQUA-FE_WS_storage_offload/frontend_same_backend_supplemental_v1/runs/aqualoc_archaeo/external_hybrid_superpoint_lightglue_every2_fsbcs1_a07_1800_2700_splg_r3,/media/ma/Data/AQUA-FE_WS_storage_offload/frontend_same_backend_supplemental_v1/runs/aqualoc_archaeo/external_hybrid_superpoint_lightglue_every2_fsbcs1_a07_1800_2700_splg_r3/vins_output/vio.csv,/media/ma/Data/AQUA-FE_WS_storage_offload/frontend_same_backend_supplemental_v1/runs/aqualoc_archaeo/external_hybrid_superpoint_lightglue_every2_fsbcs1_a07_1800_2700_splg_r3/vins.log,/media/ma/Data/AQUA-FE_WS_storage_offload/frontend_same_backend_supplemental_v1/runs/aqualoc_archaeo/external_hybrid_superpoint_lightglue_every2_fsbcs1_a07_1800_2700_splg_r3/frontend_metrics.csv,/media/ma/Data/AQUA-FE_WS_storage_offload/frontend_same_backend_supplemental_v1/runs/aqualoc_archaeo/external_hybrid_superpoint_lightglue_every2_fsbcs1_a07_1800_2700_splg_r1/features.bag,a6c89894f0e9da0c0430eff10de21b091069c737d01e79d09e4ee3dce58b905f
a07_1800_2700,xfeat_seed,XFeat-seed,1,PASS,0,1,417,0.922811,3.347245,43.982344,NONE,/media/ma/Data/AQUA-FE_WS_storage_offload/frontend_same_backend_supplemental_v1/runs/aqualoc_archaeo/external_hybrid_xfeat_every2_fsbcs1_a07_1800_2700_xfeat_seed_r1,/media/ma/Data/AQUA-FE_WS_storage_offload/frontend_same_backend_supplemental_v1/runs/aqualoc_archaeo/external_hybrid_xfeat_every2_fsbcs1_a07_1800_2700_xfeat_seed_r1/vins_output/vio.csv,/media/ma/Data/AQUA-FE_WS_storage_offload/frontend_same_backend_supplemental_v1/runs/aqualoc_archaeo/external_hybrid_xfeat_every2_fsbcs1_a07_1800_2700_xfeat_seed_r1/vins.log,/media/ma/Data/AQUA-FE_WS_storage_offload/frontend_same_backend_supplemental_v1/runs/aqualoc_archaeo/external_hybrid_xfeat_every2_fsbcs1_a07_1800_2700_xfeat_seed_r1/frontend_metrics.csv,/media/ma/Data/AQUA-FE_WS_storage_offload/frontend_same_backend_supplemental_v1/runs/aqualoc_archaeo/external_hybrid_xfeat_every2_fsbcs1_a07_1800_2700_xfeat_seed_r1/features.bag,9c20283656e4fb2d892ea699ff0f47aeb57f89d6801ae2aca189a3dc44af95c8
a07_1800_2700,xfeat_seed,XFeat-seed,2,PASS,0,1,417,0.922811,3.347245,43.982344,NONE,/media/ma/Data/AQUA-FE_WS_storage_offload/frontend_same_backend_supplemental_v1/runs/aqualoc_archaeo/external_hybrid_xfeat_every2_fsbcs1_a07_1800_2700_xfeat_seed_r2,/media/ma/Data/AQUA-FE_WS_storage_offload/frontend_same_backend_supplemental_v1/runs/aqualoc_archaeo/external_hybrid_xfeat_every2_fsbcs1_a07_1800_2700_xfeat_seed_r2/vins_output/vio.csv,/media/ma/Data/AQUA-FE_WS_storage_offload/frontend_same_backend_supplemental_v1/runs/aqualoc_archaeo/external_hybrid_xfeat_every2_fsbcs1_a07_1800_2700_xfeat_seed_r2/vins.log,/media/ma/Data/AQUA-FE_WS_storage_offload/frontend_same_backend_supplemental_v1/runs/aqualoc_archaeo/external_hybrid_xfeat_every2_fsbcs1_a07_1800_2700_xfeat_seed_r2/frontend_metrics.csv,/media/ma/Data/AQUA-FE_WS_storage_offload/frontend_same_backend_supplemental_v1/runs/aqualoc_archaeo/external_hybrid_xfeat_every2_fsbcs1_a07_1800_2700_xfeat_seed_r1/features.bag,9c20283656e4fb2d892ea699ff0f47aeb57f89d6801ae2aca189a3dc44af95c8
a07_1800_2700,xfeat_seed,XFeat-seed,3,PASS,0,1,417,0.922811,3.347245,43.982344,NONE,/media/ma/Data/AQUA-FE_WS_storage_offload/frontend_same_backend_supplemental_v1/runs/aqualoc_archaeo/external_hybrid_xfeat_every2_fsbcs1_a07_1800_2700_xfeat_seed_r3,/media/ma/Data/AQUA-FE_WS_storage_offload/frontend_same_backend_supplemental_v1/runs/aqualoc_archaeo/external_hybrid_xfeat_every2_fsbcs1_a07_1800_2700_xfeat_seed_r3/vins_output/vio.csv,/media/ma/Data/AQUA-FE_WS_storage_offload/frontend_same_backend_supplemental_v1/runs/aqualoc_archaeo/external_hybrid_xfeat_every2_fsbcs1_a07_1800_2700_xfeat_seed_r3/vins.log,/media/ma/Data/AQUA-FE_WS_storage_offload/frontend_same_backend_supplemental_v1/runs/aqualoc_archaeo/external_hybrid_xfeat_every2_fsbcs1_a07_1800_2700_xfeat_seed_r3/frontend_metrics.csv,/media/ma/Data/AQUA-FE_WS_storage_offload/frontend_same_backend_supplemental_v1/runs/aqualoc_archaeo/external_hybrid_xfeat_every2_fsbcs1_a07_1800_2700_xfeat_seed_r1/features.bag,9c20283656e4fb2d892ea699ff0f47aeb57f89d6801ae2aca189a3dc44af95c8
h07_0_1000,klt,KLT,1,PASS,0,1,489,0.976038,1.15139,50.019249,NONE,/media/ma/Data/AQUA-FE_WS_storage_offload/frontend_same_backend_supplemental_v1/runs/aqualoc_real/external_klt_every2_fsbcs1_h07_0_1000_klt_r1,/media/ma/Data/AQUA-FE_WS_storage_offload/frontend_same_backend_supplemental_v1/runs/aqualoc_real/external_klt_every2_fsbcs1_h07_0_1000_klt_r1/vins_output/vio.csv,/media/ma/Data/AQUA-FE_WS_storage_offload/frontend_same_backend_supplemental_v1/runs/aqualoc_real/external_klt_every2_fsbcs1_h07_0_1000_klt_r1/vins.log,/media/ma/Data/AQUA-FE_WS_storage_offload/frontend_same_backend_supplemental_v1/runs/aqualoc_real/external_klt_every2_fsbcs1_h07_0_1000_klt_r1/frontend_metrics.csv,/media/ma/Data/AQUA-FE_WS_storage_offload/frontend_same_backend_supplemental_v1/runs/aqualoc_real/external_klt_every2_fsbcs1_h07_0_1000_klt_r1/features.bag,d2572daad26a0a626cf4f013c3dfafd872edaffc3bf41c302ff1406c07246358
h07_0_1000,klt,KLT,2,PASS,0,1,489,0.976038,1.15139,50.019249,NONE,/media/ma/Data/AQUA-FE_WS_storage_offload/frontend_same_backend_supplemental_v1/runs/aqualoc_real/external_klt_every2_fsbcs1_h07_0_1000_klt_r2,/media/ma/Data/AQUA-FE_WS_storage_offload/frontend_same_backend_supplemental_v1/runs/aqualoc_real/external_klt_every2_fsbcs1_h07_0_1000_klt_r2/vins_output/vio.csv,/media/ma/Data/AQUA-FE_WS_storage_offload/frontend_same_backend_supplemental_v1/runs/aqualoc_real/external_klt_every2_fsbcs1_h07_0_1000_klt_r2/vins.log,/media/ma/Data/AQUA-FE_WS_storage_offload/frontend_same_backend_supplemental_v1/runs/aqualoc_real/external_klt_every2_fsbcs1_h07_0_1000_klt_r2/frontend_metrics.csv,/media/ma/Data/AQUA-FE_WS_storage_offload/frontend_same_backend_supplemental_v1/runs/aqualoc_real/external_klt_every2_fsbcs1_h07_0_1000_klt_r1/features.bag,d2572daad26a0a626cf4f013c3dfafd872edaffc3bf41c302ff1406c07246358
h07_0_1000,klt,KLT,3,PASS,0,1,489,0.976038,1.15139,50.019249,NONE,/media/ma/Data/AQUA-FE_WS_storage_offload/frontend_same_backend_supplemental_v1/runs/aqualoc_real/external_klt_every2_fsbcs1_h07_0_1000_klt_r3,/media/ma/Data/AQUA-FE_WS_storage_offload/frontend_same_backend_supplemental_v1/runs/aqualoc_real/external_klt_every2_fsbcs1_h07_0_1000_klt_r3/vins_output/vio.csv,/media/ma/Data/AQUA-FE_WS_storage_offload/frontend_same_backend_supplemental_v1/runs/aqualoc_real/external_klt_every2_fsbcs1_h07_0_1000_klt_r3/vins.log,/media/ma/Data/AQUA-FE_WS_storage_offload/frontend_same_backend_supplemental_v1/runs/aqualoc_real/external_klt_every2_fsbcs1_h07_0_1000_klt_r3/frontend_metrics.csv,/media/ma/Data/AQUA-FE_WS_storage_offload/frontend_same_backend_supplemental_v1/runs/aqualoc_real/external_klt_every2_fsbcs1_h07_0_1000_klt_r1/features.bag,d2572daad26a0a626cf4f013c3dfafd872edaffc3bf41c302ff1406c07246358
h07_0_1000,splg,SP+LG,1,PASS,0,1,489,0.976038,1.15139,50.019249,NONE,/media/ma/Data/AQUA-FE_WS_storage_offload/frontend_same_backend_supplemental_v1/runs/aqualoc_real/external_hybrid_superpoint_lightglue_every2_fsbcs1_h07_0_1000_splg_r1,/media/ma/Data/AQUA-FE_WS_storage_offload/frontend_same_backend_supplemental_v1/runs/aqualoc_real/external_hybrid_superpoint_lightglue_every2_fsbcs1_h07_0_1000_splg_r1/vins_output/vio.csv,/media/ma/Data/AQUA-FE_WS_storage_offload/frontend_same_backend_supplemental_v1/runs/aqualoc_real/external_hybrid_superpoint_lightglue_every2_fsbcs1_h07_0_1000_splg_r1/vins.log,/media/ma/Data/AQUA-FE_WS_storage_offload/frontend_same_backend_supplemental_v1/runs/aqualoc_real/external_hybrid_superpoint_lightglue_every2_fsbcs1_h07_0_1000_splg_r1/frontend_metrics.csv,/media/ma/Data/AQUA-FE_WS_storage_offload/frontend_same_backend_supplemental_v1/runs/aqualoc_real/external_hybrid_superpoint_lightglue_every2_fsbcs1_h07_0_1000_splg_r1/features.bag,3f0367fac7701e1a6d82f5f587d293eb04b914aa5e94be512064be9abde26f88
h07_0_1000,splg,SP+LG,2,PASS,0,1,489,0.976038,1.15139,50.019249,NONE,/media/ma/Data/AQUA-FE_WS_storage_offload/frontend_same_backend_supplemental_v1/runs/aqualoc_real/external_hybrid_superpoint_lightglue_every2_fsbcs1_h07_0_1000_splg_r2,/media/ma/Data/AQUA-FE_WS_storage_offload/frontend_same_backend_supplemental_v1/runs/aqualoc_real/external_hybrid_superpoint_lightglue_every2_fsbcs1_h07_0_1000_splg_r2/vins_output/vio.csv,/media/ma/Data/AQUA-FE_WS_storage_offload/frontend_same_backend_supplemental_v1/runs/aqualoc_real/external_hybrid_superpoint_lightglue_every2_fsbcs1_h07_0_1000_splg_r2/vins.log,/media/ma/Data/AQUA-FE_WS_storage_offload/frontend_same_backend_supplemental_v1/runs/aqualoc_real/external_hybrid_superpoint_lightglue_every2_fsbcs1_h07_0_1000_splg_r2/frontend_metrics.csv,/media/ma/Data/AQUA-FE_WS_storage_offload/frontend_same_backend_supplemental_v1/runs/aqualoc_real/external_hybrid_superpoint_lightglue_every2_fsbcs1_h07_0_1000_splg_r1/features.bag,3f0367fac7701e1a6d82f5f587d293eb04b914aa5e94be512064be9abde26f88
h07_0_1000,splg,SP+LG,3,PASS,0,1,489,0.976038,1.15139,50.019249,NONE,/media/ma/Data/AQUA-FE_WS_storage_offload/frontend_same_backend_supplemental_v1/runs/aqualoc_real/external_hybrid_superpoint_lightglue_every2_fsbcs1_h07_0_1000_splg_r3,/media/ma/Data/AQUA-FE_WS_storage_offload/frontend_same_backend_supplemental_v1/runs/aqualoc_real/external_hybrid_superpoint_lightglue_every2_fsbcs1_h07_0_1000_splg_r3/vins_output/vio.csv,/media/ma/Data/AQUA-FE_WS_storage_offload/frontend_same_backend_supplemental_v1/runs/aqualoc_real/external_hybrid_superpoint_lightglue_every2_fsbcs1_h07_0_1000_splg_r3/vins.log,/media/ma/Data/AQUA-FE_WS_storage_offload/frontend_same_backend_supplemental_v1/runs/aqualoc_real/external_hybrid_superpoint_lightglue_every2_fsbcs1_h07_0_1000_splg_r3/frontend_metrics.csv,/media/ma/Data/AQUA-FE_WS_storage_offload/frontend_same_backend_supplemental_v1/runs/aqualoc_real/external_hybrid_superpoint_lightglue_every2_fsbcs1_h07_0_1000_splg_r1/features.bag,3f0367fac7701e1a6d82f5f587d293eb04b914aa5e94be512064be9abde26f88
h07_0_1000,xfeat_seed,XFeat-seed,1,PASS,0,1,489,0.976038,1.15139,50.019249,NONE,/media/ma/Data/AQUA-FE_WS_storage_offload/frontend_same_backend_supplemental_v1/runs/aqualoc_real/external_hybrid_xfeat_every2_fsbcs1_h07_0_1000_xfeat_seed_r1,/media/ma/Data/AQUA-FE_WS_storage_offload/frontend_same_backend_supplemental_v1/runs/aqualoc_real/external_hybrid_xfeat_every2_fsbcs1_h07_0_1000_xfeat_seed_r1/vins_output/vio.csv,/media/ma/Data/AQUA-FE_WS_storage_offload/frontend_same_backend_supplemental_v1/runs/aqualoc_real/external_hybrid_xfeat_every2_fsbcs1_h07_0_1000_xfeat_seed_r1/vins.log,/media/ma/Data/AQUA-FE_WS_storage_offload/frontend_same_backend_supplemental_v1/runs/aqualoc_real/external_hybrid_xfeat_every2_fsbcs1_h07_0_1000_xfeat_seed_r1/frontend_metrics.csv,/media/ma/Data/AQUA-FE_WS_storage_offload/frontend_same_backend_supplemental_v1/runs/aqualoc_real/external_hybrid_xfeat_every2_fsbcs1_h07_0_1000_xfeat_seed_r1/features.bag,2ae5c452af52321e4c62328312ab17819b132523275ab90a228231cbbd09b9b3
h07_0_1000,xfeat_seed,XFeat-seed,2,PASS,0,1,489,0.976038,1.15139,50.019249,NONE,/media/ma/Data/AQUA-FE_WS_storage_offload/frontend_same_backend_supplemental_v1/runs/aqualoc_real/external_hybrid_xfeat_every2_fsbcs1_h07_0_1000_xfeat_seed_r2,/media/ma/Data/AQUA-FE_WS_storage_offload/frontend_same_backend_supplemental_v1/runs/aqualoc_real/external_hybrid_xfeat_every2_fsbcs1_h07_0_1000_xfeat_seed_r2/vins_output/vio.csv,/media/ma/Data/AQUA-FE_WS_storage_offload/frontend_same_backend_supplemental_v1/runs/aqualoc_real/external_hybrid_xfeat_every2_fsbcs1_h07_0_1000_xfeat_seed_r2/vins.log,/media/ma/Data/AQUA-FE_WS_storage_offload/frontend_same_backend_supplemental_v1/runs/aqualoc_real/external_hybrid_xfeat_every2_fsbcs1_h07_0_1000_xfeat_seed_r2/frontend_metrics.csv,/media/ma/Data/AQUA-FE_WS_storage_offload/frontend_same_backend_supplemental_v1/runs/aqualoc_real/external_hybrid_xfeat_every2_fsbcs1_h07_0_1000_xfeat_seed_r1/features.bag,2ae5c452af52321e4c62328312ab17819b132523275ab90a228231cbbd09b9b3
h07_0_1000,xfeat_seed,XFeat-seed,3,PASS,0,1,489,0.976038,1.15139,50.019249,NONE,/media/ma/Data/AQUA-FE_WS_storage_offload/frontend_same_backend_supplemental_v1/runs/aqualoc_real/external_hybrid_xfeat_every2_fsbcs1_h07_0_1000_xfeat_seed_r3,/media/ma/Data/AQUA-FE_WS_storage_offload/frontend_same_backend_supplemental_v1/runs/aqualoc_real/external_hybrid_xfeat_every2_fsbcs1_h07_0_1000_xfeat_seed_r3/vins_output/vio.csv,/media/ma/Data/AQUA-FE_WS_storage_offload/frontend_same_backend_supplemental_v1/runs/aqualoc_real/external_hybrid_xfeat_every2_fsbcs1_h07_0_1000_xfeat_seed_r3/vins.log,/media/ma/Data/AQUA-FE_WS_storage_offload/frontend_same_backend_supplemental_v1/runs/aqualoc_real/external_hybrid_xfeat_every2_fsbcs1_h07_0_1000_xfeat_seed_r3/frontend_metrics.csv,/media/ma/Data/AQUA-FE_WS_storage_offload/frontend_same_backend_supplemental_v1/runs/aqualoc_real/external_hybrid_xfeat_every2_fsbcs1_h07_0_1000_xfeat_seed_r1/features.bag,2ae5c452af52321e4c62328312ab17819b132523275ab90a228231cbbd09b9b3
h01_0_900,klt,KLT,1,PASS,0,1,426,0.944478,2.449259,45.017963,NONE,/media/ma/Data/AQUA-FE_WS_storage_offload/frontend_same_backend_supplemental_v1/runs/aqualoc_real/external_klt_every2_fsbcs1_h01_0_900_klt_r1,/media/ma/Data/AQUA-FE_WS_storage_offload/frontend_same_backend_supplemental_v1/runs/aqualoc_real/external_klt_every2_fsbcs1_h01_0_900_klt_r1/vins_output/vio.csv,/media/ma/Data/AQUA-FE_WS_storage_offload/frontend_same_backend_supplemental_v1/runs/aqualoc_real/external_klt_every2_fsbcs1_h01_0_900_klt_r1/vins.log,/media/ma/Data/AQUA-FE_WS_storage_offload/frontend_same_backend_supplemental_v1/runs/aqualoc_real/external_klt_every2_fsbcs1_h01_0_900_klt_r1/frontend_metrics.csv,/media/ma/Data/AQUA-FE_WS_storage_offload/frontend_same_backend_supplemental_v1/runs/aqualoc_real/external_klt_every2_fsbcs1_h01_0_900_klt_r1/features.bag,c36af68acfca37c233427b7b0183340d8bf367e5c996f2f79dcfe40d9601273c
h01_0_900,klt,KLT,2,PASS,0,1,426,0.944478,2.449259,45.017963,NONE,/media/ma/Data/AQUA-FE_WS_storage_offload/frontend_same_backend_supplemental_v1/runs/aqualoc_real/external_klt_every2_fsbcs1_h01_0_900_klt_r2,/media/ma/Data/AQUA-FE_WS_storage_offload/frontend_same_backend_supplemental_v1/runs/aqualoc_real/external_klt_every2_fsbcs1_h01_0_900_klt_r2/vins_output/vio.csv,/media/ma/Data/AQUA-FE_WS_storage_offload/frontend_same_backend_supplemental_v1/runs/aqualoc_real/external_klt_every2_fsbcs1_h01_0_900_klt_r2/vins.log,/media/ma/Data/AQUA-FE_WS_storage_offload/frontend_same_backend_supplemental_v1/runs/aqualoc_real/external_klt_every2_fsbcs1_h01_0_900_klt_r2/frontend_metrics.csv,/media/ma/Data/AQUA-FE_WS_storage_offload/frontend_same_backend_supplemental_v1/runs/aqualoc_real/external_klt_every2_fsbcs1_h01_0_900_klt_r1/features.bag,c36af68acfca37c233427b7b0183340d8bf367e5c996f2f79dcfe40d9601273c
h01_0_900,klt,KLT,3,PASS,0,1,426,0.944478,2.449259,45.017963,NONE,/media/ma/Data/AQUA-FE_WS_storage_offload/frontend_same_backend_supplemental_v1/runs/aqualoc_real/external_klt_every2_fsbcs1_h01_0_900_klt_r3,/media/ma/Data/AQUA-FE_WS_storage_offload/frontend_same_backend_supplemental_v1/runs/aqualoc_real/external_klt_every2_fsbcs1_h01_0_900_klt_r3/vins_output/vio.csv,/media/ma/Data/AQUA-FE_WS_storage_offload/frontend_same_backend_supplemental_v1/runs/aqualoc_real/external_klt_every2_fsbcs1_h01_0_900_klt_r3/vins.log,/media/ma/Data/AQUA-FE_WS_storage_offload/frontend_same_backend_supplemental_v1/runs/aqualoc_real/external_klt_every2_fsbcs1_h01_0_900_klt_r3/frontend_metrics.csv,/media/ma/Data/AQUA-FE_WS_storage_offload/frontend_same_backend_supplemental_v1/runs/aqualoc_real/external_klt_every2_fsbcs1_h01_0_900_klt_r1/features.bag,c36af68acfca37c233427b7b0183340d8bf367e5c996f2f79dcfe40d9601273c
h01_0_900,splg,SP+LG,1,PASS,0,1,426,0.944478,2.449259,45.017963,NONE,/media/ma/Data/AQUA-FE_WS_storage_offload/frontend_same_backend_supplemental_v1/runs/aqualoc_real/external_hybrid_superpoint_lightglue_every2_fsbcs1_h01_0_900_splg_r1,/media/ma/Data/AQUA-FE_WS_storage_offload/frontend_same_backend_supplemental_v1/runs/aqualoc_real/external_hybrid_superpoint_lightglue_every2_fsbcs1_h01_0_900_splg_r1/vins_output/vio.csv,/media/ma/Data/AQUA-FE_WS_storage_offload/frontend_same_backend_supplemental_v1/runs/aqualoc_real/external_hybrid_superpoint_lightglue_every2_fsbcs1_h01_0_900_splg_r1/vins.log,/media/ma/Data/AQUA-FE_WS_storage_offload/frontend_same_backend_supplemental_v1/runs/aqualoc_real/external_hybrid_superpoint_lightglue_every2_fsbcs1_h01_0_900_splg_r1/frontend_metrics.csv,/media/ma/Data/AQUA-FE_WS_storage_offload/frontend_same_backend_supplemental_v1/runs/aqualoc_real/external_hybrid_superpoint_lightglue_every2_fsbcs1_h01_0_900_splg_r1/features.bag,c36af68acfca37c233427b7b0183340d8bf367e5c996f2f79dcfe40d9601273c
h01_0_900,splg,SP+LG,2,PASS,0,1,426,0.944478,2.449259,45.017963,NONE,/media/ma/Data/AQUA-FE_WS_storage_offload/frontend_same_backend_supplemental_v1/runs/aqualoc_real/external_hybrid_superpoint_lightglue_every2_fsbcs1_h01_0_900_splg_r2,/media/ma/Data/AQUA-FE_WS_storage_offload/frontend_same_backend_supplemental_v1/runs/aqualoc_real/external_hybrid_superpoint_lightglue_every2_fsbcs1_h01_0_900_splg_r2/vins_output/vio.csv,/media/ma/Data/AQUA-FE_WS_storage_offload/frontend_same_backend_supplemental_v1/runs/aqualoc_real/external_hybrid_superpoint_lightglue_every2_fsbcs1_h01_0_900_splg_r2/vins.log,/media/ma/Data/AQUA-FE_WS_storage_offload/frontend_same_backend_supplemental_v1/runs/aqualoc_real/external_hybrid_superpoint_lightglue_every2_fsbcs1_h01_0_900_splg_r2/frontend_metrics.csv,/media/ma/Data/AQUA-FE_WS_storage_offload/frontend_same_backend_supplemental_v1/runs/aqualoc_real/external_hybrid_superpoint_lightglue_every2_fsbcs1_h01_0_900_splg_r1/features.bag,c36af68acfca37c233427b7b0183340d8bf367e5c996f2f79dcfe40d9601273c
h01_0_900,splg,SP+LG,3,PASS,0,1,426,0.944478,2.449259,45.017963,NONE,/media/ma/Data/AQUA-FE_WS_storage_offload/frontend_same_backend_supplemental_v1/runs/aqualoc_real/external_hybrid_superpoint_lightglue_every2_fsbcs1_h01_0_900_splg_r3,/media/ma/Data/AQUA-FE_WS_storage_offload/frontend_same_backend_supplemental_v1/runs/aqualoc_real/external_hybrid_superpoint_lightglue_every2_fsbcs1_h01_0_900_splg_r3/vins_output/vio.csv,/media/ma/Data/AQUA-FE_WS_storage_offload/frontend_same_backend_supplemental_v1/runs/aqualoc_real/external_hybrid_superpoint_lightglue_every2_fsbcs1_h01_0_900_splg_r3/vins.log,/media/ma/Data/AQUA-FE_WS_storage_offload/frontend_same_backend_supplemental_v1/runs/aqualoc_real/external_hybrid_superpoint_lightglue_every2_fsbcs1_h01_0_900_splg_r3/frontend_metrics.csv,/media/ma/Data/AQUA-FE_WS_storage_offload/frontend_same_backend_supplemental_v1/runs/aqualoc_real/external_hybrid_superpoint_lightglue_every2_fsbcs1_h01_0_900_splg_r1/features.bag,c36af68acfca37c233427b7b0183340d8bf367e5c996f2f79dcfe40d9601273c
h01_0_900,xfeat_seed,XFeat-seed,1,PASS,0,1,426,0.944478,2.449259,45.017963,NONE,/media/ma/Data/AQUA-FE_WS_storage_offload/frontend_same_backend_supplemental_v1/runs/aqualoc_real/external_hybrid_xfeat_every2_fsbcs1_h01_0_900_xfeat_seed_r1,/media/ma/Data/AQUA-FE_WS_storage_offload/frontend_same_backend_supplemental_v1/runs/aqualoc_real/external_hybrid_xfeat_every2_fsbcs1_h01_0_900_xfeat_seed_r1/vins_output/vio.csv,/media/ma/Data/AQUA-FE_WS_storage_offload/frontend_same_backend_supplemental_v1/runs/aqualoc_real/external_hybrid_xfeat_every2_fsbcs1_h01_0_900_xfeat_seed_r1/vins.log,/media/ma/Data/AQUA-FE_WS_storage_offload/frontend_same_backend_supplemental_v1/runs/aqualoc_real/external_hybrid_xfeat_every2_fsbcs1_h01_0_900_xfeat_seed_r1/frontend_metrics.csv,/media/ma/Data/AQUA-FE_WS_storage_offload/frontend_same_backend_supplemental_v1/runs/aqualoc_real/external_hybrid_xfeat_every2_fsbcs1_h01_0_900_xfeat_seed_r1/features.bag,c36af68acfca37c233427b7b0183340d8bf367e5c996f2f79dcfe40d9601273c
h01_0_900,xfeat_seed,XFeat-seed,2,PASS,0,1,426,0.944478,2.449259,45.017963,NONE,/media/ma/Data/AQUA-FE_WS_storage_offload/frontend_same_backend_supplemental_v1/runs/aqualoc_real/external_hybrid_xfeat_every2_fsbcs1_h01_0_900_xfeat_seed_r2,/media/ma/Data/AQUA-FE_WS_storage_offload/frontend_same_backend_supplemental_v1/runs/aqualoc_real/external_hybrid_xfeat_every2_fsbcs1_h01_0_900_xfeat_seed_r2/vins_output/vio.csv,/media/ma/Data/AQUA-FE_WS_storage_offload/frontend_same_backend_supplemental_v1/runs/aqualoc_real/external_hybrid_xfeat_every2_fsbcs1_h01_0_900_xfeat_seed_r2/vins.log,/media/ma/Data/AQUA-FE_WS_storage_offload/frontend_same_backend_supplemental_v1/runs/aqualoc_real/external_hybrid_xfeat_every2_fsbcs1_h01_0_900_xfeat_seed_r2/frontend_metrics.csv,/media/ma/Data/AQUA-FE_WS_storage_offload/frontend_same_backend_supplemental_v1/runs/aqualoc_real/external_hybrid_xfeat_every2_fsbcs1_h01_0_900_xfeat_seed_r1/features.bag,c36af68acfca37c233427b7b0183340d8bf367e5c996f2f79dcfe40d9601273c
h01_0_900,xfeat_seed,XFeat-seed,3,PASS,0,1,426,0.944478,2.449259,45.017963,NONE,/media/ma/Data/AQUA-FE_WS_storage_offload/frontend_same_backend_supplemental_v1/runs/aqualoc_real/external_hybrid_xfeat_every2_fsbcs1_h01_0_900_xfeat_seed_r3,/media/ma/Data/AQUA-FE_WS_storage_offload/frontend_same_backend_supplemental_v1/runs/aqualoc_real/external_hybrid_xfeat_every2_fsbcs1_h01_0_900_xfeat_seed_r3/vins_output/vio.csv,/media/ma/Data/AQUA-FE_WS_storage_offload/frontend_same_backend_supplemental_v1/runs/aqualoc_real/external_hybrid_xfeat_every2_fsbcs1_h01_0_900_xfeat_seed_r3/vins.log,/media/ma/Data/AQUA-FE_WS_storage_offload/frontend_same_backend_supplemental_v1/runs/aqualoc_real/external_hybrid_xfeat_every2_fsbcs1_h01_0_900_xfeat_seed_r3/frontend_metrics.csv,/media/ma/Data/AQUA-FE_WS_storage_offload/frontend_same_backend_supplemental_v1/runs/aqualoc_real/external_hybrid_xfeat_every2_fsbcs1_h01_0_900_xfeat_seed_r1/features.bag,c36af68acfca37c233427b7b0183340d8bf367e5c996f2f79dcfe40d9601273c
fjord5_s60_d30,klt,KLT,1,PASS,0,1,290,0.963782,1.036031,29.985689,NONE,/media/ma/Data/AQUA-FE_WS_storage_offload/frontend_same_backend_supplemental_v1/runs/ntnu/external_klt_every2_fsbcs1_fjord5_s60_d30_klt_r1,/media/ma/Data/AQUA-FE_WS_storage_offload/frontend_same_backend_supplemental_v1/runs/ntnu/external_klt_every2_fsbcs1_fjord5_s60_d30_klt_r1/vins_output/vio.csv,/media/ma/Data/AQUA-FE_WS_storage_offload/frontend_same_backend_supplemental_v1/runs/ntnu/external_klt_every2_fsbcs1_fjord5_s60_d30_klt_r1/vins.log,/media/ma/Data/AQUA-FE_WS_storage_offload/frontend_same_backend_supplemental_v1/runs/ntnu/external_klt_every2_fsbcs1_fjord5_s60_d30_klt_r1/frontend_metrics.csv,/media/ma/Data/AQUA-FE_WS_storage_offload/frontend_same_backend_supplemental_v1/runs/ntnu/external_klt_every2_fsbcs1_fjord5_s60_d30_klt_r1/features.bag,f307aec0d22887cfdc0dd05f477c4785c5e5ede3169b595f905fd64222431957
fjord5_s60_d30,klt,KLT,2,PASS,0,1,290,0.963782,1.036031,29.985689,NONE,/media/ma/Data/AQUA-FE_WS_storage_offload/frontend_same_backend_supplemental_v1/runs/ntnu/external_klt_every2_fsbcs1_fjord5_s60_d30_klt_r2,/media/ma/Data/AQUA-FE_WS_storage_offload/frontend_same_backend_supplemental_v1/runs/ntnu/external_klt_every2_fsbcs1_fjord5_s60_d30_klt_r2/vins_output/vio.csv,/media/ma/Data/AQUA-FE_WS_storage_offload/frontend_same_backend_supplemental_v1/runs/ntnu/external_klt_every2_fsbcs1_fjord5_s60_d30_klt_r2/vins.log,/media/ma/Data/AQUA-FE_WS_storage_offload/frontend_same_backend_supplemental_v1/runs/ntnu/external_klt_every2_fsbcs1_fjord5_s60_d30_klt_r2/frontend_metrics.csv,/media/ma/Data/AQUA-FE_WS_storage_offload/frontend_same_backend_supplemental_v1/runs/ntnu/external_klt_every2_fsbcs1_fjord5_s60_d30_klt_r1/features.bag,f307aec0d22887cfdc0dd05f477c4785c5e5ede3169b595f905fd64222431957
fjord5_s60_d30,klt,KLT,3,PASS,0,1,290,0.963782,1.036031,29.985689,NONE,/media/ma/Data/AQUA-FE_WS_storage_offload/frontend_same_backend_supplemental_v1/runs/ntnu/external_klt_every2_fsbcs1_fjord5_s60_d30_klt_r3,/media/ma/Data/AQUA-FE_WS_storage_offload/frontend_same_backend_supplemental_v1/runs/ntnu/external_klt_every2_fsbcs1_fjord5_s60_d30_klt_r3/vins_output/vio.csv,/media/ma/Data/AQUA-FE_WS_storage_offload/frontend_same_backend_supplemental_v1/runs/ntnu/external_klt_every2_fsbcs1_fjord5_s60_d30_klt_r3/vins.log,/media/ma/Data/AQUA-FE_WS_storage_offload/frontend_same_backend_supplemental_v1/runs/ntnu/external_klt_every2_fsbcs1_fjord5_s60_d30_klt_r3/frontend_metrics.csv,/media/ma/Data/AQUA-FE_WS_storage_offload/frontend_same_backend_supplemental_v1/runs/ntnu/external_klt_every2_fsbcs1_fjord5_s60_d30_klt_r1/features.bag,f307aec0d22887cfdc0dd05f477c4785c5e5ede3169b595f905fd64222431957
fjord5_s60_d30,splg,SP+LG,1,PASS,0,1,290,0.963782,1.036031,29.985689,NONE,/media/ma/Data/AQUA-FE_WS_storage_offload/frontend_same_backend_supplemental_v1/runs/ntnu/external_hybrid_superpoint_lightglue_every2_fsbcs1_fjord5_s60_d30_splg_r1,/media/ma/Data/AQUA-FE_WS_storage_offload/frontend_same_backend_supplemental_v1/runs/ntnu/external_hybrid_superpoint_lightglue_every2_fsbcs1_fjord5_s60_d30_splg_r1/vins_output/vio.csv,/media/ma/Data/AQUA-FE_WS_storage_offload/frontend_same_backend_supplemental_v1/runs/ntnu/external_hybrid_superpoint_lightglue_every2_fsbcs1_fjord5_s60_d30_splg_r1/vins.log,/media/ma/Data/AQUA-FE_WS_storage_offload/frontend_same_backend_supplemental_v1/runs/ntnu/external_hybrid_superpoint_lightglue_every2_fsbcs1_fjord5_s60_d30_splg_r1/frontend_metrics.csv,/media/ma/Data/AQUA-FE_WS_storage_offload/frontend_same_backend_supplemental_v1/runs/ntnu/external_hybrid_superpoint_lightglue_every2_fsbcs1_fjord5_s60_d30_splg_r1/features.bag,f307aec0d22887cfdc0dd05f477c4785c5e5ede3169b595f905fd64222431957
fjord5_s60_d30,splg,SP+LG,2,PASS,0,1,290,0.963782,1.036031,29.985689,NONE,/media/ma/Data/AQUA-FE_WS_storage_offload/frontend_same_backend_supplemental_v1/runs/ntnu/external_hybrid_superpoint_lightglue_every2_fsbcs1_fjord5_s60_d30_splg_r2,/media/ma/Data/AQUA-FE_WS_storage_offload/frontend_same_backend_supplemental_v1/runs/ntnu/external_hybrid_superpoint_lightglue_every2_fsbcs1_fjord5_s60_d30_splg_r2/vins_output/vio.csv,/media/ma/Data/AQUA-FE_WS_storage_offload/frontend_same_backend_supplemental_v1/runs/ntnu/external_hybrid_superpoint_lightglue_every2_fsbcs1_fjord5_s60_d30_splg_r2/vins.log,/media/ma/Data/AQUA-FE_WS_storage_offload/frontend_same_backend_supplemental_v1/runs/ntnu/external_hybrid_superpoint_lightglue_every2_fsbcs1_fjord5_s60_d30_splg_r2/frontend_metrics.csv,/media/ma/Data/AQUA-FE_WS_storage_offload/frontend_same_backend_supplemental_v1/runs/ntnu/external_hybrid_superpoint_lightglue_every2_fsbcs1_fjord5_s60_d30_splg_r1/features.bag,f307aec0d22887cfdc0dd05f477c4785c5e5ede3169b595f905fd64222431957
fjord5_s60_d30,splg,SP+LG,3,PASS,0,1,290,0.963782,1.036031,29.985689,NONE,/media/ma/Data/AQUA-FE_WS_storage_offload/frontend_same_backend_supplemental_v1/runs/ntnu/external_hybrid_superpoint_lightglue_every2_fsbcs1_fjord5_s60_d30_splg_r3,/media/ma/Data/AQUA-FE_WS_storage_offload/frontend_same_backend_supplemental_v1/runs/ntnu/external_hybrid_superpoint_lightglue_every2_fsbcs1_fjord5_s60_d30_splg_r3/vins_output/vio.csv,/media/ma/Data/AQUA-FE_WS_storage_offload/frontend_same_backend_supplemental_v1/runs/ntnu/external_hybrid_superpoint_lightglue_every2_fsbcs1_fjord5_s60_d30_splg_r3/vins.log,/media/ma/Data/AQUA-FE_WS_storage_offload/frontend_same_backend_supplemental_v1/runs/ntnu/external_hybrid_superpoint_lightglue_every2_fsbcs1_fjord5_s60_d30_splg_r3/frontend_metrics.csv,/media/ma/Data/AQUA-FE_WS_storage_offload/frontend_same_backend_supplemental_v1/runs/ntnu/external_hybrid_superpoint_lightglue_every2_fsbcs1_fjord5_s60_d30_splg_r1/features.bag,f307aec0d22887cfdc0dd05f477c4785c5e5ede3169b595f905fd64222431957
fjord5_s60_d30,xfeat_seed,XFeat-seed,1,PASS,0,1,290,0.963782,1.036031,29.985689,NONE,/media/ma/Data/AQUA-FE_WS_storage_offload/frontend_same_backend_supplemental_v1/runs/ntnu/external_hybrid_xfeat_every2_fsbcs1_fjord5_s60_d30_xfeat_seed_r1,/media/ma/Data/AQUA-FE_WS_storage_offload/frontend_same_backend_supplemental_v1/runs/ntnu/external_hybrid_xfeat_every2_fsbcs1_fjord5_s60_d30_xfeat_seed_r1/vins_output/vio.csv,/media/ma/Data/AQUA-FE_WS_storage_offload/frontend_same_backend_supplemental_v1/runs/ntnu/external_hybrid_xfeat_every2_fsbcs1_fjord5_s60_d30_xfeat_seed_r1/vins.log,/media/ma/Data/AQUA-FE_WS_storage_offload/frontend_same_backend_supplemental_v1/runs/ntnu/external_hybrid_xfeat_every2_fsbcs1_fjord5_s60_d30_xfeat_seed_r1/frontend_metrics.csv,/media/ma/Data/AQUA-FE_WS_storage_offload/frontend_same_backend_supplemental_v1/runs/ntnu/external_hybrid_xfeat_every2_fsbcs1_fjord5_s60_d30_xfeat_seed_r1/features.bag,234c04d886e5ff88e01e45690bc5754a8fa8f2bc63ca64c5713883246e6af955
fjord5_s60_d30,xfeat_seed,XFeat-seed,2,PASS,0,1,290,0.963782,1.036031,29.985689,NONE,/media/ma/Data/AQUA-FE_WS_storage_offload/frontend_same_backend_supplemental_v1/runs/ntnu/external_hybrid_xfeat_every2_fsbcs1_fjord5_s60_d30_xfeat_seed_r2,/media/ma/Data/AQUA-FE_WS_storage_offload/frontend_same_backend_supplemental_v1/runs/ntnu/external_hybrid_xfeat_every2_fsbcs1_fjord5_s60_d30_xfeat_seed_r2/vins_output/vio.csv,/media/ma/Data/AQUA-FE_WS_storage_offload/frontend_same_backend_supplemental_v1/runs/ntnu/external_hybrid_xfeat_every2_fsbcs1_fjord5_s60_d30_xfeat_seed_r2/vins.log,/media/ma/Data/AQUA-FE_WS_storage_offload/frontend_same_backend_supplemental_v1/runs/ntnu/external_hybrid_xfeat_every2_fsbcs1_fjord5_s60_d30_xfeat_seed_r2/frontend_metrics.csv,/media/ma/Data/AQUA-FE_WS_storage_offload/frontend_same_backend_supplemental_v1/runs/ntnu/external_hybrid_xfeat_every2_fsbcs1_fjord5_s60_d30_xfeat_seed_r1/features.bag,234c04d886e5ff88e01e45690bc5754a8fa8f2bc63ca64c5713883246e6af955
fjord5_s60_d30,xfeat_seed,XFeat-seed,3,PASS,0,1,290,0.963782,1.036031,29.985689,NONE,/media/ma/Data/AQUA-FE_WS_storage_offload/frontend_same_backend_supplemental_v1/runs/ntnu/external_hybrid_xfeat_every2_fsbcs1_fjord5_s60_d30_xfeat_seed_r3,/media/ma/Data/AQUA-FE_WS_storage_offload/frontend_same_backend_supplemental_v1/runs/ntnu/external_hybrid_xfeat_every2_fsbcs1_fjord5_s60_d30_xfeat_seed_r3/vins_output/vio.csv,/media/ma/Data/AQUA-FE_WS_storage_offload/frontend_same_backend_supplemental_v1/runs/ntnu/external_hybrid_xfeat_every2_fsbcs1_fjord5_s60_d30_xfeat_seed_r3/vins.log,/media/ma/Data/AQUA-FE_WS_storage_offload/frontend_same_backend_supplemental_v1/runs/ntnu/external_hybrid_xfeat_every2_fsbcs1_fjord5_s60_d30_xfeat_seed_r3/frontend_metrics.csv,/media/ma/Data/AQUA-FE_WS_storage_offload/frontend_same_backend_supplemental_v1/runs/ntnu/external_hybrid_xfeat_every2_fsbcs1_fjord5_s60_d30_xfeat_seed_r1/features.bag,234c04d886e5ff88e01e45690bc5754a8fa8f2bc63ca64c5713883246e6af955
fjord6_s45_d45,klt,KLT,1,PASS,0,1,440,0.976385,1.001665,44.961276,NONE,/media/ma/Data/AQUA-FE_WS_storage_offload/frontend_same_backend_supplemental_v1/runs/ntnu/external_klt_every2_fsbcs1_fjord6_s45_d45_klt_r1,/media/ma/Data/AQUA-FE_WS_storage_offload/frontend_same_backend_supplemental_v1/runs/ntnu/external_klt_every2_fsbcs1_fjord6_s45_d45_klt_r1/vins_output/vio.csv,/media/ma/Data/AQUA-FE_WS_storage_offload/frontend_same_backend_supplemental_v1/runs/ntnu/external_klt_every2_fsbcs1_fjord6_s45_d45_klt_r1/vins.log,/media/ma/Data/AQUA-FE_WS_storage_offload/frontend_same_backend_supplemental_v1/runs/ntnu/external_klt_every2_fsbcs1_fjord6_s45_d45_klt_r1/frontend_metrics.csv,/media/ma/Data/AQUA-FE_WS_storage_offload/frontend_same_backend_supplemental_v1/runs/ntnu/external_klt_every2_fsbcs1_fjord6_s45_d45_klt_r1/features.bag,696df2e5521633af96906179b4d59b8bf70d68cc5153faa96094be3574e0ed6c
fjord6_s45_d45,klt,KLT,2,PASS,0,1,440,0.976385,1.001665,44.961276,NONE,/media/ma/Data/AQUA-FE_WS_storage_offload/frontend_same_backend_supplemental_v1/runs/ntnu/external_klt_every2_fsbcs1_fjord6_s45_d45_klt_r2,/media/ma/Data/AQUA-FE_WS_storage_offload/frontend_same_backend_supplemental_v1/runs/ntnu/external_klt_every2_fsbcs1_fjord6_s45_d45_klt_r2/vins_output/vio.csv,/media/ma/Data/AQUA-FE_WS_storage_offload/frontend_same_backend_supplemental_v1/runs/ntnu/external_klt_every2_fsbcs1_fjord6_s45_d45_klt_r2/vins.log,/media/ma/Data/AQUA-FE_WS_storage_offload/frontend_same_backend_supplemental_v1/runs/ntnu/external_klt_every2_fsbcs1_fjord6_s45_d45_klt_r2/frontend_metrics.csv,/media/ma/Data/AQUA-FE_WS_storage_offload/frontend_same_backend_supplemental_v1/runs/ntnu/external_klt_every2_fsbcs1_fjord6_s45_d45_klt_r1/features.bag,696df2e5521633af96906179b4d59b8bf70d68cc5153faa96094be3574e0ed6c
fjord6_s45_d45,klt,KLT,3,PASS,0,1,440,0.976385,1.001665,44.961276,NONE,/media/ma/Data/AQUA-FE_WS_storage_offload/frontend_same_backend_supplemental_v1/runs/ntnu/external_klt_every2_fsbcs1_fjord6_s45_d45_klt_r3,/media/ma/Data/AQUA-FE_WS_storage_offload/frontend_same_backend_supplemental_v1/runs/ntnu/external_klt_every2_fsbcs1_fjord6_s45_d45_klt_r3/vins_output/vio.csv,/media/ma/Data/AQUA-FE_WS_storage_offload/frontend_same_backend_supplemental_v1/runs/ntnu/external_klt_every2_fsbcs1_fjord6_s45_d45_klt_r3/vins.log,/media/ma/Data/AQUA-FE_WS_storage_offload/frontend_same_backend_supplemental_v1/runs/ntnu/external_klt_every2_fsbcs1_fjord6_s45_d45_klt_r3/frontend_metrics.csv,/media/ma/Data/AQUA-FE_WS_storage_offload/frontend_same_backend_supplemental_v1/runs/ntnu/external_klt_every2_fsbcs1_fjord6_s45_d45_klt_r1/features.bag,696df2e5521633af96906179b4d59b8bf70d68cc5153faa96094be3574e0ed6c
fjord6_s45_d45,splg,SP+LG,1,PASS,0,1,440,0.976385,1.001665,44.961276,NONE,/media/ma/Data/AQUA-FE_WS_storage_offload/frontend_same_backend_supplemental_v1/runs/ntnu/external_hybrid_superpoint_lightglue_every2_fsbcs1_fjord6_s45_d45_splg_r1,/media/ma/Data/AQUA-FE_WS_storage_offload/frontend_same_backend_supplemental_v1/runs/ntnu/external_hybrid_superpoint_lightglue_every2_fsbcs1_fjord6_s45_d45_splg_r1/vins_output/vio.csv,/media/ma/Data/AQUA-FE_WS_storage_offload/frontend_same_backend_supplemental_v1/runs/ntnu/external_hybrid_superpoint_lightglue_every2_fsbcs1_fjord6_s45_d45_splg_r1/vins.log,/media/ma/Data/AQUA-FE_WS_storage_offload/frontend_same_backend_supplemental_v1/runs/ntnu/external_hybrid_superpoint_lightglue_every2_fsbcs1_fjord6_s45_d45_splg_r1/frontend_metrics.csv,/media/ma/Data/AQUA-FE_WS_storage_offload/frontend_same_backend_supplemental_v1/runs/ntnu/external_hybrid_superpoint_lightglue_every2_fsbcs1_fjord6_s45_d45_splg_r1/features.bag,e22f0e2a4130bd72a1eb1ff050501e147bf5fe35779b196ad99de515d286c736
fjord6_s45_d45,splg,SP+LG,2,PASS,0,1,440,0.976385,1.001665,44.961276,NONE,/media/ma/Data/AQUA-FE_WS_storage_offload/frontend_same_backend_supplemental_v1/runs/ntnu/external_hybrid_superpoint_lightglue_every2_fsbcs1_fjord6_s45_d45_splg_r2,/media/ma/Data/AQUA-FE_WS_storage_offload/frontend_same_backend_supplemental_v1/runs/ntnu/external_hybrid_superpoint_lightglue_every2_fsbcs1_fjord6_s45_d45_splg_r2/vins_output/vio.csv,/media/ma/Data/AQUA-FE_WS_storage_offload/frontend_same_backend_supplemental_v1/runs/ntnu/external_hybrid_superpoint_lightglue_every2_fsbcs1_fjord6_s45_d45_splg_r2/vins.log,/media/ma/Data/AQUA-FE_WS_storage_offload/frontend_same_backend_supplemental_v1/runs/ntnu/external_hybrid_superpoint_lightglue_every2_fsbcs1_fjord6_s45_d45_splg_r2/frontend_metrics.csv,/media/ma/Data/AQUA-FE_WS_storage_offload/frontend_same_backend_supplemental_v1/runs/ntnu/external_hybrid_superpoint_lightglue_every2_fsbcs1_fjord6_s45_d45_splg_r1/features.bag,e22f0e2a4130bd72a1eb1ff050501e147bf5fe35779b196ad99de515d286c736
fjord6_s45_d45,splg,SP+LG,3,PASS,0,1,440,0.976385,1.001665,44.961276,NONE,/media/ma/Data/AQUA-FE_WS_storage_offload/frontend_same_backend_supplemental_v1/runs/ntnu/external_hybrid_superpoint_lightglue_every2_fsbcs1_fjord6_s45_d45_splg_r3,/media/ma/Data/AQUA-FE_WS_storage_offload/frontend_same_backend_supplemental_v1/runs/ntnu/external_hybrid_superpoint_lightglue_every2_fsbcs1_fjord6_s45_d45_splg_r3/vins_output/vio.csv,/media/ma/Data/AQUA-FE_WS_storage_offload/frontend_same_backend_supplemental_v1/runs/ntnu/external_hybrid_superpoint_lightglue_every2_fsbcs1_fjord6_s45_d45_splg_r3/vins.log,/media/ma/Data/AQUA-FE_WS_storage_offload/frontend_same_backend_supplemental_v1/runs/ntnu/external_hybrid_superpoint_lightglue_every2_fsbcs1_fjord6_s45_d45_splg_r3/frontend_metrics.csv,/media/ma/Data/AQUA-FE_WS_storage_offload/frontend_same_backend_supplemental_v1/runs/ntnu/external_hybrid_superpoint_lightglue_every2_fsbcs1_fjord6_s45_d45_splg_r1/features.bag,e22f0e2a4130bd72a1eb1ff050501e147bf5fe35779b196ad99de515d286c736
fjord6_s45_d45,xfeat_seed,XFeat-seed,1,PASS,0,1,440,0.976385,1.001665,44.961276,NONE,/media/ma/Data/AQUA-FE_WS_storage_offload/frontend_same_backend_supplemental_v1/runs/ntnu/external_hybrid_xfeat_every2_fsbcs1_fjord6_s45_d45_xfeat_seed_r1,/media/ma/Data/AQUA-FE_WS_storage_offload/frontend_same_backend_supplemental_v1/runs/ntnu/external_hybrid_xfeat_every2_fsbcs1_fjord6_s45_d45_xfeat_seed_r1/vins_output/vio.csv,/media/ma/Data/AQUA-FE_WS_storage_offload/frontend_same_backend_supplemental_v1/runs/ntnu/external_hybrid_xfeat_every2_fsbcs1_fjord6_s45_d45_xfeat_seed_r1/vins.log,/media/ma/Data/AQUA-FE_WS_storage_offload/frontend_same_backend_supplemental_v1/runs/ntnu/external_hybrid_xfeat_every2_fsbcs1_fjord6_s45_d45_xfeat_seed_r1/frontend_metrics.csv,/media/ma/Data/AQUA-FE_WS_storage_offload/frontend_same_backend_supplemental_v1/runs/ntnu/external_hybrid_xfeat_every2_fsbcs1_fjord6_s45_d45_xfeat_seed_r1/features.bag,f00e7b8efae4367582b584c355c6953ef185f89fa10785a73347b9b217c9ebe0
fjord6_s45_d45,xfeat_seed,XFeat-seed,2,PASS,0,1,440,0.976385,1.001665,44.961276,NONE,/media/ma/Data/AQUA-FE_WS_storage_offload/frontend_same_backend_supplemental_v1/runs/ntnu/external_hybrid_xfeat_every2_fsbcs1_fjord6_s45_d45_xfeat_seed_r2,/media/ma/Data/AQUA-FE_WS_storage_offload/frontend_same_backend_supplemental_v1/runs/ntnu/external_hybrid_xfeat_every2_fsbcs1_fjord6_s45_d45_xfeat_seed_r2/vins_output/vio.csv,/media/ma/Data/AQUA-FE_WS_storage_offload/frontend_same_backend_supplemental_v1/runs/ntnu/external_hybrid_xfeat_every2_fsbcs1_fjord6_s45_d45_xfeat_seed_r2/vins.log,/media/ma/Data/AQUA-FE_WS_storage_offload/frontend_same_backend_supplemental_v1/runs/ntnu/external_hybrid_xfeat_every2_fsbcs1_fjord6_s45_d45_xfeat_seed_r2/frontend_metrics.csv,/media/ma/Data/AQUA-FE_WS_storage_offload/frontend_same_backend_supplemental_v1/runs/ntnu/external_hybrid_xfeat_every2_fsbcs1_fjord6_s45_d45_xfeat_seed_r1/features.bag,f00e7b8efae4367582b584c355c6953ef185f89fa10785a73347b9b217c9ebe0
fjord6_s45_d45,xfeat_seed,XFeat-seed,3,PASS,0,1,440,0.976385,1.001665,44.961276,NONE,/media/ma/Data/AQUA-FE_WS_storage_offload/frontend_same_backend_supplemental_v1/runs/ntnu/external_hybrid_xfeat_every2_fsbcs1_fjord6_s45_d45_xfeat_seed_r3,/media/ma/Data/AQUA-FE_WS_storage_offload/frontend_same_backend_supplemental_v1/runs/ntnu/external_hybrid_xfeat_every2_fsbcs1_fjord6_s45_d45_xfeat_seed_r3/vins_output/vio.csv,/media/ma/Data/AQUA-FE_WS_storage_offload/frontend_same_backend_supplemental_v1/runs/ntnu/external_hybrid_xfeat_every2_fsbcs1_fjord6_s45_d45_xfeat_seed_r3/vins.log,/media/ma/Data/AQUA-FE_WS_storage_offload/frontend_same_backend_supplemental_v1/runs/ntnu/external_hybrid_xfeat_every2_fsbcs1_fjord6_s45_d45_xfeat_seed_r3/frontend_metrics.csv,/media/ma/Data/AQUA-FE_WS_storage_offload/frontend_same_backend_supplemental_v1/runs/ntnu/external_hybrid_xfeat_every2_fsbcs1_fjord6_s45_d45_xfeat_seed_r1/features.bag,f00e7b8efae4367582b584c355c6953ef185f89fa10785a73347b9b217c9ebe0
