arm,matched_count,rpe_pairs,fixed_se3_ape_rmse_m,fixed_se3_ape_median_m,fixed_se3_rpe_rmse_m,fixed_se3_rpe_median_m,sim3_scale,sim3_ape_rmse_m,sim3_ape_median_m,sim3_rpe_rmse_m,sim3_rpe_median_m
klt_r1,38,37,1242.140001754619,1003.8707962716705,150.84681657767342,92.26743550482917,0.0014739942969592388,1.270550508490756,1.1429494062410341,0.22450232892594446,0.23366042079242885
klt_r2,38,37,1242.1754228335499,1003.9069238042257,150.84929442809477,92.27140982649848,0.001473958048279864,1.2705402225068914,1.142931371558015,0.2245001479064606,0.23365883800984819
klt_r3,38,37,1242.1231095425812,1003.8698611095954,150.84187605814932,92.26785128164674,0.0014740218151768122,1.2705370202933461,1.1429238334032632,0.2244991384081729,0.23365784856318567
learned_r1,38,37,1242.0872100610559,1003.845707194793,150.83661593605822,92.2663067000719,0.0014740672267297807,1.2705318580369749,1.1429139403655868,0.2244980980645175,0.2336564463316414
learned_r2,38,37,1242.1232837331465,1003.8691819596072,150.84216093102984,92.26805642887504,0.0014740206728034533,1.2705387030770567,1.1429268059400965,0.22449943922759252,0.233658050563644
learned_r3,38,37,1242.09878109709,1003.8518065760218,150.83878345620516,92.26666825225671,0.0014740514650271937,1.270535543593793,1.14292079591986,0.22449890921115212,0.23365718820037865
matched_r1,38,37,1242.1572778626307,1003.8808554155677,150.8497434399168,92.26767931097982,0.001473971140315629,1.2705553382766044,1.1429584114665028,0.2245032649149479,0.23366148793392397
matched_r2,38,37,1242.1136401889353,1003.8646272251653,150.84016371973127,92.26778614370146,0.0014740333657692487,1.2705364273095854,1.1429221342181257,0.22449856281208982,0.23365775452274393
matched_r3,38,37,1291.2595138335148,1045.2710584230113,156.39746913510535,95.9107509181256,0.0014199935379185593,1.2668225238036448,1.1367625964424932,0.2238474984346286,0.23312113513464475
